,Plate information ,Unnamed: 1,Unnamed: 2,Unnamed: 3,Unnamed: 4,Unnamed: 5,Unnamed: 6,Unnamed: 7,Unnamed: 8,Unnamed: 9,Unnamed: 10,Unnamed: 11,Unnamed: 12,Unnamed: 13,Unnamed: 14,Unnamed: 15,Unnamed: 16,Unnamed: 17,Unnamed: 18,Unnamed: 19,Unnamed: 20,Unnamed: 21,Unnamed: 22,Unnamed: 23,Unnamed: 24,Unnamed: 25,Unnamed: 26,Unnamed: 27,Unnamed: 28,Unnamed: 29,Unnamed: 30,Unnamed: 31
0,Plate,Repeat,Barcode,Measured height,Chamber temperature at start,Chamber temperature at end,Humidity at start,Humidity at end,Ambient temperature at start,Ambient temperature at end,Formula,Measurement date,,,,,,,,,,,,,,,,,,,,
1,1,1,5035,,,,,,,,Calc 1: Z' = 1 - ((3 * SD(High) + 3 * SD(Low)) / Abs(Avg(High) - Avg(Low))) where Label: Jez US LUM 384 (cps)(1) channel 1  High = Z_High  Low = Z_Low,5/19/23 15:02,,,,,,,,,,,,,,,,,,,,
2,,,,,,,,,,,,,,,,,,,,,,,,,,,,,,,,
3,Background information,,,,,,,,,,,,,,,,,,,,,,,,,,,,,,,
4,Plate,Label,Result,Signal,Flashes/Time,Meastime,MeasInfo,,,,,,,,,,,,,,,,,,,,,,,,,
5,1,Jez US LUM 384 (cps),0,8,0.1,00:00.0,De=USLum Ex=N/A Em=N/A Wdw=N/A (12),,,,,,,,,,,,,,,,,,,,,,,,,
6,,,,,,,,,,,,,,,,,,,,,,,,,,,,,,,,
7,Calculated results: Calc 1: Z' = 1 - ((3 * SD(High) + 3 * SD(Low)) / Abs(Avg(High) - Avg(Low))) where Label: Jez US LUM 384 (cps)(1) channel 1  High = Z_High  Low = Z_Low,,,,,,,,,,,,,,,,,,,,,,,,,,,,,,,
8,,1,2,3,4,5,6,7,8,9,10,11,12,13,14,15,16,17,18,19,20,21,22,23,24,,,,,,,
9,A,0.895379328,0.895379328,,,,,,,,,,,,,,,,,,,,,,0.895379328,,,,,,,
10,B,0.895379328,0.895379328,,,,,,,,,,,,,,,,,,,,,,0.895379328,,,,,,,
11,C,0.895379328,0.895379328,,,,,,,,,,,,,,,,,,,,,,0.895379328,,,,,,,
12,D,0.895379328,0.895379328,,,,,,,,,,,,,,,,,,,,,,0.895379328,,,,,,,
13,E,0.895379328,0.895379328,,,,,,,,,,,,,,,,,,,,,,0.895379328,,,,,,,
14,F,0.895379328,0.895379328,,,,,,,,,,,,,,,,,,,,,,0.895379328,,,,,,,
15,G,0.895379328,0.895379328,,,,,,,,,,,,,,,,,,,,,,0.895379328,,,,,,,
16,H,0.895379328,0.895379328,,,,,,,,,,,,,,,,,,,,,,0.895379328,,,,,,,
17,I,0.895379328,0.895379328,,,,,,,,,,,,,,,,,,,,,,0.895379328,,,,,,,
18,J,0.895379328,0.895379328,,,,,,,,,,,,,,,,,,,,,,0.895379328,,,,,,,
19,K,0.895379328,0.895379328,,,,,,,,,,,,,,,,,,,,,,0.895379328,,,,,,,
20,L,0.895379328,0.895379328,,,,,,,,,,,,,,,,,,,,,,0.895379328,,,,,,,
21,M,0.895379328,0.895379328,,,,,,,,,,,,,,,,,,,,,,0.895379328,,,,,,,
22,N,0.895379328,0.895379328,,,,,,,,,,,,,,,,,,,,,,0.895379328,,,,,,,
23,O,0.895379328,0.895379328,,,,,,,,,,,,,,,,,,,,,,0.895379328,,,,,,,
24,P,0.895379328,0.895379328,,,,,,,,,,,,,,,,,,,,,,0.895379328,,,,,,,
25,,,,,,,,,,,,,,,,,,,,,,,,,,,,,,,,
26,Plate information ,,,,,,,,,,,,,,,,,,,,,,,,,,,,,,,
27,Plate,Repeat,Barcode,Measured height,Chamber temperature at start,Chamber temperature at end,Humidity at start,Humidity at end,Ambient temperature at start,Ambient temperature at end,Group,Label,ScanX,ScanY,Measinfo,Kinetics,Measurement date,,,,,,,,,,,,,,,
28,1,1,5035,14.01,17.12,17.23,63.7,63.4,17.51,17.62,1,Jez US LUM 384 (cps)(1),0,0,De=USLum Ex=N/A Em=N/A Wdw=N/A (12),0,5/19/23 15:02,,,,,,,,,,,,,,,
29,,,,,,,,,,,,,,,,,,,,,,,,,,,,,,,,
30,Background information,,,,,,,,,,,,,,,,,,,,,,,,,,,,,,,
31,Plate,Label,Result,Signal,Flashes/Time,Meastime,MeasInfo,,,,,,,,,,,,,,,,,,,,,,,,,
32,1,Jez US LUM 384 (cps),0,8,0.1,00:00.0,De=USLum Ex=N/A Em=N/A Wdw=N/A (12),,,,,,,,,,,,,,,,,,,,,,,,,
33,,,,,,,,,,,,,,,,,,,,,,,,,,,,,,,,
34,Results for Jez US LUM 384 (cps)(1) - channel 0 (CPS),,,,,,,,,,,,,,,,,,,,,,,,,,,,,,,
35,,1,2,3,4,5,6,7,8,9,10,11,12,13,14,15,16,17,18,19,20,21,22,23,24,,,,,,,
36,A,0.013866836032602943,0.015348787975018525,0.01651317878691648,0.015454641685191065,0.0193712289615751,0.01915952154123002,0.018841960410712396,0.020853180903990683,0.018630252990367312,0.020853180903990683,0.020959034614163225,0.018630252990367312,0.020323912353127978,0.02455806076002964,0.018947814120884938,0.021594156875198476,0.021488303165025934,0.024240499629512014,0.019265375251402563,0.016195617656398858,0.0163014713665714,0.017889277019159523,0.0004234148406901662,0.8945697046681487,,F07,Tannic acid,,,P04,Cetylpyridinium Bromide
37,B,0.013760982322430402,0.018312691859849687,0.01905366783105748,0.02868635545675876,0.01852439928019477,0.01714830104795173,0.020218058642955436,0.01799513072933206,0.018947814120884938,0.018947814120884938,0.021700010585371018,0.020323912353127978,0.021594156875198476,0.023076108817614058,0.016936593627606647,0.018312691859849687,0.018736106700539854,0.024769768180374723,0.023393669948131683,0.022970255107441516,0.018630252990367312,0.014713665713983274,0.0016936593627606647,0.954059489785117,,K07,isobutamben,,,C08,Suloctidil
38,C,0.02328781623795914,0.016830739917434105,0.017254154758124272,0.017571715888641898,0.01841854557002223,0.01704244733777919,0.021064888324335767,0.005504392928972161,0.024346353339684556,0.021700010585371018,0.024981475600719807,0.021064888324335767,0.023817084788821847,0.022758547687096432,0.0193712289615751,0.023393669948131683,0.022017571715888643,0.022440986556578807,0.02466391447020218,0.022229279136233723,0.014607812003810734,0.019582936381920185,0.0012702445220704986,0.8887477506086588,,K14,Ascorbyl Palmitate,,,P16,Chlorhexidine
39,D,0.018736106700539854,0.018947814120884938,0.02042976606330052,0.0193712289615751,0.01905366783105748,0.016936593627606647,0.020006351222610352,0.02042976606330052,0.0219117180057161,0.02265269397692389,0.023499523658304225,0.02455806076002964,0.021382449454853392,0.02466391447020218,0.020853180903990683,0.022758547687096432,0.027945379485550967,0.025087329310892345,0.020747327193818145,0.02265269397692389,0.02117074203450831,0.02731025722451572,0.0016936593627606647,0.9943897533608553,,K05,Levocetirizine Dihydrochloride,,,H12,Benzethonium Chloride
40,E,0.01778342330898698,0.019265375251402563,0.019477082671747643,0.01767756959881444,0.0219117180057161,0.01778342330898698,0.022864401397268974,0.020959034614163225,0.024875621890547265,0.02053561977347306,0.023711231078649305,0.0231819625277866,0.025510744151582512,0.02604001270244522,0.01990049751243781,0.022758547687096432,0.022440986556578807,0.022758547687096432,0.025616597861755054,0.019688790092092727,0.027098549804170636,0.020641473483645603,0.0007409759712077908,0.9661268127447867,,B04,Dyclonine,,,,
41,F,0.01799513072933206,0.022017571715888643,0.022229279136233723,0.01767756959881444,0.022758547687096432,0.018630252990367312,0.040012702445220705,0.0219117180057161,0.02678098867365301,0.02466391447020218,0.02328781623795914,0.02392293849899439,0.027098549804170636,0.024134645919339472,0.027521964644860803,0.024452207049857098,0.023711231078649305,0.02646342754313539,0.026145866412617763,0.026251720122790305,0.02254684026675135,0.019582936381920185,0.0013760982322430402,0.9727955964856568,,L07,Acedapsone,,,,
42,G,0.01661903249708902,0.016830739917434105,0.017889277019159523,0.022335132846406265,0.01915952154123002,0.022864401397268974,0.02466391447020218,0.02117074203450831,0.02180586429554356,0.019688790092092727,0.026357573832962847,0.022335132846406265,0.02402879220916693,0.02392293849899439,0.02593415899227268,0.025616597861755054,0.024769768180374723,0.023711231078649305,0.0231819625277866,0.025828305282100138,0.021700010585371018,0.019477082671747643,0.0,0.9627394940192654,,N08,Carbenicillin,,,,
43,H,0.015348787975018525,0.020853180903990683,0.02053561977347306,0.02392293849899439,0.02180586429554356,0.025828305282100138,0.021700010585371018,0.02455806076002964,0.02265269397692389,0.026569281253307927,0.021700010585371018,0.01026780988673653,0.027098549804170636,0.01841854557002223,0.026569281253307927,0.025616597861755054,0.02593415899227268,0.02593415899227268,0.0231819625277866,0.022758547687096432,0.026357573832962847,0.022864401397268974,0.0005292685508627077,0.9610458346565047,,,,,,,
44,I,0.018947814120884938,0.01651317878691648,0.019688790092092727,0.02053561977347306,0.01799513072933206,0.019582936381920185,0.023711231078649305,0.020112204932782894,0.019265375251402563,0.02402879220916693,0.02783952577537843,0.024134645919339472,0.024134645919339472,0.02932147771779401,0.022440986556578807,0.023393669948131683,0.027098549804170636,0.024452207049857098,0.01905366783105748,0.022864401397268974,0.01915952154123002,0.017360008468296814,0.0010585371017254154,0.957976077061501,,,,,,,
45,J,0.01577220281570869,0.01852439928019477,0.01704244733777919,0.021382449454853392,0.026357573832962847,0.021594156875198476,0.02254684026675135,0.019688790092092727,0.027733672065205887,0.02455806076002964,0.024875621890547265,0.024240499629512014,0.022970255107441516,0.02117074203450831,0.02127659574468085,0.025616597861755054,0.022123425426061185,0.023393669948131683,0.02254684026675135,0.02117074203450831,0.019582936381920185,0.023817084788821847,0.0007409759712077908,0.9607282735259871,,,,,,,
46,K,0.020218058642955436,0.018947814120884938,0.014925373134328358,0.020747327193818145,0.02953318513813909,0.02604001270244522,0.04435270456229491,0.0231819625277866,0.020853180903990683,0.026992696093998094,0.02402879220916693,0.02604001270244522,0.023817084788821847,0.039377580184185454,0.01799513072933206,0.023076108817614058,0.026251720122790305,0.02455806076002964,0.022440986556578807,0.01979464380226527,0.01915952154123002,0.018206838149677145,0.00031756113051762465,0.9548004657563247,,,,,,,
47,L,0.01767756959881444,0.020323912353127978,0.016724886207261563,0.018841960410712396,0.017571715888641898,0.01704244733777919,0.03090928337038213,0.020853180903990683,0.02455806076002964,0.02254684026675135,0.026251720122790305,0.015137080554673442,0.022229279136233723,0.0231819625277866,0.013760982322430402,0.01990049751243781,0.02466391447020218,0.024452207049857098,0.023393669948131683,0.023605377368476767,0.018841960410712396,0.02042976606330052,0.00010585371017254155,0.9610458346565047,,,,,,,
48,M,0.014819519424155816,0.01778342330898698,0.014819519424155816,0.018841960410712396,0.01704244733777919,0.01841854557002223,0.02127659574468085,0.020853180903990683,0.018206838149677145,0.022123425426061185,0.021700010585371018,0.023817084788821847,0.022335132846406265,0.023711231078649305,0.022123425426061185,0.02667513496348047,0.020006351222610352,0.022970255107441516,0.022440986556578807,0.021700010585371018,0.023817084788821847,0.02254684026675135,0.00031756113051762465,0.9532126601037366,,,,,,,
49,N,0.01661903249708902,0.014819519424155816,0.016724886207261563,0.020959034614163225,0.020006351222610352,0.025510744151582512,0.020853180903990683,0.02868635545675876,0.02042976606330052,0.02053561977347306,0.016195617656398858,0.021064888324335767,0.022123425426061185,0.021700010585371018,0.023605377368476767,0.026145866412617763,0.02127659574468085,0.024134645919339472,0.022229279136233723,0.021594156875198476,0.02180586429554356,0.023076108817614058,0.0007409759712077908,0.9484492431459722,,,,,,,
50,O,0.01577220281570869,0.016830739917434105,0.015878056525881232,0.0163014713665714,0.015878056525881232,0.016195617656398858,0.020323912353127978,0.014607812003810734,0.017360008468296814,0.020006351222610352,0.016936593627606647,0.020959034614163225,0.0219117180057161,0.020853180903990683,0.022123425426061185,0.02540489044140997,0.018841960410712396,0.024875621890547265,0.02117074203450831,0.023711231078649305,0.021382449454853392,0.020112204932782894,0.00010585371017254155,0.915740446702657,,,,,,,
51,P,0.013866836032602943,0.01577220281570869,0.015137080554673442,0.0031756113051762463,0.014607812003810734,0.016089763946226316,0.02042976606330052,0.015560495395363607,0.017889277019159523,0.024452207049857098,0.01778342330898698,0.020747327193818145,0.020218058642955436,0.018841960410712396,0.019688790092092727,0.008362443103630782,0.019477082671747643,0.020959034614163225,0.021064888324335767,0.021700010585371018,0.019582936381920185,0.020218058642955436,0.0004234148406901662,1.0,,,,,,,
52,,,,,,,,,,,,,,,,,,,,,,,,,,,,,,,,
53,Plate information ,,,,,,,,,,,,,,,,,,,,,,,,,,,,,,,
54,Plate,Repeat,Barcode,Measured height,Chamber temperature at start,Chamber temperature at end,Humidity at start,Humidity at end,Ambient temperature at start,Ambient temperature at end,Formula,Measurement date,,,,,,,,,,,,,,,,,,,,
55,2,1,5036,,,,,,,,Calc 1: Z' = 1 - ((3 * SD(High) + 3 * SD(Low)) / Abs(Avg(High) - Avg(Low))) where Label: Jez US LUM 384 (cps)(1) channel 1  High = Z_High  Low = Z_Low,5/19/23 15:03,,,,,,,,,,,,,,,,,,,,
56,,,,,,,,,,,,,,,,,,,,,,,,,,,,,,,,
57,Background information,,,,,,,,,,,,,,,,,,,,,,,,,,,,,,,
58,Plate,Label,Result,Signal,Flashes/Time,Meastime,MeasInfo,,,,,,,,,,,,,,,,,,,,,,,,,
59,2,Jez US LUM 384 (cps),0,8,0.1,00:00.0,De=USLum Ex=N/A Em=N/A Wdw=N/A (12),,,,,,,,,,,,,,,,,,,,,,,,,
60,,,,,,,,,,,,,,,,,,,,,,,,,,,,,,,,
61,Calculated results: Calc 1: Z' = 1 - ((3 * SD(High) + 3 * SD(Low)) / Abs(Avg(High) - Avg(Low))) where Label: Jez US LUM 384 (cps)(1) channel 1  High = Z_High  Low = Z_Low,,,,,,,,,,,,,,,,,,,,,,,,,,,,,,,
62,,1,2,3,4,5,6,7,8,9,10,11,12,13,14,15,16,17,18,19,20,21,22,23,24,,,,,,,
63,A,0.880521584,0.880521584,,,,,,,,,,,,,,,,,,,,,,0.880521584,,,,,,,
64,B,0.880521584,0.880521584,,,,,,,,,,,,,,,,,,,,,,0.880521584,,,,,,,
65,C,0.880521584,0.880521584,,,,,,,,,,,,,,,,,,,,,,0.880521584,,,,,,,
66,D,0.880521584,0.880521584,,,,,,,,,,,,,,,,,,,,,,0.880521584,,,,,,,
67,E,0.880521584,0.880521584,,,,,,,,,,,,,,,,,,,,,,0.880521584,,,,,,,
68,F,0.880521584,0.880521584,,,,,,,,,,,,,,,,,,,,,,0.880521584,,,,,,,
69,G,0.880521584,0.880521584,,,,,,,,,,,,,,,,,,,,,,0.880521584,,,,,,,
70,H,0.880521584,0.880521584,,,,,,,,,,,,,,,,,,,,,,0.880521584,,,,,,,
71,I,0.880521584,0.880521584,,,,,,,,,,,,,,,,,,,,,,0.880521584,,,,,,,
72,J,0.880521584,0.880521584,,,,,,,,,,,,,,,,,,,,,,0.880521584,,,,,,,
73,K,0.880521584,0.880521584,,,,,,,,,,,,,,,,,,,,,,0.880521584,,,,,,,
74,L,0.880521584,0.880521584,,,,,,,,,,,,,,,,,,,,,,0.880521584,,,,,,,
75,M,0.880521584,0.880521584,,,,,,,,,,,,,,,,,,,,,,0.880521584,,,,,,,
76,N,0.880521584,0.880521584,,,,,,,,,,,,,,,,,,,,,,0.880521584,,,,,,,
77,O,0.880521584,0.880521584,,,,,,,,,,,,,,,,,,,,,,0.880521584,,,,,,,
78,P,0.880521584,0.880521584,,,,,,,,,,,,,,,,,,,,,,0.880521584,,,,,,,
79,,,,,,,,,,,,,,,,,,,,,,,,,,,,,,,,
80,Plate information ,,,,,,,,,,,,,,,,,,,,,,,,,,,,,,,
81,Plate,Repeat,Barcode,Measured height,Chamber temperature at start,Chamber temperature at end,Humidity at start,Humidity at end,Ambient temperature at start,Ambient temperature at end,Group,Label,ScanX,ScanY,Measinfo,Kinetics,Measurement date,,,,,,,,,,,,,,,
82,2,1,5036,14.01,17.21,17.23,63.6,63.7,17.61,17.62,1,Jez US LUM 384 (cps)(1),0,0,De=USLum Ex=N/A Em=N/A Wdw=N/A (12),0,5/19/23 15:03,,,,,,,,,,,,,,,
83,,,,,,,,,,,,,,,,,,,,,,,,,,,,,,,,
84,Background information,,,,,,,,,,,,,,,,,,,,,,,,,,,,,,,
85,Plate,Label,Result,Signal,Flashes/Time,Meastime,MeasInfo,,,,,,,,,,,,,,,,,,,,,,,,,
86,2,Jez US LUM 384 (cps),0,8,0.1,00:00.0,De=USLum Ex=N/A Em=N/A Wdw=N/A (12),,,,,,,,,,,,,,,,,,,,,,,,,
87,,,,,,,,,,,,,,,,,,,,,,,,,,,,,,,,
88,Results for Jez US LUM 384 (cps)(1) - channel 0 (CPS),,,,,,,,,,,,,,,,,,,,,,,,,,,,,,,
89,,1,2,3,4,5,6,7,8,9,10,11,12,13,14,15,16,17,18,19,20,21,22,23,24,,,,,,,
90,A,0.02054054054054054,0.017395577395577396,0.02113022113022113,0.021326781326781327,0.021326781326781327,0.022604422604422605,0.023783783783783784,0.023685503685503685,0.017592137592137593,0.020343980343980345,0.022014742014742014,0.021523341523341524,0.022702702702702703,0.026535626535626536,0.024668304668304667,0.02515970515970516,0.01886977886977887,0.022113022113022112,0.01769041769041769,0.020245700245700247,0.023095823095823097,0.018476658476658477,0.0013759213759213758,0.8673218673218673,,M06,Ketoconazole,,H12,Adenosine Phosphate,
91,B,0.019557739557739557,0.022702702702702703,0.023488943488943488,0.025552825552825554,0.023194103194103192,0.02339066339066339,0.02457002457002457,0.022506142506142506,0.02742014742014742,0.0228992628992629,0.024275184275184276,0.02525798525798526,0.028206388206388208,0.02457002457002457,0.024963144963144963,0.02810810810810811,0.024176904176904178,0.021621621621621623,0.02692874692874693,0.02329238329238329,0.022113022113022112,0.017395577395577396,0.0012776412776412777,0.8915970515970516,,C13,Clotrimazole,,E10,Gentian Violet,
92,C,0.022113022113022112,0.022113022113022112,0.019754299754299754,0.02574938574938575,0.024963144963144963,0.020442260442260444,0.025552825552825554,0.024668304668304667,0.016904176904176903,0.027714987714987715,0.024275184275184276,0.027518427518427518,0.05169533169533169,0.02525798525798526,0.03095823095823096,0.02624078624078624,0.021523341523341524,0.02810810810810811,0.02692874692874693,0.026732186732186733,0.02054054054054054,0.021523341523341524,0.002457002457002457,0.86997542997543,,F06,Terconazole,,,,
93,D,0.024963144963144963,0.030663390663390664,0.027616707616707616,0.031056511056511058,0.022800982800982802,0.027518427518427518,0.02447174447174447,0.028697788697788697,0.028697788697788697,0.029582309582309584,0.02692874692874693,0.024864864864864864,0.02574938574938575,0.014447174447174447,0.02574938574938575,0.02525798525798526,0.020147420147420148,0.025847665847665846,0.02230958230958231,0.02398034398034398,0.021916461916461915,0.02122850122850123,0.002063882063882064,0.8919901719901719,,G04,Haloperidol,,,,
94,E,0.02457002457002457,0.025847665847665846,0.024864864864864864,0.028796068796068795,0.03144963144963145,0.027125307125307124,0.03154791154791155,0.030565110565110565,0.025945945945945945,0.006977886977886978,0.023685503685503685,0.027714987714987715,0.02633906633906634,0.02181818181818182,0.028894348894348894,0.030663390663390664,0.025847665847665846,0.02732186732186732,0.027714987714987715,0.021523341523341524,0.02918918918918919,0.019754299754299754,0.0022604422604422603,0.9258968058968059,,H08,Clioquinol,,,,
95,F,0.02329238329238329,0.024766584766584766,0.025847665847665846,0.024668304668304667,0.030761670761670763,0.04157248157248157,0.03085995085995086,0.026535626535626536,0.026044226044226043,0.026732186732186733,0.0285012285012285,0.02515970515970516,0.025945945945945945,0.03095823095823096,0.027813267813267813,0.029778869778869777,0.029778869778869777,0.02624078624078624,0.021523341523341524,0.026535626535626536,0.0228992628992629,0.01995085995085995,0.0019656019656019656,0.9038820638820639,,O12,Miconazole,,,,
96,G,0.021621621621621623,0.025356265356265357,0.02398034398034398,0.03950859950859951,0.02624078624078624,0.028697788697788697,0.028697788697788697,0.033218673218673216,0.022702702702702703,0.03479115479115479,0.028992628992628992,0.030073710073710073,0.023783783783783784,0.025651105651105652,0.02525798525798526,0.028206388206388208,0.02810810810810811,0.03017199017199017,0.031744471744471744,0.023882063882063882,0.02230958230958231,0.019754299754299754,0.0015724815724815725,0.9021130221130221,,,,,,,
97,H,0.02683046683046683,0.027616707616707616,0.02918918918918919,0.02614250614250614,0.026732186732186733,0.028402948402948405,0.02633906633906634,0.038427518427518424,0.033218673218673216,0.029975429975429974,0.023194103194103192,0.0006879606879606879,0.033022113022113025,0.03135135135135135,0.03341523341523341,0.028796068796068795,0.027616707616707616,0.028402948402948405,0.029778869778869777,0.028697788697788697,0.030073710073710073,0.02054054054054054,0.0015724815724815725,0.8982800982800982,,,,,,,
98,I,0.022997542997543,0.025651105651105652,0.032432432432432434,0.03351351351351351,0.028796068796068795,0.03017199017199017,0.029877149877149876,0.028304668304668306,0.027714987714987715,0.029484029484029485,0.02909090909090909,0.03253071253071253,0.03361179361179361,0.029975429975429974,0.029877149877149876,0.029778869778869777,0.025454545454545455,0.028697788697788697,0.03036855036855037,0.026044226044226043,0.02633906633906634,0.027223587223587222,0.0018673218673218672,0.9221621621621622,,,,,,,
99,J,0.024275184275184276,0.028599508599508598,0.024668304668304667,0.028599508599508598,0.022506142506142506,0.03154791154791155,0.029484029484029485,0.026437346437346437,0.025945945945945945,0.029778869778869777,0.028992628992628992,0.03125307125307125,0.030761670761670763,0.03154791154791155,0.030565110565110565,0.028697788697788697,0.029582309582309584,0.03017199017199017,0.029385749385749386,0.027616707616707616,0.03036855036855037,0.02525798525798526,0.0012776412776412777,1.0,,,,,,,
100,K,0.026044226044226043,0.027616707616707616,0.02407862407862408,0.029778869778869777,0.02624078624078624,0.028402948402948405,0.02614250614250614,0.024963144963144963,0.030565110565110565,0.025454545454545455,0.032334152334152336,0.02909090909090909,0.03213759213759214,0.028697788697788697,0.02683046683046683,0.028599508599508598,0.029484029484029485,0.026437346437346437,0.024864864864864864,0.031744471744471744,0.025552825552825554,0.024963144963144963,0.0011793611793611794,0.8878624078624079,,,,,,,
101,L,0.025454545454545455,0.02633906633906634,0.024176904176904178,0.028992628992628992,0.028992628992628992,0.030073710073710073,0.025651105651105652,0.028206388206388208,0.0285012285012285,0.02732186732186732,0.014447174447174447,0.0285012285012285,0.031646191646191646,0.02918918918918919,0.025552825552825554,0.03017199017199017,0.026437346437346437,0.028992628992628992,0.029975429975429974,0.026437346437346437,0.03479115479115479,0.020835380835380835,0.0005896805896805897,0.8732186732186732,,,,,,,
102,M,0.023095823095823097,0.022800982800982802,0.02633906633906634,0.026437346437346437,0.028304668304668306,0.06565110565110566,0.027125307125307124,0.02633906633906634,0.024176904176904178,0.027714987714987715,0.02624078624078624,0.027813267813267813,0.03135135135135135,0.026044226044226043,0.02909090909090909,0.02702702702702703,0.03095823095823096,0.030565110565110565,0.02810810810810811,0.025356265356265357,0.024963144963144963,0.016609336609336608,0.001081081081081081,0.9102702702702703,,,,,,,
103,N,0.02103194103194103,0.028304668304668306,0.021523341523341524,0.025945945945945945,0.024275184275184276,0.02732186732186732,0.028402948402948405,0.023882063882063882,0.029582309582309584,0.028697788697788697,0.01366093366093366,0.027714987714987715,0.028992628992628992,0.02221130221130221,0.0228992628992629,0.027813267813267813,0.022113022113022112,0.028304668304668306,0.02742014742014742,0.025356265356265357,0.025945945945945945,0.01936117936117936,0.0,0.9297297297297298,,,,,,,
104,O,0.021425061425061426,0.022604422604422605,0.025552825552825554,0.02103194103194103,0.021621621621621623,0.025945945945945945,0.025945945945945945,0.02574938574938575,0.02525798525798526,0.024668304668304667,0.020442260442260444,0.03764127764127764,0.02398034398034398,0.02525798525798526,0.02515970515970516,0.022800982800982802,0.02624078624078624,0.025552825552825554,0.024766584766584766,0.022997542997543,0.025454545454545455,0.02122850122850123,0.0005896805896805897,0.928058968058968,,,,,,,
105,P,0.01818181818181818,0.0171007371007371,0.024766584766584766,0.025356265356265357,0.017297297297297298,0.0171007371007371,0.013464373464373465,0.016314496314496316,0.020638820638820637,0.024373464373464375,0.01926289926289926,0.022702702702702703,0.02506142506142506,0.022702702702702703,0.02525798525798526,0.027616707616707616,0.029484029484029485,0.025847665847665846,0.02398034398034398,0.021326781326781327,0.01936117936117936,0.021425061425061426,0.0,0.902014742014742,,,,,,,
106,,,,,,,,,,,,,,,,,,,,,,,,,,,,,,,,
107,Plate information ,,,,,,,,,,,,,,,,,,,,,,,,,,,,,,,
108,Plate,Repeat,Barcode,Measured height,Chamber temperature at start,Chamber temperature at end,Humidity at start,Humidity at end,Ambient temperature at start,Ambient temperature at end,Formula,Measurement date,,,,,,,,,,,,,,,,,,,,
109,3,1,5037,,,,,,,,Calc 1: Z' = 1 - ((3 * SD(High) + 3 * SD(Low)) / Abs(Avg(High) - Avg(Low))) where Label: Jez US LUM 384 (cps)(1) channel 1  High = Z_High  Low = Z_Low,5/19/23 15:05,,,,,,,,,,,,,,,,,,,,
110,,,,,,,,,,,,,,,,,,,,,,,,,,,,,,,,
111,Background information,,,,,,,,,,,,,,,,,,,,,,,,,,,,,,,
112,Plate,Label,Result,Signal,Flashes/Time,Meastime,MeasInfo,,,,,,,,,,,,,,,,,,,,,,,,,
113,3,Jez US LUM 384 (cps),0,4,0.1,00:00.0,De=USLum Ex=N/A Em=N/A Wdw=N/A (12),,,,,,,,,,,,,,,,,,,,,,,,,
114,,,,,,,,,,,,,,,,,,,,,,,,,,,,,,,,
115,Calculated results: Calc 1: Z' = 1 - ((3 * SD(High) + 3 * SD(Low)) / Abs(Avg(High) - Avg(Low))) where Label: Jez US LUM 384 (cps)(1) channel 1  High = Z_High  Low = Z_Low,,,,,,,,,,,,,,,,,,,,,,,,,,,,,,,
116,,1,2,3,4,5,6,7,8,9,10,11,12,13,14,15,16,17,18,19,20,21,22,23,24,,,,,,,
117,A,0.799181134,0.799181134,,,,,,,,,,,,,,,,,,,,,,0.799181134,,,,,,,
118,B,0.799181134,0.799181134,,,,,,,,,,,,,,,,,,,,,,0.799181134,,,,,,,
119,C,0.799181134,0.799181134,,,,,,,,,,,,,,,,,,,,,,0.799181134,,,,,,,
120,D,0.799181134,0.799181134,,,,,,,,,,,,,,,,,,,,,,0.799181134,,,,,,,
121,E,0.799181134,0.799181134,,,,,,,,,,,,,,,,,,,,,,0.799181134,,,,,,,
122,F,0.799181134,0.799181134,,,,,,,,,,,,,,,,,,,,,,0.799181134,,,,,,,
123,G,0.799181134,0.799181134,,,,,,,,,,,,,,,,,,,,,,0.799181134,,,,,,,
124,H,0.799181134,0.799181134,,,,,,,,,,,,,,,,,,,,,,0.799181134,,,,,,,
125,I,0.799181134,0.799181134,,,,,,,,,,,,,,,,,,,,,,0.799181134,,,,,,,
126,J,0.799181134,0.799181134,,,,,,,,,,,,,,,,,,,,,,0.799181134,,,,,,,
127,K,0.799181134,0.799181134,,,,,,,,,,,,,,,,,,,,,,0.799181134,,,,,,,
128,L,0.799181134,0.799181134,,,,,,,,,,,,,,,,,,,,,,0.799181134,,,,,,,
129,M,0.799181134,0.799181134,,,,,,,,,,,,,,,,,,,,,,0.799181134,,,,,,,
130,N,0.799181134,0.799181134,,,,,,,,,,,,,,,,,,,,,,0.799181134,,,,,,,
131,O,0.799181134,0.799181134,,,,,,,,,,,,,,,,,,,,,,0.799181134,,,,,,,
132,P,0.799181134,0.799181134,,,,,,,,,,,,,,,,,,,,,,0.799181134,,,,,,,
133,,,,,,,,,,,,,,,,,,,,,,,,,,,,,,,,
134,Plate information ,,,,,,,,,,,,,,,,,,,,,,,,,,,,,,,
135,Plate,Repeat,Barcode,Measured height,Chamber temperature at start,Chamber temperature at end,Humidity at start,Humidity at end,Ambient temperature at start,Ambient temperature at end,Group,Label,ScanX,ScanY,Measinfo,Kinetics,Measurement date,,,,,,,,,,,,,,,
136,3,1,5037,14.01,17.21,17.33,63.7,63.7,17.61,17.72,1,Jez US LUM 384 (cps)(1),0,0,De=USLum Ex=N/A Em=N/A Wdw=N/A (12),0,5/19/23 15:05,,,,,,,,,,,,,,,
137,,,,,,,,,,,,,,,,,,,,,,,,,,,,,,,,
138,Background information,,,,,,,,,,,,,,,,,,,,,,,,,,,,,,,
139,Plate,Label,Result,Signal,Flashes/Time,Meastime,MeasInfo,,,,,,,,,,,,,,,,,,,,,,,,,
140,3,Jez US LUM 384 (cps),0,4,0.1,00:00.0,De=USLum Ex=N/A Em=N/A Wdw=N/A (12),,,,,,,,,,,,,,,,,,,,,,,,,
141,,,,,,,,,,,,,,,,,,,,,,,,,,,,,,,,
142,Results for Jez US LUM 384 (cps)(1) - channel 0 (CPS),,,,,,,,,,,,,,,,,,,,,,,,,,,,,,,
143,,1,2,3,4,5,6,7,8,9,10,11,12,13,14,15,16,17,18,19,20,21,22,23,24,,,,,,,
144,A,0.008730309356614159,0.00977415069273107,0.017840197380907193,0.016511672044031124,0.017555513380148036,0.011956728031884608,0.01062820269500854,0.01167204403112545,0.01508825204023534,0.012715885367242361,0.020592142721579047,0.018884038717024102,0.011007781362687418,0.010817992028847978,0.014423989371797305,0.017460618713228317,0.01812488138166635,0.0129056747010818,0.017650408047067755,0.008730309356614159,0.01176693869804517,0.012715885367242361,0.0011387360030366293,0.8311823875498197,,N05,Bifonazole,,C07,Amiodarone,
145,B,0.01385462137027899,0.01176693869804517,0.019927880053141014,0.020117669386980452,0.013000569368001518,0.010912886695767697,0.014423989371797305,0.013000569368001518,0.0193585120516227,0.01916872271778326,0.02486240273296641,0.0193585120516227,0.026760296071360788,0.013000569368001518,0.02030745872081989,0.022015562725374836,0.022300246726133992,0.014613778705636743,0.018789144050104383,0.018409565382425507,0.018314670715505788,0.013759726703359272,0.001802998671474663,0.8497817422660846,,L06,Ziprasidone,,G08,Nadide,
146,C,0.016891250711710003,0.016226988043271967,0.020971721389257923,0.018789144050104383,0.014234200037957867,0.013664832036439553,0.005693680015183147,0.013475042702600113,0.02125640539001708,0.02125640539001708,0.016891250711710003,0.019927880053141014,0.016416777377111405,0.014329094704877586,0.02116151072309736,0.02429303473144809,0.02267982539381287,0.013759726703359272,0.01916872271778326,0.01907382805086354,0.016132093376352248,0.013759726703359272,0.0012336306699563485,0.8497817422660846,,N15,Oxiconazole,,D10,Methylene Blue,
147,D,0.01727082937938888,0.013759726703359272,0.01594230404251281,0.017840197380907193,0.01499335737331562,0.013664832036439553,0.01603719870943253,0.013000569368001518,0.016606566710950843,0.006927310685139495,0.020117669386980452,0.022774720060732587,0.013475042702600113,0.013000569368001518,0.023154298728411463,0.026001138736003036,0.02476750806604669,0.014044410704118429,0.02116151072309736,0.01821977604858607,0.020687037388498766,0.015278041374074777,0.0013285253368760675,0.8562345796166255,,H22,Amorolfine,,,,
148,E,0.016701461377870562,0.012620990700322642,0.021825773391535394,0.017650408047067755,0.02030745872081989,0.00977415069273107,0.014234200037957867,0.013190358701840956,0.023628772063010058,0.02343898272917062,0.020687037388498766,0.022964509394572025,0.02249003605997343,0.018314670715505788,0.024103245397608653,0.02799392674131714,0.0193585120516227,0.016701461377870562,0.020876826722338204,0.02476750806604669,0.0193585120516227,0.02125640539001708,0.0022774720060732587,0.8920098690453596,,,,,,,
149,F,0.018409565382425507,0.02249003605997343,0.017555513380148036,0.022110457392294555,0.02267982539381287,0.02486240273296641,0.018599354716264945,0.008730309356614159,0.022774720060732587,0.021825773391535394,0.02239514139305371,0.024198140064528372,0.014898462706395901,0.015657620041753653,0.022774720060732587,0.026190928069842474,0.026950085405200226,0.013664832036439553,0.02448282406528753,0.019263617384702978,0.017650408047067755,0.02040235338773961,0.0005693680015183147,0.8005314101347504,,,,,,,
150,G,0.016891250711710003,0.01508825204023534,0.014613778705636743,0.021066616056177642,0.02467261339912697,0.016796356044790284,0.01802998671474663,0.005788574682102866,0.02343898272917062,0.022110457392294555,0.02030745872081989,0.022015562725374836,0.022869614727652306,0.01480356803947618,0.025147086733725565,0.02486240273296641,0.021446194723856518,0.02448282406528753,0.02552666540140444,0.021920668058455117,0.021066616056177642,0.01897893338394382,0.0018978933383943823,0.8706585689884229,,,,,,,
151,H,0.01916872271778326,0.01812488138166635,0.024008350730688934,0.02125640539001708,0.02125640539001708,0.016511672044031124,0.023628772063010058,0.023913456063769215,0.02239514139305371,0.022110457392294555,0.02657050673752135,0.021730878724615675,0.020781932055418485,0.026001138736003036,0.025241981400645284,0.025431770734484722,0.023154298728411463,0.01717593471246916,0.02571645473524388,0.023913456063769215,0.015183146707155058,0.03444676409185804,0.001613209337635225,0.927690263807174,,,,,,,
152,I,0.017555513380148036,0.017840197380907193,0.020687037388498766,0.01897893338394382,0.022300246726133992,0.021635984057695956,0.021920668058455117,0.021825773391535394,0.023818561396849496,0.02562156006832416,0.020781932055418485,0.02030745872081989,0.02562156006832416,0.019927880053141014,0.01916872271778326,0.023818561396849496,0.02249003605997343,0.022964509394572025,0.018409565382425507,0.022869614727652306,0.02353387739609034,0.018599354716264945,0.001613209337635225,0.9394572025052192,,,,,,,
153,J,0.016416777377111405,0.018504460049345226,0.015278041374074777,0.02467261339912697,0.020971721389257923,0.019927880053141014,0.0193585120516227,0.020592142721579047,0.025241981400645284,0.023818561396849496,0.02249003605997343,0.02125640539001708,0.01821977604858607,0.023628772063010058,0.02998671474663124,0.027139874739039668,0.02552666540140444,0.026001138736003036,0.024008350730688934,0.02049724805465933,0.021446194723856518,0.025147086733725565,0.0013285253368760675,0.974663123932435,,,,,,,
154,K,0.018884038717024102,0.019263617384702978,0.01945340671854242,0.01954830138546214,0.019927880053141014,0.01717593471246916,0.021066616056177642,0.018409565382425507,0.026001138736003036,0.016321882710191686,0.015372936040994496,0.02249003605997343,0.01812488138166635,0.01907382805086354,0.024957297399886127,0.02657050673752135,0.02486240273296641,0.018599354716264945,0.019263617384702978,0.020971721389257923,0.01897893338394382,0.02125640539001708,0.000854052002277472,0.9244638451319036,,,,,,,
155,L,0.01916872271778326,0.016701461377870562,0.018314670715505788,0.01954830138546214,0.02249003605997343,0.04944012146517366,0.020971721389257923,0.02343898272917062,0.01945340671854242,0.020022774720060733,0.01717593471246916,0.019738090719301576,0.022300246726133992,0.019263617384702978,0.02125640539001708,0.02486240273296641,0.01916872271778326,0.011861833364964889,0.019738090719301576,0.02021256405390017,0.023154298728411463,0.018409565382425507,0.0007591573353577528,0.8949516037198709,,,,,,,
156,M,0.013380148035680394,0.015183146707155058,0.018504460049345226,0.019832985386221295,0.018314670715505788,0.022964509394572025,0.024198140064528372,0.020117669386980452,0.01603719870943253,0.023628772063010058,0.018694249383184664,0.02353387739609034,0.030461188081229836,0.024957297399886127,0.013569937369519834,0.02249003605997343,0.013380148035680394,0.022869614727652306,0.023723666729929777,0.015372936040994496,0.022774720060732587,0.020117669386980452,0.001708104004554944,0.9137407477699754,,,,,,,
157,N,0.016416777377111405,0.015657620041753653,0.0173657240463086,0.017555513380148036,0.04877585879673562,0.01802998671474663,0.01812488138166635,0.01508825204023534,0.01499335737331562,0.022110457392294555,0.023628772063010058,0.022110457392294555,0.014044410704118429,0.014139305371038148,0.04374644144999051,0.023249193395331182,0.02666540140444107,0.014423989371797305,0.013475042702600113,0.017460618713228317,0.02021256405390017,0.019927880053141014,9.48946669197191e-05,0.9525526665401405,,,,,,,
158,O,0.014234200037957867,0.01897893338394382,0.009204782691212754,0.009394572025052192,0.014234200037957867,0.016891250711710003,0.01812488138166635,0.015467830707914215,0.015278041374074777,0.01499335737331562,0.013759726703359272,0.018599354716264945,0.01176693869804517,0.020117669386980452,0.024008350730688934,0.016891250711710003,0.012241412032643765,0.02486240273296641,0.019643196052381857,0.01281078003416208,0.015278041374074777,0.012241412032643765,0.0,0.9545454545454546,,,,,,,
159,P,0.01281078003416208,0.025336876067565003,0.016986145378629722,0.014329094704877586,0.018409565382425507,0.010153729360409945,0.01480356803947618,0.013664832036439553,0.016606566710950843,0.01385462137027899,0.01916872271778326,0.01802998671474663,0.012241412032643765,0.012620990700322642,0.02049724805465933,0.021066616056177642,0.0173657240463086,0.012431201366483204,0.024198140064528372,0.023818561396849496,0.01945340671854242,0.027519453406718544,0.0006642626684380338,1.0,,,,,,,
160,,,,,,,,,,,,,,,,,,,,,,,,,,,,,,,,
161,Plate information ,,,,,,,,,,,,,,,,,,,,,,,,,,,,,,,
162,Plate,Repeat,Barcode,Measured height,Chamber temperature at start,Chamber temperature at end,Humidity at start,Humidity at end,Ambient temperature at start,Ambient temperature at end,Formula,Measurement date,,,,,,,,,,,,,,,,,,,,
163,4,1,5038,,,,,,,,Calc 1: Z' = 1 - ((3 * SD(High) + 3 * SD(Low)) / Abs(Avg(High) - Avg(Low))) where Label: Jez US LUM 384 (cps)(1) channel 1  High = Z_High  Low = Z_Low,5/19/23 15:07,,,,,,,,,,,,,,,,,,,,
164,,,,,,,,,,,,,,,,,,,,,,,,,,,,,,,,
165,Background information,,,,,,,,,,,,,,,,,,,,,,,,,,,,,,,
166,Plate,Label,Result,Signal,Flashes/Time,Meastime,MeasInfo,,,,,,,,,,,,,,,,,,,,,,,,,
167,4,Jez US LUM 384 (cps),0,12,0.1,00:00.0,De=USLum Ex=N/A Em=N/A Wdw=N/A (12),,,,,,,,,,,,,,,,,,,,,,,,,
168,,,,,,,,,,,,,,,,,,,,,,,,,,,,,,,,
169,Calculated results: Calc 1: Z' = 1 - ((3 * SD(High) + 3 * SD(Low)) / Abs(Avg(High) - Avg(Low))) where Label: Jez US LUM 384 (cps)(1) channel 1  High = Z_High  Low = Z_Low,,,,,,,,,,,,,,,,,,,,,,,,,,,,,,,
170,,1,2,3,4,5,6,7,8,9,10,11,12,13,14,15,16,17,18,19,20,21,22,23,24,,,,,,,
171,A,0.81040198,0.81040198,,,,,,,,,,,,,,,,,,,,,,0.81040198,,,,,,,
172,B,0.81040198,0.81040198,,,,,,,,,,,,,,,,,,,,,,0.81040198,,,,,,,
173,C,0.81040198,0.81040198,,,,,,,,,,,,,,,,,,,,,,0.81040198,,,,,,,
174,D,0.81040198,0.81040198,,,,,,,,,,,,,,,,,,,,,,0.81040198,,,,,,,
175,E,0.81040198,0.81040198,,,,,,,,,,,,,,,,,,,,,,0.81040198,,,,,,,
176,F,0.81040198,0.81040198,,,,,,,,,,,,,,,,,,,,,,0.81040198,,,,,,,
177,G,0.81040198,0.81040198,,,,,,,,,,,,,,,,,,,,,,0.81040198,,,,,,,
178,H,0.81040198,0.81040198,,,,,,,,,,,,,,,,,,,,,,0.81040198,,,,,,,
179,I,0.81040198,0.81040198,,,,,,,,,,,,,,,,,,,,,,0.81040198,,,,,,,
180,J,0.81040198,0.81040198,,,,,,,,,,,,,,,,,,,,,,0.81040198,,,,,,,
181,K,0.81040198,0.81040198,,,,,,,,,,,,,,,,,,,,,,0.81040198,,,,,,,
182,L,0.81040198,0.81040198,,,,,,,,,,,,,,,,,,,,,,0.81040198,,,,,,,
183,M,0.81040198,0.81040198,,,,,,,,,,,,,,,,,,,,,,0.81040198,,,,,,,
184,N,0.81040198,0.81040198,,,,,,,,,,,,,,,,,,,,,,0.81040198,,,,,,,
185,O,0.81040198,0.81040198,,,,,,,,,,,,,,,,,,,,,,0.81040198,,,,,,,
186,P,0.81040198,0.81040198,,,,,,,,,,,,,,,,,,,,,,0.81040198,,,,,,,
187,,,,,,,,,,,,,,,,,,,,,,,,,,,,,,,,
188,Plate information ,,,,,,,,,,,,,,,,,,,,,,,,,,,,,,,
189,Plate,Repeat,Barcode,Measured height,Chamber temperature at start,Chamber temperature at end,Humidity at start,Humidity at end,Ambient temperature at start,Ambient temperature at end,Group,Label,ScanX,ScanY,Measinfo,Kinetics,Measurement date,,,,,,,,,,,,,,,
190,4,1,5038,14.01,17.31,17.43,63.7,63.6,17.71,17.82,1,Jez US LUM 384 (cps)(1),0,0,De=USLum Ex=N/A Em=N/A Wdw=N/A (12),0,5/19/23 15:07,,,,,,,,,,,,,,,
191,,,,,,,,,,,,,,,,,,,,,,,,,,,,,,,,
192,Background information,,,,,,,,,,,,,,,,,,,,,,,,,,,,,,,
193,Plate,Label,Result,Signal,Flashes/Time,Meastime,MeasInfo,,,,,,,,,,,,,,,,,,,,,,,,,
194,4,Jez US LUM 384 (cps),0,12,0.1,00:00.0,De=USLum Ex=N/A Em=N/A Wdw=N/A (12),,,,,,,,,,,,,,,,,,,,,,,,,
195,,,,,,,,,,,,,,,,,,,,,,,,,,,,,,,,
196,Results for Jez US LUM 384 (cps)(1) - channel 0 (CPS),,,,,,,,,,,,,,,,,,,,,,,,,,,,,,,
197,,1,2,3,4,5,6,7,8,9,10,11,12,13,14,15,16,17,18,19,20,21,22,23,24,,,,,,,
198,A,0.013591433278418451,0.01057111477210324,0.015650741350906095,0.013179571663920923,0.008511806699615597,0.010982976386600769,0.009472817133443162,0.01729818780889621,0.007825370675453048,0.009472817133443162,0.013728720483250962,0.01070840197693575,0.008511806699615597,0.007825370675453048,0.007413509060955519,0.015788028555738604,0.01029654036243822,0.006864360241625481,0.012355848434925865,0.016337177375068644,0.005766062602965404,0.005354200988467875,0.0008237232289950577,0.8482976386600769,,E04,voriconazole,,I12,Evans Blue,
199,B,0.005628775398132894,0.018121911037891267,0.013042284459088413,0.01771004942339374,0.009060955518945634,0.011120263591433279,0.015238879736408566,0.015650741350906095,0.014689730917078528,0.009610104338275673,0.011394838001098298,0.016062602965403624,0.010982976386600769,0.008511806699615597,0.009335529928610654,0.014689730917078528,0.009472817133443162,0.016337177375068644,0.03830313014827018,0.01386600768808347,0.012355848434925865,0.008511806699615597,0.0054914881933003845,0.8157605711147721,,B19,,,D19,Meclizine,
200,C,0.01070840197693575,0.017023613399231193,0.014827018121911038,0.015650741350906095,0.023201537616694124,0.008099945085118066,0.011669412410763316,0.01757276221856123,0.012904997254255904,0.014689730917078528,0.02045579352004393,0.01057111477210324,0.011120263591433279,0.010159253157605712,0.009610104338275673,0.01825919824272378,0.010845689181768259,0.013591433278418451,0.013591433278418451,0.013591433278418451,0.013179571663920923,0.009747391543108183,0.00700164744645799,0.8728720483250961,,M19,,,,,
201,D,0.01400329489291598,0.017023613399231193,0.004530477759472817,0.018671059857221308,0.014277869302580999,0.013728720483250962,0.015376166941241077,0.013728720483250962,0.010982976386600769,0.012355848434925865,0.019906644700713894,0.016062602965403624,0.011120263591433279,0.011394838001098298,0.008923668314113125,0.014964305326743548,0.013728720483250962,0.013728720483250962,0.0009610104338275673,0.015650741350906095,0.018808347062053817,0.007138934651290499,0.006315211422295442,0.8646348160351455,,F08,,,,,
202,E,0.01757276221856123,0.015238879736408566,0.018808347062053817,0.047089511257550794,0.02073036792970895,0.011532125205930808,0.019220208676551345,0.01757276221856123,0.022926963207029104,0.019632070291048874,0.014552443712246019,0.020043931905546403,0.01784733662822625,0.012218561230093355,0.010982976386600769,0.01757276221856123,0.02045579352004393,0.01414058209774849,0.030615046677649645,0.016749038989566173,0.011669412410763316,0.013042284459088413,0.004667764964305327,0.8529654036243822,,E19,,,,,
203,F,0.015376166941241077,0.019082921471718837,0.018121911037891267,0.021004942339373972,0.012493135639758374,0.01784733662822625,0.018121911037891267,0.0343218012081274,0.016337177375068644,0.011669412410763316,0.020043931905546403,0.019494783086216366,0.012355848434925865,0.012767710049423394,0.012904997254255904,0.019906644700713894,0.013591433278418451,0.020318506315211423,0.019494783086216366,0.021004942339373972,0.01825919824272378,0.012767710049423394,0.0016474464579901153,0.8936024162548051,,,,,,,
204,G,0.015650741350906095,0.011669412410763316,0.014964305326743548,0.019082921471718837,0.020043931905546403,0.013454146073585941,0.025535420098846788,0.021691378363536518,0.016199890170236132,0.022652388797364087,0.02114222954420648,0.022103239978034046,0.021004942339373972,0.011257550796265788,0.020318506315211423,0.022652388797364087,0.016474464579901153,0.01757276221856123,0.018396485447556288,0.016749038989566173,0.015376166941241077,0.015513454146073587,0.0017847336628226248,0.9464579901153213,,,,,,,
205,H,0.016199890170236132,0.017023613399231193,0.017023613399231193,0.019769357495881382,0.020043931905546403,0.025260845689181768,0.02045579352004393,0.026084568918176825,0.02086765513454146,0.021691378363536518,0.02059308072487644,0.019906644700713894,0.022103239978034046,0.014415156507413509,0.015238879736408566,0.021965952773201538,0.022926963207029104,0.022926963207029104,0.02045579352004393,0.01729818780889621,0.016199890170236132,0.015650741350906095,0.0026084568918176825,0.9475562877539814,,,,,,,
206,I,0.014827018121911038,0.014415156507413509,0.02059308072487644,0.018671059857221308,0.018396485447556288,0.01386600768808347,0.02155409115870401,0.02086765513454146,0.011943986820428337,0.020043931905546403,0.022240527182866558,0.0,0.023064250411861616,0.018808347062053817,0.022789676002196595,0.02155409115870401,0.02059308072487644,0.016474464579901153,0.016749038989566173,0.015376166941241077,0.019357495881383854,0.015238879736408566,0.003844041735310269,0.9330038440417353,,,,,,,
207,J,0.015238879736408566,0.015238879736408566,0.016337177375068644,0.019906644700713894,0.015788028555738604,0.013316858868753433,0.0171609006040637,0.018396485447556288,0.014689730917078528,0.016474464579901153,0.022926963207029104,0.007962657880285558,0.0214168039538715,0.01414058209774849,0.01414058209774849,0.02045579352004393,0.012904997254255904,0.02155409115870401,0.018808347062053817,0.019082921471718837,0.017023613399231193,0.01414058209774849,0.033360790774299834,0.9634816035145525,,,,,,,
208,K,0.01784733662822625,0.015376166941241077,0.015925315760571115,0.0171609006040637,0.012767710049423394,0.013591433278418451,0.02059308072487644,0.018945634266886325,0.019632070291048874,0.026359143327841845,0.013316858868753433,0.020318506315211423,0.026496430532674354,0.01070840197693575,0.009472817133443162,0.022240527182866558,0.01057111477210324,0.018808347062053817,0.019082921471718837,0.015925315760571115,0.01784733662822625,0.013728720483250962,0.007825370675453048,0.972267984623833,,,,,,,
209,L,0.013454146073585941,0.014827018121911038,0.01757276221856123,0.013454146073585941,0.01771004942339374,0.01414058209774849,0.014689730917078528,0.02018121911037891,0.019906644700713894,0.019769357495881382,0.019632070291048874,0.02073036792970895,0.016199890170236132,0.012218561230093355,0.010982976386600769,0.019220208676551345,0.01043382756727073,0.01825919824272378,0.02045579352004393,0.014827018121911038,0.016474464579901153,0.011943986820428337,0.011394838001098298,0.9809170785282811,,,,,,,
210,M,0.012630422844590884,0.013454146073585941,0.015650741350906095,0.019906644700713894,0.019082921471718837,0.01825919824272378,0.02086765513454146,0.02073036792970895,0.015650741350906095,0.011943986820428337,0.021004942339373972,0.018533772652388796,0.02155409115870401,0.018533772652388796,0.015238879736408566,0.014415156507413509,0.02484898407468424,0.02182866556836903,0.037342119714442616,0.02059308072487644,0.01771004942339374,0.01757276221856123,0.0034321801208127404,0.9472817133443163,,,,,,,
211,N,0.013179571663920923,0.015513454146073587,0.013728720483250962,0.018121911037891267,0.013316858868753433,0.00700164744645799,0.016199890170236132,0.011669412410763316,0.016611751784733664,0.008649093904448105,0.019494783086216366,0.019906644700713894,0.018945634266886325,0.011806699615595826,0.009747391543108183,0.013728720483250962,0.018121911037891267,0.02155409115870401,0.023887973640856673,0.015513454146073587,0.014964305326743548,0.01771004942339374,0.002196595277320154,0.9055464030752334,,,,,,,
212,O,0.011669412410763316,0.01057111477210324,0.014827018121911038,0.015513454146073587,0.015513454146073587,0.019220208676551345,0.0171609006040637,0.0171609006040637,0.019082921471718837,0.01414058209774849,0.009884678747940691,0.018396485447556288,0.01771004942339374,0.02059308072487644,0.01400329489291598,0.019357495881383854,0.014415156507413509,0.007688083470620538,0.01070840197693575,0.019494783086216366,0.016199890170236132,0.01400329489291598,0.002883031301482702,1.0,,,,,,,
213,P,0.022377814387699067,0.015101592531576058,0.01386600768808347,0.01400329489291598,0.011257550796265788,0.011394838001098298,0.01757276221856123,0.015650741350906095,0.013728720483250962,0.013042284459088413,0.013316858868753433,0.017023613399231193,0.015650741350906095,0.007962657880285558,0.007962657880285558,0.01414058209774849,0.015376166941241077,0.01784733662822625,0.01414058209774849,0.015376166941241077,0.015650741350906095,0.008099945085118066,0.0019220208676551346,0.9233937397034596,,,,,,,
214,,,,,,,,,,,,,,,,,,,,,,,,,,,,,,,,
215,Plate information ,,,,,,,,,,,,,,,,,,,,,,,,,,,,,,,
216,Plate,Repeat,Barcode,Measured height,Chamber temperature at start,Chamber temperature at end,Humidity at start,Humidity at end,Ambient temperature at start,Ambient temperature at end,Formula,Measurement date,,,,,,,,,,,,,,,,,,,,
217,5,1,5039,,,,,,,,Calc 1: Z' = 1 - ((3 * SD(High) + 3 * SD(Low)) / Abs(Avg(High) - Avg(Low))) where Label: Jez US LUM 384 (cps)(1) channel 1  High = Z_High  Low = Z_Low,5/19/23 15:08,,,,,,,,,,,,,,,,,,,,
218,,,,,,,,,,,,,,,,,,,,,,,,,,,,,,,,
219,Background information,,,,,,,,,,,,,,,,,,,,,,,,,,,,,,,
220,Plate,Label,Result,Signal,Flashes/Time,Meastime,MeasInfo,,,,,,,,,,,,,,,,,,,,,,,,,
221,5,Jez US LUM 384 (cps),0,4,0.1,00:00.0,De=USLum Ex=N/A Em=N/A Wdw=N/A (12),,,,,,,,,,,,,,,,,,,,,,,,,
222,,,,,,,,,,,,,,,,,,,,,,,,,,,,,,,,
223,Calculated results: Calc 1: Z' = 1 - ((3 * SD(High) + 3 * SD(Low)) / Abs(Avg(High) - Avg(Low))) where Label: Jez US LUM 384 (cps)(1) channel 1  High = Z_High  Low = Z_Low,,,,,,,,,,,,,,,,,,,,,,,,,,,,,,,
224,,1,2,3,4,5,6,7,8,9,10,11,12,13,14,15,16,17,18,19,20,21,22,23,24,,,,,,,
225,A,0.474090103,0.474090103,,,,,,,,,,,,,,,,,,,,,,0.474090103,,,,,,,
226,B,0.474090103,0.474090103,,,,,,,,,,,,,,,,,,,,,,0.474090103,,,,,,,
227,C,0.474090103,0.474090103,,,,,,,,,,,,,,,,,,,,,,0.474090103,,,,,,,
228,D,0.474090103,0.474090103,,,,,,,,,,,,,,,,,,,,,,0.474090103,,,,,,,
229,E,0.474090103,0.474090103,,,,,,,,,,,,,,,,,,,,,,0.474090103,,,,,,,
230,F,0.474090103,0.474090103,,,,,,,,,,,,,,,,,,,,,,0.474090103,,,,,,,
231,G,0.474090103,0.474090103,,,,,,,,,,,,,,,,,,,,,,0.474090103,,,,,,,
232,H,0.474090103,0.474090103,,,,,,,,,,,,,,,,,,,,,,0.474090103,,,,,,,
233,I,0.474090103,0.474090103,,,,,,,,,,,,,,,,,,,,,,0.474090103,,,,,,,
234,J,0.474090103,0.474090103,,,,,,,,,,,,,,,,,,,,,,0.474090103,,,,,,,
235,K,0.474090103,0.474090103,,,,,,,,,,,,,,,,,,,,,,0.474090103,,,,,,,
236,L,0.474090103,0.474090103,,,,,,,,,,,,,,,,,,,,,,0.474090103,,,,,,,
237,M,0.474090103,0.474090103,,,,,,,,,,,,,,,,,,,,,,0.474090103,,,,,,,
238,N,0.474090103,0.474090103,,,,,,,,,,,,,,,,,,,,,,0.474090103,,,,,,,
239,O,0.474090103,0.474090103,,,,,,,,,,,,,,,,,,,,,,0.474090103,,,,,,,
240,P,0.474090103,0.474090103,,,,,,,,,,,,,,,,,,,,,,0.474090103,,,,,,,
241,,,,,,,,,,,,,,,,,,,,,,,,,,,,,,,,
242,Plate information ,,,,,,,,,,,,,,,,,,,,,,,,,,,,,,,
243,Plate,Repeat,Barcode,Measured height,Chamber temperature at start,Chamber temperature at end,Humidity at start,Humidity at end,Ambient temperature at start,Ambient temperature at end,Group,Label,ScanX,ScanY,Measinfo,Kinetics,Measurement date,,,,,,,,,,,,,,,
244,5,1,5039,14.01,17.43,17.41,63.4,63.4,17.82,17.8,1,Jez US LUM 384 (cps)(1),0,0,De=USLum Ex=N/A Em=N/A Wdw=N/A (12),0,5/19/23 15:08,,,,,,,,,,,,,,,
245,,,,,,,,,,,,,,,,,,,,,,,,,,,,,,,,
246,Background information,,,,,,,,,,,,,,,,,,,,,,,,,,,,,,,
247,Plate,Label,Result,Signal,Flashes/Time,Meastime,MeasInfo,,,,,,,,,,,,,,,,,,,,,,,,,
248,5,Jez US LUM 384 (cps),0,4,0.1,00:00.0,De=USLum Ex=N/A Em=N/A Wdw=N/A (12),,,,,,,,,,,,,,,,,,,,,,,,,
249,,,,,,,,,,,,,,,,,,,,,,,,,,,,,,,,
250,Results for Jez US LUM 384 (cps)(1) - channel 0 (CPS),,,,,,,,,,,,,,,,,,,,,,,,,,,,,,,
251,,1,2,3,4,5,6,7,8,9,10,11,12,13,14,15,16,17,18,19,20,21,22,23,24,,,,,,,
252,A,0.016311266709102483,0.016788669637173775,0.014560789306174412,0.011298535964353915,0.011378103119032463,0.016629535327816677,0.01758434118395926,0.017345639719923617,0.018857415658816042,0.017266072565245066,0.016947803946530872,0.013526416295353278,0.017425206874602164,0.012412476129853597,0.015595162316995544,0.011139401654996817,0.01153723742838956,0.015595162316995544,0.018539147040101844,0.012969446212603437,0.011298535964353915,0.01392425206874602,0.00031826861871419476,0.5729630808402292,,,P13,Hexetidine,,,
253,B,0.01639083386378103,0.017982176957352006,0.019096117122851686,0.012173774665817951,0.01464035646085296,0.016549968173138127,0.019334818586887334,0.017902609802673455,0.020289624443029917,0.018539147040101844,0.020607893061744112,0.013844684914067472,0.019096117122851686,0.01782304264799491,0.020210057288351367,0.018618714194780395,0.013049013367281986,0.018539147040101844,0.01901654996817314,0.01965308720560153,0.009548058561425843,0.015674729471674094,0.0007161043921069382,0.6145767027371101,,,J15,Alexidine,,,
254,C,0.015674729471674094,0.013605983450031826,0.012492043284532146,0.014879057924888606,0.01965308720560153,0.020448758752387015,0.020528325907065565,0.01718650541056652,0.010264162953532783,0.02235837046467218,0.018539147040101844,0.013446849140674729,0.02013049013367282,0.014719923615531509,0.017345639719923617,0.019891788669637173,0.012332908975175048,0.017504774029280714,0.019573520050922978,0.013128580521960535,0.010502864417568428,0.01639083386378103,0.0011935073201782304,0.6059834500318269,,,E15,Cetrimonium,,,
255,D,0.015436028007638446,0.017027371101209422,0.01710693825588797,0.011855506047103755,0.018539147040101844,0.02076702737110121,0.019812221514958626,0.01583386378103119,0.01822087842138765,0.019812221514958626,0.020528325907065565,0.022437937619350732,0.013128580521960535,0.014322087842138766,0.0212444302991725,0.014162953532781668,0.011378103119032463,0.02013049013367282,0.01949395289624443,0.015436028007638446,0.016868236791852325,0.01710693825588797,0.001511775938892425,0.6158497772119669,,,,,,,
256,E,0.014242520687460217,0.020289624443029917,0.02148313176320815,0.01392425206874602,0.019175684277530237,0.020369191597708464,0.021721833227243793,0.015356460852959898,0.019096117122851686,0.055856142584341184,0.024347549331635902,0.020528325907065565,0.015515595162316995,0.021562698917886695,0.007718014003819223,0.02267663908338638,0.01965308720560153,0.019971355824315723,0.01575429662635264,0.01822087842138765,0.009627625716104392,0.015515595162316995,0.000795671546785487,0.6603278166772756,,,,,,,
257,F,0.014719923615531509,0.017027371101209422,0.021005728835136857,0.015117759388924252,0.02331317632081477,0.021642266072565246,0.020210057288351367,0.014481222151495863,0.022119669000636537,0.021801400381922343,0.018141311266709103,0.01949395289624443,0.017027371101209422,0.02331317632081477,0.02331317632081477,0.01965308720560153,0.023631444939528963,0.021005728835136857,0.023551877784850413,0.01822087842138765,0.019175684277530237,0.014799490770210057,0.0005569700827498409,0.6518141311266709,,,,,,,
258,G,0.015515595162316995,0.017266072565245066,0.020289624443029917,0.01583386378103119,0.022278803309993635,0.02148313176320815,0.019812221514958626,0.015674729471674094,0.02132399745385105,0.018777848504137492,0.02235837046467218,0.020448758752387015,0.01893698281349459,0.022040101845957987,0.022119669000636537,0.02196053469127944,0.020289624443029917,0.02013049013367282,0.01758434118395926,0.021005728835136857,0.01901654996817314,0.013605983450031826,0.0007161043921069382,0.6542011457670274,,,,,,,
259,H,0.014560789306174412,0.01941438574156588,0.01941438574156588,0.01392425206874602,0.02267663908338638,0.018380012730744747,0.020369191597708464,0.022199236155315084,0.021005728835136857,0.020448758752387015,0.019971355824315723,0.02562062380649268,0.01941438574156588,0.020369191597708464,0.019891788669637173,0.020289624443029917,0.0183004455760662,0.020687460216422662,0.02084659452577976,0.016549968173138127,0.018698281349458945,0.01718650541056652,0.00183004455760662,0.7398949713558243,,,,,,,
260,I,0.015276893698281349,0.018141311266709103,0.020289624443029917,0.020607893061744112,0.022756206238064926,0.01941438574156588,0.016549968173138127,0.01408338637810312,0.023870146403564607,0.02005092297899427,0.021005728835136857,0.02148313176320815,0.020369191597708464,0.022756206238064926,0.020210057288351367,0.02005092297899427,0.023472310630171866,0.01941438574156588,0.018618714194780395,0.0212444302991725,0.015595162316995544,0.014481222151495863,0.0005569700827498409,0.6811744112030553,,,,,,,
261,J,0.012889879057924889,0.020289624443029917,0.017902609802673455,0.016152132399745386,0.021721833227243793,0.021005728835136857,0.023551877784850413,0.02267663908338638,0.02084659452577976,0.026893698281349458,0.020528325907065565,0.0183004455760662,0.024267982176957352,0.024506683640993,0.007558879694462126,0.016709102482495224,0.02235837046467218,0.020607893061744112,0.017743475493316358,0.017982176957352006,0.017027371101209422,0.01710693825588797,0.0,0.6553150859325271,,,,,,,
262,K,0.01647040101845958,0.015038192234245703,0.017266072565245066,0.011935073201782304,0.02196053469127944,0.027530235518777847,0.017425206874602164,0.01392425206874602,0.017266072565245066,0.018380012730744747,0.02259707192870783,0.014879057924888606,0.021164863144493954,0.016709102482495224,0.018459579885423297,0.0212444302991725,0.019096117122851686,0.018698281349458945,0.02084659452577976,0.014322087842138766,0.01583386378103119,0.01392425206874602,0.0007161043921069382,0.6351050286441757,,,,,,,
263,L,0.012332908975175048,0.01941438574156588,0.017982176957352006,0.014879057924888606,0.019255251432208784,0.017266072565245066,0.019573520050922978,0.018539147040101844,0.021085295989815404,0.020448758752387015,0.02084659452577976,0.017266072565245066,0.017425206874602164,0.02259707192870783,0.020926161680458306,0.018141311266709103,0.02188096753660089,0.02315404201145767,0.01941438574156588,0.014958625079567155,0.015117759388924252,0.016072565245066835,0.00023870146403564608,0.6489497135582432,,,,,,,
264,M,0.011935073201782304,0.01893698281349459,0.016152132399745386,0.016152132399745386,0.01901654996817314,0.018141311266709103,0.019255251432208784,0.013844684914067472,0.02076702737110121,0.018857415658816042,0.014003819223424571,0.018380012730744747,0.021562698917886695,0.02196053469127944,0.021642266072565246,0.022437937619350732,0.02132399745385105,0.018459579885423297,0.011457670273711012,0.02013049013367282,0.01941438574156588,0.015276893698281349,0.0008752387014640357,0.6624761298535964,,,,,,,
265,N,0.015515595162316995,0.021164863144493954,0.011855506047103755,0.011378103119032463,0.018618714194780395,0.019096117122851686,0.01901654996817314,0.017743475493316358,0.015436028007638446,0.018380012730744747,0.018141311266709103,0.02331317632081477,0.01281031190324634,0.02132399745385105,0.020369191597708464,0.019891788669637173,0.020289624443029917,0.015515595162316995,0.016947803946530872,0.018061744112030553,0.014481222151495863,0.017027371101209422,0.001511775938892425,0.9332431572246976,,,,,,,
266,O,0.011378103119032463,0.015674729471674094,0.016947803946530872,0.01782304264799491,0.01893698281349459,0.020369191597708464,0.02148313176320815,0.014560789306174412,0.020369191597708464,0.01782304264799491,0.013208147676639083,0.021005728835136857,0.018539147040101844,0.022835773392743477,0.01583386378103119,0.019096117122851686,0.02235837046467218,0.02188096753660089,0.01464035646085296,0.016709102482495224,0.01575429662635264,0.014003819223424571,0.0007161043921069382,0.702577975811585,,,,,,,
267,P,0.017266072565245066,0.0122533418204965,0.014242520687460217,0.0120942075111394,0.01710693825588797,0.016709102482495224,0.0212444302991725,0.013844684914067472,0.021085295989815404,0.018141311266709103,0.015515595162316995,0.02013049013367282,0.00668364099299809,0.01758434118395926,0.019334818586887334,0.018539147040101844,0.021721833227243793,0.024029280712921704,0.021164863144493954,0.01965308720560153,0.013685550604710375,0.015276893698281349,0.002625716104392107,1.0,,,,,,,
268,,,,,,,,,,,,,,,,,,,,,,,,,,,,,,,,
269,Plate information ,,,,,,,,,,,,,,,,,,,,,,,,,,,,,,,
270,Plate,Repeat,Barcode,Measured height,Chamber temperature at start,Chamber temperature at end,Humidity at start,Humidity at end,Ambient temperature at start,Ambient temperature at end,Formula,Measurement date,,,,,,,,,,,,,,,,,,,,
271,6,1,5040,,,,,,,,Calc 1: Z' = 1 - ((3 * SD(High) + 3 * SD(Low)) / Abs(Avg(High) - Avg(Low))) where Label: Jez US LUM 384 (cps)(1) channel 1  High = Z_High  Low = Z_Low,5/19/23 15:10,,,,,,,,,,,,,,,,,,,,
272,,,,,,,,,,,,,,,,,,,,,,,,,,,,,,,,
273,Background information,,,,,,,,,,,,,,,,,,,,,,,,,,,,,,,
274,Plate,Label,Result,Signal,Flashes/Time,Meastime,MeasInfo,,,,,,,,,,,,,,,,,,,,,,,,,
275,6,Jez US LUM 384 (cps),0,8,0.1,00:00.0,De=USLum Ex=N/A Em=N/A Wdw=N/A (12),,,,,,,,,,,,,,,,,,,,,,,,,
276,,,,,,,,,,,,,,,,,,,,,,,,,,,,,,,,
277,Calculated results: Calc 1: Z' = 1 - ((3 * SD(High) + 3 * SD(Low)) / Abs(Avg(High) - Avg(Low))) where Label: Jez US LUM 384 (cps)(1) channel 1  High = Z_High  Low = Z_Low,,,,,,,,,,,,,,,,,,,,,,,,,,,,,,,
278,,1,2,3,4,5,6,7,8,9,10,11,12,13,14,15,16,17,18,19,20,21,22,23,24,,,,,,,
279,A,0.821560649,0.821560649,,,,,,,,,,,,,,,,,,,,,,0.821560649,,,,,,,
280,B,0.821560649,0.821560649,,,,,,,,,,,,,,,,,,,,,,0.821560649,,,,,,,
281,C,0.821560649,0.821560649,,,,,,,,,,,,,,,,,,,,,,0.821560649,,,,,,,
282,D,0.821560649,0.821560649,,,,,,,,,,,,,,,,,,,,,,0.821560649,,,,,,,
283,E,0.821560649,0.821560649,,,,,,,,,,,,,,,,,,,,,,0.821560649,,,,,,,
284,F,0.821560649,0.821560649,,,,,,,,,,,,,,,,,,,,,,0.821560649,,,,,,,
285,G,0.821560649,0.821560649,,,,,,,,,,,,,,,,,,,,,,0.821560649,,,,,,,
286,H,0.821560649,0.821560649,,,,,,,,,,,,,,,,,,,,,,0.821560649,,,,,,,
287,I,0.821560649,0.821560649,,,,,,,,,,,,,,,,,,,,,,0.821560649,,,,,,,
288,J,0.821560649,0.821560649,,,,,,,,,,,,,,,,,,,,,,0.821560649,,,,,,,
289,K,0.821560649,0.821560649,,,,,,,,,,,,,,,,,,,,,,0.821560649,,,,,,,
290,L,0.821560649,0.821560649,,,,,,,,,,,,,,,,,,,,,,0.821560649,,,,,,,
291,M,0.821560649,0.821560649,,,,,,,,,,,,,,,,,,,,,,0.821560649,,,,,,,
292,N,0.821560649,0.821560649,,,,,,,,,,,,,,,,,,,,,,0.821560649,,,,,,,
293,O,0.821560649,0.821560649,,,,,,,,,,,,,,,,,,,,,,0.821560649,,,,,,,
294,P,0.821560649,0.821560649,,,,,,,,,,,,,,,,,,,,,,0.821560649,,,,,,,
295,,,,,,,,,,,,,,,,,,,,,,,,,,,,,,,,
296,Plate information ,,,,,,,,,,,,,,,,,,,,,,,,,,,,,,,
297,Plate,Repeat,Barcode,Measured height,Chamber temperature at start,Chamber temperature at end,Humidity at start,Humidity at end,Ambient temperature at start,Ambient temperature at end,Group,Label,ScanX,ScanY,Measinfo,Kinetics,Measurement date,,,,,,,,,,,,,,,
298,6,1,5040,14.01,17.51,17.62,63.3,62.8,17.8,17.82,1,Jez US LUM 384 (cps)(1),0,0,De=USLum Ex=N/A Em=N/A Wdw=N/A (12),0,5/19/23 15:10,,,,,,,,,,,,,,,
299,,,,,,,,,,,,,,,,,,,,,,,,,,,,,,,,
300,Background information,,,,,,,,,,,,,,,,,,,,,,,,,,,,,,,
301,Plate,Label,Result,Signal,Flashes/Time,Meastime,MeasInfo,,,,,,,,,,,,,,,,,,,,,,,,,
302,6,Jez US LUM 384 (cps),0,8,0.1,00:00.0,De=USLum Ex=N/A Em=N/A Wdw=N/A (12),,,,,,,,,,,,,,,,,,,,,,,,,
303,,,,,,,,,,,,,,,,,,,,,,,,,,,,,,,,
304,Results for Jez US LUM 384 (cps)(1) - channel 0 (CPS),,,,,,,,,,,,,,,,,,,,,,,,,,,,,,,
305,,1,2,3,4,5,6,7,8,9,10,11,12,13,14,15,16,17,18,19,20,21,22,23,24,,,,,,,
306,A,0.02311593348272202,0.017690765420450526,0.01828045760113221,0.020639226323858947,0.023233871918858357,0.02122891850454063,0.022644179738176673,0.021346856940676968,0.02276211817431301,0.022526241302040336,0.024177379407949052,0.02653614813067579,0.019106026654086568,0.017808703856586863,0.028541101544993515,0.019695718834768252,0.017690765420450526,0.018752211345677557,0.019695718834768252,0.01981365727090459,0.01721901167590518,0.020639226323858947,0.0010614459252270315,0.8515155089043519,,,B20,Efavirenz,,,
307,B,0.023351810354994694,0.021700672249085978,0.024059440971812715,0.02571057907772143,0.0246491331524944,0.024059440971812715,0.021700672249085978,0.025474702205448757,0.023705625663403705,0.022408302865904,0.020993041632267957,0.020757164759995284,0.0246491331524944,0.023587687227267368,0.02205448755749499,0.022526241302040336,0.019931595707040926,0.021110980068404294,0.021110980068404294,0.011793843613633684,0.01603962731454181,0.014624366080905768,0.0018870149781813894,0.8457365255336714,,,,,,,
308,C,0.01898808821795023,0.02276211817431301,0.025238825333176083,0.024531194716358062,0.027125840311357473,0.03196131619294728,0.022290364429767662,0.02429531784408539,0.02606439438613044,0.01674725793135983,0.024413256280221726,0.027715532492039157,0.025474702205448757,0.0326689468097653,0.017808703856586863,0.01757282698431419,0.018044580728859536,0.02759759405590282,0.018044580728859536,0.0179266422927232,0.01721901167590518,0.013680858591815073,0.0009435074890906947,0.8723906121004835,,,,,,,
309,D,0.021346856940676968,0.021464795376813305,0.023941502535676378,0.025828517513857768,0.025592640641585094,0.026182332822266778,0.025474702205448757,0.02724377874749381,0.025592640641585094,0.029720485906356883,0.02500294846090341,0.026772025002948462,0.023941502535676378,0.025946455949994104,0.02087510319613162,0.02052128788772261,0.017690765420450526,0.020285411015449936,0.015331996697723789,0.016511381059087157,0.014388489208633094,0.023705625663403705,0.0017690765420450526,0.8964500530722963,,,,,,,
310,E,0.020993041632267957,0.025474702205448757,0.024767071588630736,0.023587687227267368,0.025592640641585094,0.028187286236584504,0.03054605495931124,0.023941502535676378,0.028894916853402525,0.02429531784408539,0.03160750088453827,0.029012855289538862,0.022644179738176673,0.022290364429767662,0.022408302865904,0.02795140936431183,0.018044580728859536,0.029012855289538862,0.02500294846090341,0.030310178087038567,0.018162519164995873,0.02311593348272202,0.0009435074890906947,0.8957424224554782,,,,,,,
311,F,0.021110980068404294,0.02311593348272202,0.04021700672249086,0.023233871918858357,0.024413256280221726,0.023705625663403705,0.030781931831583915,0.02606439438613044,0.028069347800448168,0.03125368557612926,0.030310178087038567,0.04505248260408067,0.026772025002948462,0.026654086566812125,0.02535676376931242,0.0268899634390848,0.025238825333176083,0.02535676376931242,0.02795140936431183,0.023351810354994694,0.021936549121358652,0.021110980068404294,0.0016511381059087157,0.9755867437197783,,,,,,,
312,G,0.021936549121358652,0.02429531784408539,0.02535676376931242,0.02948460903408421,0.02877697841726619,0.024767071588630736,0.02571057907772143,0.02877697841726619,0.025592640641585094,0.027479655619766483,0.03443802335181036,0.026182332822266778,0.027715532492039157,0.0313716240122656,0.030310178087038567,0.028069347800448168,0.028894916853402525,0.02830522467272084,0.02052128788772261,0.022172425993631326,0.022997995046585683,0.026654086566812125,0.000707630616818021,0.8885481778511617,,,,,,,
313,H,0.021818610685222315,0.02606439438613044,0.025946455949994104,0.02865903998112985,0.025120886897039747,0.0246491331524944,0.03101780870385659,0.02759759405590282,0.02653614813067579,0.03573534614931006,0.029012855289538862,0.029366670597947873,0.03019223965090223,0.02759759405590282,0.02606439438613044,0.02382356409954004,0.024059440971812715,0.026182332822266778,0.028187286236584504,0.025828517513857768,0.025238825333176083,0.0246491331524944,0.0022408302865904,0.9864370798443213,,,,,,,
314,I,0.02382356409954004,0.02571057907772143,0.030663993395447578,0.0268899634390848,0.02759759405590282,0.02830522467272084,0.02429531784408539,0.02830522467272084,0.027833470928175494,0.02500294846090341,0.022997995046585683,0.02429531784408539,0.02865903998112985,0.026182332822266778,0.026772025002948462,0.030310178087038567,0.026772025002948462,0.027125840311357473,0.02795140936431183,0.023351810354994694,0.023705625663403705,0.027125840311357473,0.00023587687227267368,0.8377167118764005,,,,,,,
315,J,0.023233871918858357,0.022880056610449347,0.023233871918858357,0.024531194716358062,0.026772025002948462,0.024885010024767073,0.02983842434249322,0.02535676376931242,0.028069347800448168,0.027007901875221136,0.02948460903408421,0.023941502535676378,0.025474702205448757,0.03054605495931124,0.025946455949994104,0.029720485906356883,0.027361717183630146,0.022172425993631326,0.0291307937256752,0.02724377874749381,0.022644179738176673,0.025238825333176083,0.001533199669772379,0.9088335888666116,,,,,,,
316,K,0.027007901875221136,0.02205448755749499,0.03207925462908362,0.022880056610449347,0.027007901875221136,0.03148956244840193,0.024177379407949052,0.023941502535676378,0.02571057907772143,0.026772025002948462,0.027361717183630146,0.03255100837362897,0.024885010024767073,0.03219719306521995,0.02382356409954004,0.02830522467272084,0.023351810354994694,0.02724377874749381,0.026654086566812125,0.02535676376931242,0.028894916853402525,0.020403349451586273,0.0010614459252270315,0.89987026772025,,,,,,,
317,L,0.02429531784408539,0.02346974879113103,0.02382356409954004,0.02500294846090341,0.026418209694539452,0.024885010024767073,0.026300271258403115,0.024177379407949052,0.027125840311357473,0.025946455949994104,0.034791838660219364,0.02983842434249322,0.02653614813067579,0.024059440971812715,0.02311593348272202,0.029248732161811536,0.02500294846090341,0.02724377874749381,0.02795140936431183,0.022172425993631326,0.0246491331524944,0.022997995046585683,0.0008255690529543579,0.9170892793961553,,,,,,,
318,M,0.020403349451586273,0.022408302865904,0.022290364429767662,0.022172425993631326,0.0246491331524944,0.021700672249085978,0.023705625663403705,0.024531194716358062,0.02382356409954004,0.02830522467272084,0.02830522467272084,0.02877697841726619,0.023351810354994694,0.025828517513857768,0.027007901875221136,0.0268899634390848,0.030074301214765894,0.029012855289538862,0.021464795376813305,0.023351810354994694,0.02311593348272202,0.02052128788772261,0.0012973227974997052,0.9488147187168298,,,,,,,
319,N,0.02122891850454063,0.024059440971812715,0.02276211817431301,0.026772025002948462,0.025238825333176083,0.022880056610449347,0.029956362778629557,0.03656091520226442,0.02311593348272202,0.022997995046585683,0.027479655619766483,0.025120886897039747,0.02653614813067579,0.025946455949994104,0.025828517513857768,0.0268899634390848,0.027715532492039157,0.027125840311357473,0.030310178087038567,0.02653614813067579,0.022172425993631326,0.025120886897039747,0.0005896921806816842,1.0,,,,,,,
320,O,0.028187286236584504,0.021700672249085978,0.022997995046585683,0.024177379407949052,0.026300271258403115,0.02429531784408539,0.025474702205448757,0.026418209694539452,0.029012855289538862,0.022408302865904,0.026182332822266778,0.028069347800448168,0.030074301214765894,0.02653614813067579,0.024177379407949052,0.027125840311357473,0.027361717183630146,0.027715532492039157,0.017808703856586863,0.03148956244840193,0.02653614813067579,0.0179266422927232,0.00011793843613633684,0.9720485906356882,,,,,,,
321,P,0.02122891850454063,0.021700672249085978,0.01981365727090459,0.025592640641585094,0.021936549121358652,0.023705625663403705,0.026182332822266778,0.021936549121358652,0.04953414317726147,0.024531194716358062,0.024531194716358062,0.023587687227267368,0.02571057907772143,0.025238825333176083,0.0268899634390848,0.026654086566812125,0.025474702205448757,0.024413256280221726,0.025946455949994104,0.02087510319613162,0.022997995046585683,0.026300271258403115,0.0,0.911074419153202,,,,,,,
322,,,,,,,,,,,,,,,,,,,,,,,,,,,,,,,,
323,Plate information ,,,,,,,,,,,,,,,,,,,,,,,,,,,,,,,
324,Plate,Repeat,Barcode,Measured height,Chamber temperature at start,Chamber temperature at end,Humidity at start,Humidity at end,Ambient temperature at start,Ambient temperature at end,Formula,Measurement date,,,,,,,,,,,,,,,,,,,,
325,7,1,5041,,,,,,,,Calc 1: Z' = 1 - ((3 * SD(High) + 3 * SD(Low)) / Abs(Avg(High) - Avg(Low))) where Label: Jez US LUM 384 (cps)(1) channel 1  High = Z_High  Low = Z_Low,5/19/23 15:11,,,,,,,,,,,,,,,,,,,,
326,,,,,,,,,,,,,,,,,,,,,,,,,,,,,,,,
327,Background information,,,,,,,,,,,,,,,,,,,,,,,,,,,,,,,
328,Plate,Label,Result,Signal,Flashes/Time,Meastime,MeasInfo,,,,,,,,,,,,,,,,,,,,,,,,,
329,7,Jez US LUM 384 (cps),0,8,0.1,00:00.0,De=USLum Ex=N/A Em=N/A Wdw=N/A (12),,,,,,,,,,,,,,,,,,,,,,,,,
330,,,,,,,,,,,,,,,,,,,,,,,,,,,,,,,,
331,Calculated results: Calc 1: Z' = 1 - ((3 * SD(High) + 3 * SD(Low)) / Abs(Avg(High) - Avg(Low))) where Label: Jez US LUM 384 (cps)(1) channel 1  High = Z_High  Low = Z_Low,,,,,,,,,,,,,,,,,,,,,,,,,,,,,,,
332,,1,2,3,4,5,6,7,8,9,10,11,12,13,14,15,16,17,18,19,20,21,22,23,24,,,,,,,
333,A,0.839019515,0.839019515,,,,,,,,,,,,,,,,,,,,,,0.839019515,,,,,,,
334,B,0.839019515,0.839019515,,,,,,,,,,,,,,,,,,,,,,0.839019515,,,,,,,
335,C,0.839019515,0.839019515,,,,,,,,,,,,,,,,,,,,,,0.839019515,,,,,,,
336,D,0.839019515,0.839019515,,,,,,,,,,,,,,,,,,,,,,0.839019515,,,,,,,
337,E,0.839019515,0.839019515,,,,,,,,,,,,,,,,,,,,,,0.839019515,,,,,,,
338,F,0.839019515,0.839019515,,,,,,,,,,,,,,,,,,,,,,0.839019515,,,,,,,
339,G,0.839019515,0.839019515,,,,,,,,,,,,,,,,,,,,,,0.839019515,,,,,,,
340,H,0.839019515,0.839019515,,,,,,,,,,,,,,,,,,,,,,0.839019515,,,,,,,
341,I,0.839019515,0.839019515,,,,,,,,,,,,,,,,,,,,,,0.839019515,,,,,,,
342,J,0.839019515,0.839019515,,,,,,,,,,,,,,,,,,,,,,0.839019515,,,,,,,
343,K,0.839019515,0.839019515,,,,,,,,,,,,,,,,,,,,,,0.839019515,,,,,,,
344,L,0.839019515,0.839019515,,,,,,,,,,,,,,,,,,,,,,0.839019515,,,,,,,
345,M,0.839019515,0.839019515,,,,,,,,,,,,,,,,,,,,,,0.839019515,,,,,,,
346,N,0.839019515,0.839019515,,,,,,,,,,,,,,,,,,,,,,0.839019515,,,,,,,
347,O,0.839019515,0.839019515,,,,,,,,,,,,,,,,,,,,,,0.839019515,,,,,,,
348,P,0.839019515,0.839019515,,,,,,,,,,,,,,,,,,,,,,0.839019515,,,,,,,
349,,,,,,,,,,,,,,,,,,,,,,,,,,,,,,,,
350,Plate information ,,,,,,,,,,,,,,,,,,,,,,,,,,,,,,,
351,Plate,Repeat,Barcode,Measured height,Chamber temperature at start,Chamber temperature at end,Humidity at start,Humidity at end,Ambient temperature at start,Ambient temperature at end,Group,Label,ScanX,ScanY,Measinfo,Kinetics,Measurement date,,,,,,,,,,,,,,,
352,7,1,5041,14.01,17.52,17.41,62.6,62.5,17.82,17.8,1,Jez US LUM 384 (cps)(1),0,0,De=USLum Ex=N/A Em=N/A Wdw=N/A (12),0,5/19/23 15:11,,,,,,,,,,,,,,,
353,,,,,,,,,,,,,,,,,,,,,,,,,,,,,,,,
354,Background information,,,,,,,,,,,,,,,,,,,,,,,,,,,,,,,
355,Plate,Label,Result,Signal,Flashes/Time,Meastime,MeasInfo,,,,,,,,,,,,,,,,,,,,,,,,,
356,7,Jez US LUM 384 (cps),0,8,0.1,00:00.0,De=USLum Ex=N/A Em=N/A Wdw=N/A (12),,,,,,,,,,,,,,,,,,,,,,,,,
357,,,,,,,,,,,,,,,,,,,,,,,,,,,,,,,,
358,Results for Jez US LUM 384 (cps)(1) - channel 0 (CPS),,,,,,,,,,,,,,,,,,,,,,,,,,,,,,,
359,,1,2,3,4,5,6,7,8,9,10,11,12,13,14,15,16,17,18,19,20,21,22,23,24,,,,,,,
360,A,0.019824922760041195,0.01840885684860968,0.01596292481977343,0.02265705458290422,0.018666323377960866,0.016864057672502576,0.016349124613800205,0.01596292481977343,0.023558187435633367,0.02021112255406797,0.011714727085478887,0.016735324407826983,0.01879505664263646,0.01712152420185376,0.024588053553038103,0.018151390319258498,0.02265705458290422,0.01660659114315139,0.01712152420185376,0.014933058702368692,0.021627188465499485,0.022914521112255407,0.0009011328527291452,0.899330587023687,,,A11,Fludrocortisone Acetate,,,
361,B,0.021112255406797117,0.016477857878475798,0.01892378990731205,0.022914521112255407,0.02201338825952626,0.01956745623069001,0.01956745623069001,0.018280123583934087,0.024974253347064882,0.026261585993820804,0.027162718846549947,0.016091658084449022,0.021755921730175078,0.021112255406797117,0.029994850669412976,0.019824922760041195,0.02265705458290422,0.03231204943357364,0.02021112255406797,0.017507723995880537,0.024459320288362514,0.026004119464469618,0.0020597322348094747,0.8898043254376931,,,,,,,
362,C,0.020983522142121524,0.02252832131822863,0.015834191555097837,0.028192584963954687,0.016477857878475798,0.020339855818743563,0.016349124613800205,0.02188465499485067,0.02729145211122554,0.027162718846549947,0.024716786817713696,0.02613285272914521,0.02330072090628218,0.0213697219361483,0.024459320288362514,0.024974253347064882,0.023944387229660143,0.02368692070030896,0.019309989701338827,0.018022657054582905,0.01905252317198764,0.023558187435633367,0.0006436663233779609,0.8661174047373842,,,,,,,
363,D,0.022142121524201853,0.018280123583934087,0.01776519052523172,0.02832131822863028,0.029994850669412976,0.020983522142121524,0.024073120494335735,0.01879505664263646,0.026905252317198765,0.025746652935118436,0.026776519052523172,0.025617919670442843,0.024073120494335735,0.019824922760041195,0.02059732234809475,0.027162718846549947,0.025360453141091657,0.02059732234809475,0.018151390319258498,0.01905252317198764,0.017636457260556127,0.024716786817713696,0.0011585993820803296,0.9503089598352215,,,,,,,
364,E,0.025231719876416064,0.024459320288362514,0.026519052523171986,0.02548918640576725,0.02548918640576725,0.019181256436663234,0.025231719876416064,0.02252832131822863,0.029222451081359423,0.02845005149330587,0.028578784757981462,0.025231719876416064,0.024588053553038103,0.028707518022657055,0.029222451081359423,0.024073120494335735,0.015834191555097837,0.02973738414006179,0.02085478887744593,0.027162718846549947,0.02265705458290422,0.026390319258496397,0.000772399588053553,0.9546858908341915,,,,,,,
365,F,0.02420185375901133,0.023944387229660143,0.020983522142121524,0.026776519052523172,0.03012358393408857,0.020468589083419156,0.025360453141091657,0.02201338825952626,0.026261585993820804,0.025746652935118436,0.02420185375901133,0.02767765190525232,0.022142121524201853,0.029866117404737384,0.02909371781668383,0.026519052523171986,0.02832131822863028,0.026261585993820804,0.025875386199794025,0.016735324407826983,0.021755921730175078,0.02433058702368692,0.0016735324407826982,0.9831359423274975,,,,,,,
366,G,0.02201338825952626,0.02008238928939238,0.029994850669412976,0.023043254376931,0.03012358393408857,0.027162718846549947,0.031282183316168895,0.019181256436663234,0.026519052523171986,0.02420185375901133,0.0213697219361483,0.025875386199794025,0.03398558187435633,0.02664778578784758,0.027033985581874358,0.03192584963954686,0.030895983522142123,0.03153964984552008,0.02021112255406797,0.02008238928939238,0.027033985581874358,0.021498455200823892,0.0011585993820803296,0.903063851699279,,,,,,,
367,H,0.024974253347064882,0.024459320288362514,0.027548918640576726,0.029351184346035016,0.022914521112255407,0.027548918640576726,0.029351184346035016,0.027420185375901133,0.0296086508753862,0.030252317198764162,0.025746652935118436,0.028192584963954687,0.024073120494335735,0.02896498455200824,0.03166838311019567,0.02767765190525232,0.017378990731204944,0.030252317198764162,0.02252832131822863,0.02265705458290422,0.026261585993820804,0.026004119464469618,0.0012873326467559218,0.9788877445932029,,,,,,,
368,I,0.02252832131822863,0.025360453141091657,0.027033985581874358,0.027548918640576726,0.027162718846549947,0.024459320288362514,0.028063851699279094,0.01943872296601442,0.024459320288362514,0.0279351184346035,0.029866117404737384,0.029994850669412976,0.019309989701338827,0.029222451081359423,0.025360453141091657,0.029222451081359423,0.027548918640576726,0.031797116374871266,0.024588053553038103,0.02548918640576725,0.026519052523171986,0.024716786817713696,0.0011585993820803296,0.972193614830072,,,,,,,
369,J,0.02239958805355304,0.025360453141091657,0.025617919670442843,0.01840885684860968,0.021498455200823892,0.02008238928939238,0.0279351184346035,0.031282183316168895,0.026004119464469618,0.0279351184346035,0.029351184346035016,0.026905252317198765,0.0279351184346035,0.031153450051493305,0.02845005149330587,0.026004119464469618,0.028192584963954687,0.028063851699279094,0.02433058702368692,0.01879505664263646,0.02548918640576725,0.027548918640576726,0.0012873326467559218,0.9904737384140062,,,,,,,
370,K,0.022270854788877446,0.02330072090628218,0.01879505664263646,0.02613285272914521,0.02124098867147271,0.024073120494335735,0.02729145211122554,0.02188465499485067,0.031797116374871266,0.026905252317198765,0.02845005149330587,0.017636457260556127,0.027548918640576726,0.032826982492276,0.02729145211122554,0.03141091658084449,0.024716786817713696,0.01905252317198764,0.025746652935118436,0.01892378990731205,0.01943872296601442,0.025875386199794025,0.000772399588053553,0.9903450051493305,,,,,,,
371,L,0.022914521112255407,0.01725025746652935,0.020468589083419156,0.027548918640576726,0.08303295571575695,0.023558187435633367,0.02909371781668383,0.02330072090628218,0.02896498455200824,0.025617919670442843,0.030895983522142123,0.0279351184346035,0.03012358393408857,0.02729145211122554,0.0279351184346035,0.029866117404737384,0.029994850669412976,0.027033985581874358,0.017378990731204944,0.019181256436663234,0.023558187435633367,0.02484552008238929,0.0003861997940267765,0.9800463439752832,,,,,,,
372,M,0.01840885684860968,0.016220391349124615,0.017893923789907312,0.026261585993820804,0.024073120494335735,0.028707518022657055,0.024974253347064882,0.025746652935118436,0.025231719876416064,0.027162718846549947,0.02767765190525232,0.029351184346035016,0.02832131822863028,0.020468589083419156,0.02239958805355304,0.02845005149330587,0.023558187435633367,0.038233779608650875,0.023558187435633367,0.02124098867147271,0.025360453141091657,0.016735324407826983,0.0,0.8613542739443872,,,,,,,
373,N,0.020468589083419156,0.019181256436663234,0.025231719876416064,0.025360453141091657,0.026776519052523172,0.026004119464469618,0.02613285272914521,0.027162718846549947,0.030509783728115344,0.02729145211122554,0.016864057672502576,0.027033985581874358,0.024974253347064882,0.045957775489186406,0.03668898043254377,0.03424304840370752,0.029866117404737384,0.02767765190525232,0.027548918640576726,0.02021112255406797,0.02085478887744593,0.02484552008238929,0.0006436663233779609,1.0,,,,,,,
374,O,0.019696189495365602,0.025102986611740475,0.02008238928939238,0.024459320288362514,0.02433058702368692,0.02433058702368692,0.024974253347064882,0.026519052523171986,0.03076725025746653,0.022785787847579814,0.026776519052523172,0.029994850669412976,0.023944387229660143,0.026776519052523172,0.018280123583934087,0.025102986611740475,0.028192584963954687,0.0296086508753862,0.02239958805355304,0.023944387229660143,0.02059732234809475,0.01956745623069001,0.00012873326467559217,0.957389289392379,,,,,,,
375,P,0.022914521112255407,0.02201338825952626,0.02008238928939238,0.02265705458290422,0.025746652935118436,0.026905252317198765,0.023944387229660143,0.019696189495365602,0.01892378990731205,0.021755921730175078,0.02330072090628218,0.02613285272914521,0.02021112255406797,0.021755921730175078,0.023429454170957775,0.026776519052523172,0.025617919670442843,0.025102986611740475,0.022785787847579814,0.018666323377960866,0.014289392378990731,0.022914521112255407,0.00012873326467559217,0.9178681771369722,,,,,,,
376,,,,,,,,,,,,,,,,,,,,,,,,,,,,,,,,
377,,,,,,,,,,,,,,,,,,,,,,,,,,,,,,,,
378,Basic assay information ,,,,,,,,,,,,,,,,,,,,,,,,,,,,,,,
379,Assay ID: ,,,,703,,,,,,,,,,,,,,,,,,,,,,,,,,,
380,Assay Started: ,,,,5/19/23 15:00,,,,,,,,,,,,,,,,,,,,,,,,,,,
381,Assay Finished: ,,,,5/19/23 15:12,,,,,,,,,,,,,,,,,,,,,,,,,,,
382,Assay Exported: ,,,,5/19/23 16:25,,,,,,,,,,,,,,,,,,,,,,,,,,,
383,Protocol ID: ,,,,100135,,,,,,,,,,,,,,,,,,,,,,,,,,,
384,Protocol Name: ,,,,Klein lab BTG,,,,,,,,,,,,,,,,,,,,,,,,,,,
385,Serial#: ,,,,1051054,,,,,,,,,,,,,,,,,,,,,,,,,,,
386,,,,,,,,,,,,,,,,,,,,,,,,,,,,,,,,
387,,,,,,,,,,,,,,,,,,,,,,,,,,,,,,,,
388,,,,,,,,,,,,,,,,,,,,,,,,,,,,,,,,
389,Protocol information,,,,,,,,,,,,,,,,,,,,,,,,,,,,,,,
390,Protocol:,,,,,,,,,,,,,,,,,,,,,,,,,,,,,,,
391,Protocol name,,,,Klein lab BTG,,,,,,,,,,,,,,,,,,,,,,,,,,,
392,Number of assay repeats,,,,1,,,,,,,,,,,,,,,,,,,,,,,,,,,
393,Start assay repeat each,,,,,,,,,,,,,,,,,,,,,,,,,,,,,,,
394,Number of plate repeats,,,,1,,,,,,,,,,,,,,,,,,,,,,,,,,,
395,Start plate repeat each,,,,,,,,,,,,,,,,,,,,,,,,,,,,,,,
396,Is label meas. height used,,,,Yes,,,,,,,,,,,,,,,,,,,,,,,,,,,
397,Height of measurement,,,,Defined in label,,,,,,,,,,,,,,,,,,,,,,,,,,,
398,Is gripper height used,,,,No,,,,,,,,,,,,,,,,,,,,,,,,,,,
399,Mode of measurement,,,,By Rows  bi-directional,,,,,,,,,,,,,,,,,,,,,,,,,,,
400,Rotated plate,,,,No,,,,,,,,,,,,,,,,,,,,,,,,,,,
401,Soft move,,,,No,,,,,,,,,,,,,,,,,,,,,,,,,,,
402,Protocol notes,,,, ,,,,,,,,,,,,,,,,,,,,,,,,,,,
403,,,,,,,,,,,,,,,,,,,,,,,,,,,,,,,,
404,Plate type:,,,,,,,,,,,,,,,,,,,,,,,,,,,,,,,
405,Name of the plate type,,,,384 Nunc Maxisorp 460372,,,,,,,,,,,,,,,,,,,,,,,,,,,
406,Number of rows,,,,16,,,,,,,,,,,,,,,,,,,,,,,,,,,
407,Number of columns,,,,24,,,,,,,,,,,,,,,,,,,,,,,,,,,
408,Number of the wells in the plate,,,,384,,,,,,,,,,,,,,,,,,,,,,,,,,,
409,Height of the plate,,,,14.4 mm,,,,,,,,,,,,,,,,,,,,,,,,,,,
410,,,,,,,,,,,,,,,,,,,,,,,,,,,,,,,,
411,Coordinates of corners:,,,,,,,,,,,,,,,,,,,,,,,,,,,,,,,
412,384 Nunc Maxisorp 460372 + Jez US LUM 384 (cps),,,,,,,,,,,,,,,,,,,,,,,,,,,,,,,
413,11.88 mm x------------------------------------------------------ x 115.3 mm,,,,,,,,,,,,,,,,,,,,,,,,,,,,,,,
414,9.09 mm                                                            9.11 mm,,,,,,,,,,,,,,,,,,,,,,,,,,,,,,,
415,,,,,,,,,,,,,,,,,,,,,,,,,,,,,,,,
416,11.83 mm x------------------------------------------------------ x 115.43 mm,,,,,,,,,,,,,,,,,,,,,,,,,,,,,,,
417,76.51 mm                                                           76.32 mm,,,,,,,,,,,,,,,,,,,,,,,,,,,,,,,
418,,,,,,,,,,,,,,,,,,,,,,,,,,,,,,,,
419,Platemap:,,,,,,,,,,,,,,,,,,,,,,,,,,,,,,,
420,Plate,,,,1,,,,,,,,,,,,,,,,,,,,,,,,,,,
421,Group,,,,1,,,,,,,,,,,,,,,,,,,,,,,,,,,
422,,,,,,,,,,,,,,,,,,,,,,,,,,,,,,,,
423,,1,2,3,4,5,6,7,8,9,10,11,12,13,14,15,16,17,18,19,20,21,22,23,24,,,,,,,
424,A,ZL,ZL,- ,- ,- ,- ,- ,- ,- ,- ,- ,- ,- ,- ,- ,- ,- ,- ,- ,- ,- ,- ,- ,ZH,,,,,,,
425,B,ZL,ZL,- ,- ,- ,- ,- ,- ,- ,- ,- ,- ,- ,- ,- ,- ,- ,- ,- ,- ,- ,- ,- ,ZH,,,,,,,
426,C,ZL,ZL,- ,- ,- ,- ,- ,- ,- ,- ,- ,- ,- ,- ,- ,- ,- ,- ,- ,- ,- ,- ,- ,ZH,,,,,,,
427,D,ZL,ZL,- ,- ,- ,- ,- ,- ,- ,- ,- ,- ,- ,- ,- ,- ,- ,- ,- ,- ,- ,- ,- ,ZH,,,,,,,
428,E,ZL,ZL,- ,- ,- ,- ,- ,- ,- ,- ,- ,- ,- ,- ,- ,- ,- ,- ,- ,- ,- ,- ,- ,ZH,,,,,,,
429,F,ZL,ZL,- ,- ,- ,- ,- ,- ,- ,- ,- ,- ,- ,- ,- ,- ,- ,- ,- ,- ,- ,- ,- ,ZH,,,,,,,
430,G,ZL,ZL,- ,- ,- ,- ,- ,- ,- ,- ,- ,- ,- ,- ,- ,- ,- ,- ,- ,- ,- ,- ,- ,ZH,,,,,,,
431,H,ZL,ZL,- ,- ,- ,- ,- ,- ,- ,- ,- ,- ,- ,- ,- ,- ,- ,- ,- ,- ,- ,- ,- ,ZH,,,,,,,
432,I,ZL,ZL,- ,- ,- ,- ,- ,- ,- ,- ,- ,- ,- ,- ,- ,- ,- ,- ,- ,- ,- ,- ,- ,ZH,,,,,,,
433,J,ZL,ZL,- ,- ,- ,- ,- ,- ,- ,- ,- ,- ,- ,- ,- ,- ,- ,- ,- ,- ,- ,- ,- ,ZH,,,,,,,
434,K,ZL,ZL,- ,- ,- ,- ,- ,- ,- ,- ,- ,- ,- ,- ,- ,- ,- ,- ,- ,- ,- ,- ,- ,ZH,,,,,,,
435,L,ZL,ZL,- ,- ,- ,- ,- ,- ,- ,- ,- ,- ,- ,- ,- ,- ,- ,- ,- ,- ,- ,- ,- ,ZH,,,,,,,
436,M,ZL,ZL,- ,- ,- ,- ,- ,- ,- ,- ,- ,- ,- ,- ,- ,- ,- ,- ,- ,- ,- ,- ,- ,ZH,,,,,,,
437,N,ZL,ZL,- ,- ,- ,- ,- ,- ,- ,- ,- ,- ,- ,- ,- ,- ,- ,- ,- ,- ,- ,- ,- ,ZH,,,,,,,
438,O,ZL,ZL,- ,- ,- ,- ,- ,- ,- ,- ,- ,- ,- ,- ,- ,- ,- ,- ,- ,- ,- ,- ,- ,ZH,,,,,,,
439,P,ZL,ZL,- ,- ,- ,- ,- ,- ,- ,- ,- ,- ,- ,- ,- ,- ,- ,- ,- ,- ,- ,- ,- ,ZH,,,,,,,
440,,,,,,,,,,,,,,,,,,,,,,,,,,,,,,,,
441, ZL - Z_Low,,,,,,,,,,,,,,,,,,,,,,,,,,,,,,,
442, - - Undefined,,,,,,,,,,,,,,,,,,,,,,,,,,,,,,,
443, ZH - Z_High,,,,,,,,,,,,,,,,,,,,,,,,,,,,,,,
444,,,,,,,,,,,,,,,,,,,,,,,,,,,,,,,,
445,Calculations:,,,,,,,,,,,,,,,,,,,,,,,,,,,,,,,
446,Plate,,,,1,,,,,,,,,,,,,,,,,,,,,,,,,,,
447, Formula index,,,,Calc 1,,,,,,,,,,,,,,,,,,,,,,,,,,,
448, Formula name,,,,Z',,,,,,,,,,,,,,,,,,,,,,,,,,,
449, Formula,,,,1 - ((3 * SD(High) + 3 * SD(Low)) / Abs(Avg(High) - Avg(Low))) where Label: Jez US LUM 384 (cps)(1) channel 1  High = Z_High  Low = Z_Low,,,,,,,,,,,,,,,,,,,,,,,,,,,
450,,,,,,,,,,,,,,,,,,,,,,,,,,,,,,,,
451,Auto export parameters:,,,,,,,,,,,,,,,,,,,,,,,,,,,,,,,
452,Export format,,,,Plate2,,,,,,,,,,,,,,,,,,,,,,,,,,,
453,Include basic assay information,,,,Yes,,,,,,,,,,,,,,,,,,,,,,,,,,,
454,Place assay information at,,,,End of file,,,,,,,,,,,,,,,,,,,,,,,,,,,
455,Include basic plate information,,,,Yes,,,,,,,,,,,,,,,,,,,,,,,,,,,
456,Place plate information at,,,,Beginning of plate,,,,,,,,,,,,,,,,,,,,,,,,,,,
457,Include protocol information,,,,Yes,,,,,,,,,,,,,,,,,,,,,,,,,,,
458,Protocol info level,,,,Large,,,,,,,,,,,,,,,,,,,,,,,,,,,
459,Include error and warning information,,,,Yes,,,,,,,,,,,,,,,,,,,,,,,,,,,
460,Include background information,,,,Yes,,,,,,,,,,,,,,,,,,,,,,,,,,,
461,Add plate number to the file name,,,,Yes,,,,,,,,,,,,,,,,,,,,,,,,,,,
462,Each plate to separate file,,,,No,,,,,,,,,,,,,,,,,,,,,,,,,,,
463,Field separator to use,,,,System,,,,,,,,,,,,,,,,,,,,,,,,,,,
464,File name format,,,,<DefaultDataFolder>\<Date>\<ProtocolName>_<AssayID>.csv,,,,,,,,,,,,,,,,,,,,,,,,,,,
465,,,,,,,,,,,,,,,,,,,,,,,,,,,,,,,,
466,Operations:,,,,,,,,,,,,,,,,,,,,,,,,,,,,,,,
467,Plate 1,,,,,,,,,,,,,,,,,,,,,,,,,,,,,,,
468,  Group 1,,,,,,,,,,,,,,,,,,,,,,,,,,,,,,,
469,    Measurement,,,,,,,,,,,,,,,,,,,,,,,,,,,,,,,
470,      Label,,,,Jez US LUM 384 (cps)(1),,,,,,,,,,,,,,,,,,,,,,,,,,,
471,,,,,,,,,,,,,,,,,,,,,,,,,,,,,,,,
472,Labels:,,,,,,,,,,,,,,,,,,,,,,,,,,,,,,,
473,Jez US LUM 384 (cps),,,,7000006,,,,,,,,,,,,,,,,,,,,,,,,,,,
474,Measurement height,,,,0 mm,,,,,,,,,,,,,,,,,,,,,,,,,,,
475,Measurement time,,,,0.1 s,,,,,,,,,,,,,,,,,,,,,,,,,,,
476,CT,,,,0,,,,,,,,,,,,,,,,,,,,,,,,,,,
477,Aperture,,,,384 Plate US Luminescence aperture,,,,,,,,,,,,,,,,,,,,,,,,,,,
478,Last edited,,,,3/2/23 11:21,,,,,,,,,,,,,,,,,,,,,,,,,,,
479,Last edited by,,,,EnVision,,,,,,,,,,,,,,,,,,,,,,,,,,,
480,Factory preset,,,,No,,,,,,,,,,,,,,,,,,,,,,,,,,,
481,,,,,,,,,,,,,,,,,,,,,,,,,,,,,,,,
482,Aperture:,,,,,,,,,,,,,,,,,,,,,,,,,,,,,,,
483,384 Plate US Luminescence aperture,,,,9,,,,,,,,,,,,,,,,,,,,,,,,,,,
484,Height,,,,4.2 mm,,,,,,,,,,,,,,,,,,,,,,,,,,,
485,Diameter,,,,3.7 mm,,,,,,,,,,,,,,,,,,,,,,,,,,,
486,Description,,,,Can also be used in 96 plate,,,,,,,,,,,,,,,,,,,,,,,,,,,
487,Last edited,,,,3/9/22 17:22,,,,,,,,,,,,,,,,,,,,,,,,,,,
488,Last edited by,,,,Installation,,,,,,,,,,,,,,,,,,,,,,,,,,,
489,Factory preset,,,,Yes,,,,,,,,,,,,,,,,,,,,,,,,,,,
490,,,,,,,,,,,,,,,,,,,,,,,,,,,,,,,,
491,Instrument:,,,,,,,,,,,,,,,,,,,,,,,,,,,,,,,
492,Serial number,,,,1051054,,,,,,,,,,,,,,,,,,,,,,,,,,,
493,Nickname,,,,EnVision#Alpha_680nm,,,,,,,,,,,,,,,,,,,,,,,,,,,
494,,,,,,,,,,,,,,,,,,,,,,,,,,,,,,,,
495,Normalization:,,,,,,,,,,,,,,,,,,,,,,,,,,,,,,,
496,,,,,,,,,,,,,,,,,,,,,,,,,,,,,,,,
497,,,,,,,,,,,,,,,,,,,,,,,,,,,,,,,,
498,,,,,,,,,,,,,,,,,,,,,,,,,,,,,,,,
499,Assay notifications:,,,,,,,,,,,,,,,,,,,,,,,,,,,,,,,
500,WARNING: Warning while loading plate. Stacker out of plates. Plate 7 Plate Repeat 1 Well P01,,,,,,,,,,,,,,,,,,,,,,,,,,,,,,,
501,,,,,,,,,,,,,,,,,,,,,,,,,,,,,,,,
502,,,,,,,,,,,,,,,,,,,,,,,,,,,,,,,,
503,,,,,,,,,,,,,,,,,,,,,,,,,,,,,,,,
504,Exported with EnVision Workstation version 1.14.3049.1193,,,,,,,,,,,,,,,,,,,,,,,,,,,,,,,
