Unnamed: 0,0,1,2,3,4,5,6,7,8,9,10,11,12,13,14,15,16,17,18,19,20,21,22,23,24,25
0,0,Plate,Repeat,Barcode,Measured height,Chamber temperature at start,Chamber temperature at end,Humidity at start,Humidity at end,Ambient temperature at start,Ambient temperature at end,Group,Label,ScanX,ScanY,Measinfo,Kinetics,Measurement date,,,,,,,,
1,1,1,1,H2060210,14.01,17.61,17.72,40.4,40.3,18,18.02,1,Jez US LUM 384 (cps)(1),0,0,De=USLum Ex=N/A Em=N/A Wdw=N/A (12),0,4/12/23 18:33,,,,,,,,
2,2,,,,,,,,,,,,,,,,,,,,,,,,,
3,3,Background information,,,,,,,,,,,,,,,,,,,,,,,,
4,4,Plate,Label,Result,Signal,Flashes/Time,Meastime,MeasInfo,,,,,,,,,,,,,,,,,,
5,5,1,Jez US LUM 384 (cps),0,24,0.1,00:00.0,De=USLum Ex=N/A Em=N/A Wdw=N/A (12),,,,,,,,,,,,,,,,,,
6,6,,,,,,,,,,,,,,,,,,,,,,,,,
7,7,Results for Jez US LUM 384 (cps)(1) - channel 0 (CPS),,,,,,,,,,,,,,,,,,,,,,,,
8,8,,1,2,3,4,5,6,7,8,9,10,11,12,13,14,15,16,17,18,19,20,21,22,23,24
9,9,A,5360,5320,5640,5320,6000,6280,6520,6800,6280,6040,6720,6040,6560,6160,6360,6160,6440,6720,5800,5720,5960,6400,34440,37000
10,10,B,5560,5520,6640,6880,5240,6880,6480,7040,11880,7120,7640,6360,8800,7920,5560,5480,6840,7120,7400,6440,6560,7480,36920,36720
11,11,C,5920,5720,6680,6640,6400,7160,5680,8160,7840,8480,7600,7400,5520,7800,8280,7520,7360,7600,7040,7400,7040,7360,37360,34920
12,12,D,6640,7040,6760,7720,6080,8120,7520,7840,8880,8320,8400,8320,8240,5880,7400,8360,8360,7480,6400,7680,7040,7800,39800,33720
13,13,E,7040,6040,6440,7720,9520,9480,7360,9760,9320,8440,9240,8760,11080,9200,10240,9960,10320,10680,34240,9320,10200,9560,49560,38440
14,14,F,7160,7480,8360,8560,9200,9800,9200,9480,10160,9480,10120,9680,13600,10240,10040,10000,9640,10640,10840,9800,10280,10000,39720,37160
15,15,G,6440,6600,7840,8280,9000,8880,7960,8800,8400,7760,9160,8400,10160,9800,9360,10400,9600,9640,8840,8080,8360,8640,38840,34520
16,16,H,6840,7280,8280,8600,8920,9720,8440,7360,8880,9160,10240,10160,9560,9680,9200,8120,9240,10200,10440,9320,9800,9160,39400,35040
17,17,I,6400,6840,7800,7520,8480,8760,7320,5880,8560,9400,8720,8520,9200,9320,9880,7480,10160,20360,9200,7920,17440,8280,36960,37240
18,18,J,6760,7000,7640,7320,7760,8760,8720,9280,9240,8200,9840,9480,6400,6920,9240,9800,7160,9160,9560,7600,9160,8320,37840,33920
19,19,K,6720,7360,7880,6920,8720,9000,8600,9400,8520,9400,8960,9560,10360,10040,8960,9920,6880,9160,10000,7800,8680,9160,40320,36240
20,20,L,6720,6600,7760,7200,8080,8160,7440,8640,9080,8640,8720,9200,7840,8920,9120,9400,9040,9160,9560,8680,9320,8680,38840,35160
21,21,M,6760,6640,8040,6760,7680,9200,9160,9200,8760,9400,9880,8920,9960,9240,9040,9320,9360,9640,9160,7480,9720,9200,41320,36800
22,22,N,7000,5280,6520,7720,7800,7800,8080,7320,7640,6520,6040,6880,9200,8680,8720,8960,8720,8600,5320,5480,9760,8160,40520,38360
23,23,O,6320,6080,7280,4480,7360,7920,8320,8120,7720,6080,7520,7800,7200,8040,8040,7400,6000,8800,6880,8080,6400,7520,41560,38440
24,24,P,5640,5000,6240,6160,5920,6680,6320,6040,6880,6560,6920,6760,7760,7120,7120,8400,6320,6880,7520,7760,7760,7000,43920,39000
25,25,,,,,,,,,,,,,,,,,,,,,,,,,
26,26,Plate information ,,,,,,,,,,,,,,,,,,,,,,,,
27,27,Plate,Repeat,Barcode,Measured height,Chamber temperature at start,Chamber temperature at end,Humidity at start,Humidity at end,Ambient temperature at start,Ambient temperature at end,Group,Label,ScanX,ScanY,Measinfo,Kinetics,Measurement date,,,,,,,,
28,28,2,1,H2060212,14.01,17.62,17.7,40.4,40.3,18.02,18.1,1,Jez US LUM 384 (cps)(1),0,0,De=USLum Ex=N/A Em=N/A Wdw=N/A (12),0,4/12/23 18:34,,,,,,,,
29,29,,,,,,,,,,,,,,,,,,,,,,,,,
30,30,Background information,,,,,,,,,,,,,,,,,,,,,,,,
31,31,Plate,Label,Result,Signal,Flashes/Time,Meastime,MeasInfo,,,,,,,,,,,,,,,,,,
32,32,2,Jez US LUM 384 (cps),0,4,0.1,00:00.0,De=USLum Ex=N/A Em=N/A Wdw=N/A (12),,,,,,,,,,,,,,,,,,
33,33,,,,,,,,,,,,,,,,,,,,,,,,,
34,34,Results for Jez US LUM 384 (cps)(1) - channel 0 (CPS),,,,,,,,,,,,,,,,,,,,,,,,
35,35,,1,2,3,4,5,6,7,8,9,10,11,12,13,14,15,16,17,18,19,20,21,22,23,24
36,36,A,6400,7520,7120,8280,8080,7880,9200,8080,8200,9240,8440,8760,8240,8440,8560,8120,8040,7800,7880,8000,7080,7320,34360,37040
37,37,B,7200,8000,7400,8200,5440,7760,9920,14520,7600,8760,9160,9040,9200,9520,8680,7680,8400,5560,9200,7200,9200,8760,38880,37880
38,38,C,7640,8440,15440,8160,10320,8320,10040,9640,10160,11400,9720,9680,10480,9960,10960,10320,8480,9720,8480,7480,7200,10000,48640,35320
39,39,D,7480,8200,7160,9880,9920,9960,10760,9520,10160,10000,10640,10080,10240,10440,10480,10320,10320,8840,10640,9440,9800,10440,40720,38200
40,40,E,9640,9560,11280,11240,12320,11720,12520,13040,13360,12920,11960,12720,13440,12080,13960,12560,12640,12800,12600,13680,10520,13320,55400,39120
41,41,F,9040,10000,10320,10680,11080,9640,12760,12160,12880,10280,12880,13000,12920,12760,11440,12840,13280,8800,13280,11840,12440,12200,45320,46120
42,42,G,8440,10320,10360,8600,12280,12040,10680,10800,11000,12680,11920,13000,11160,12520,8400,11440,12880,12600,10800,12280,9120,11800,47440,40520
43,43,H,8520,10160,9600,9480,10560,11560,11880,11080,10040,11880,12320,12240,7480,12680,12800,12480,12600,10240,9400,12760,9680,11800,46080,40160
44,44,I,8480,8880,10040,9560,11280,10320,11440,10880,11720,10520,11400,11800,9280,11000,12640,11600,11920,9840,12120,11920,6840,11840,42040,41280
45,45,J,8120,8560,7680,10040,9720,10720,11200,10480,11720,8160,11440,11240,10200,11080,11760,11480,6280,9560,11240,10560,11120,11400,46680,41920
46,46,K,8120,7440,9760,5600,11360,10280,6200,11960,11440,9640,12440,9880,12400,12080,12800,11520,11960,12280,11520,11840,11400,11760,48560,41720
47,47,L,8280,9400,8960,9240,9760,8600,11040,6520,8880,11000,10920,9280,11960,9560,11040,11080,11400,11120,11840,10000,11560,10840,46400,40320
48,48,M,8280,8560,10560,9120,16000,10120,11680,11080,6400,12200,8360,10280,12080,11000,12800,11280,11320,11120,10600,11760,10760,12120,42720,40600
49,49,N,8720,8520,8800,9400,9360,10360,10040,9000,11200,9880,11720,10000,9960,11440,10440,10480,7240,8160,11520,10400,12360,11880,49920,38920
50,50,O,7400,8400,8960,9120,10240,8880,9680,9800,9560,10680,8920,9840,10280,9200,11000,7520,9840,9560,9360,10040,9880,10880,49200,41120
51,51,P,6320,7040,7200,8320,7720,8560,8280,8360,8720,8400,8600,8880,8080,8840,8840,9520,8840,8840,9040,8520,8600,9360,46520,41200
52,52,,,,,,,,,,,,,,,,,,,,,,,,,
53,53,Plate information ,,,,,,,,,,,,,,,,,,,,,,,,
54,54,Plate,Repeat,Barcode,Measured height,Chamber temperature at start,Chamber temperature at end,Humidity at start,Humidity at end,Ambient temperature at start,Ambient temperature at end,Group,Label,ScanX,ScanY,Measinfo,Kinetics,Measurement date,,,,,,,,
55,55,3,1,H2060214,14.01,17.62,17.72,40.4,40.3,18.02,18.11,1,Jez US LUM 384 (cps)(1),0,0,De=USLum Ex=N/A Em=N/A Wdw=N/A (12),0,4/12/23 18:36,,,,,,,,
56,56,,,,,,,,,,,,,,,,,,,,,,,,,
57,57,Background information,,,,,,,,,,,,,,,,,,,,,,,,
58,58,Plate,Label,Result,Signal,Flashes/Time,Meastime,MeasInfo,,,,,,,,,,,,,,,,,,
59,59,3,Jez US LUM 384 (cps),0,8,0.1,00:00.0,De=USLum Ex=N/A Em=N/A Wdw=N/A (12),,,,,,,,,,,,,,,,,,
60,60,,,,,,,,,,,,,,,,,,,,,,,,,
61,61,Results for Jez US LUM 384 (cps)(1) - channel 0 (CPS),,,,,,,,,,,,,,,,,,,,,,,,
62,62,,1,2,3,4,5,6,7,8,9,10,11,12,13,14,15,16,17,18,19,20,21,22,23,24
63,63,A,7560,7920,8080,8160,8200,8400,8720,7920,8240,8280,8080,8880,8360,8480,7800,7280,7680,7480,7480,6520,7160,7440,37120,42320
64,64,B,7640,8720,7920,8200,8800,7680,8600,7800,7600,9600,8960,7560,8520,9120,9960,7400,9160,8280,8080,8680,9360,10200,44000,39440
65,65,C,8720,9080,7720,8080,9520,9920,9720,9280,8320,9960,7200,8000,9840,10600,10560,8240,10000,8920,9560,9280,7400,9640,53000,39680
66,66,D,8640,8520,9040,9920,9480,7600,10320,4400,10440,9160,9960,10480,10440,10320,11000,9440,10040,9760,10320,11080,9920,10240,43160,39160
67,67,E,10080,9680,10920,11040,11720,12120,13080,11520,11720,13200,12120,12760,7640,10120,13560,9280,8280,12440,12000,11520,11840,12800,48840,40920
68,68,F,9960,10000,10160,11240,11000,10760,12160,12960,9680,10720,12280,12560,12360,12760,11960,8880,13760,12600,13480,7520,11480,12840,51720,41440
69,69,G,9200,10480,9800,11440,10720,11360,9160,10440,12520,10040,11320,12760,12440,13840,13240,11920,10720,11720,12080,11920,11280,12720,46960,39600
70,70,H,9240,10000,10000,11120,10520,11880,11440,11440,11520,12320,10720,11880,11880,10800,12160,11400,12280,10000,11840,12200,11240,12240,54600,39360
71,71,I,9240,9600,9640,10280,10440,10160,12080,10760,12240,11600,11320,10760,11320,6320,11800,10920,12720,11280,11560,11840,11240,11720,51000,40120
72,72,J,8760,9320,9960,10000,10480,10720,11760,7320,10040,11760,11120,11520,11280,11000,11600,11360,9360,9040,10680,11320,10640,11360,49920,38840
73,73,K,9000,10280,6960,11280,10520,11320,11640,11560,12120,12120,10560,10840,10720,12920,11800,11840,12120,11280,11320,11120,10000,11920,49800,37760
74,74,L,8360,7520,7960,9360,10400,10880,10400,10560,10560,11240,11560,9320,10840,7720,11560,11000,11680,10800,7120,11560,8000,11720,40880,40840
75,75,M,8640,10680,9960,9720,9120,10240,11520,10560,11760,9960,11040,12440,10720,11200,12160,10040,11600,10280,10760,11000,10560,12400,57000,42960
76,76,N,8520,10240,8960,9400,9520,10040,9840,12720,9520,10280,9120,10880,10080,10920,10040,9920,10560,10480,9800,10240,9960,11240,48560,43440
77,77,O,8320,6840,9880,8880,10480,9080,11080,7160,10240,10600,9560,8320,9560,8040,9920,9160,9600,7280,9040,6600,8240,9960,41000,47280
78,78,P,6960,8000,7320,7800,8480,8280,8480,7760,8560,8320,8000,8880,8400,8240,8440,8160,8240,8000,7920,8000,7760,8840,47600,40800
79,79,,,,,,,,,,,,,,,,,,,,,,,,,
80,80,Plate information ,,,,,,,,,,,,,,,,,,,,,,,,
81,81,Plate,Repeat,Barcode,Measured height,Chamber temperature at start,Chamber temperature at end,Humidity at start,Humidity at end,Ambient temperature at start,Ambient temperature at end,Group,Label,ScanX,ScanY,Measinfo,Kinetics,Measurement date,,,,,,,,
82,82,4,1,H2060216,14.01,17.72,17.82,40.3,40.6,18.11,18.02,1,Jez US LUM 384 (cps)(1),0,0,De=USLum Ex=N/A Em=N/A Wdw=N/A (12),0,4/12/23 18:38,,,,,,,,
83,83,,,,,,,,,,,,,,,,,,,,,,,,,
84,84,Background information,,,,,,,,,,,,,,,,,,,,,,,,
85,85,Plate,Label,Result,Signal,Flashes/Time,Meastime,MeasInfo,,,,,,,,,,,,,,,,,,
86,86,4,Jez US LUM 384 (cps),0,8,0.1,00:00.0,De=USLum Ex=N/A Em=N/A Wdw=N/A (12),,,,,,,,,,,,,,,,,,
87,87,,,,,,,,,,,,,,,,,,,,,,,,,
88,88,Results for Jez US LUM 384 (cps)(1) - channel 0 (CPS),,,,,,,,,,,,,,,,,,,,,,,,
89,89,,1,2,3,4,5,6,7,8,9,10,11,12,13,14,15,16,17,18,19,20,21,22,23,24
90,90,A,6560,6080,7240,6640,6760,7120,7520,7280,7440,6920,7480,7280,7440,7680,7760,7480,7080,7400,7800,6640,6960,7160,35960,37640
91,91,B,6880,6120,7800,6600,7760,7440,6120,7680,7480,7880,8640,7720,7800,7640,8400,5120,8040,8360,7800,8600,7400,7640,37400,34200
92,92,C,7600,7360,8080,8400,8240,7760,8600,8040,9320,7520,9280,8120,8360,8560,8480,5680,9720,7640,8720,7680,8400,8240,34480,37200
93,93,D,6840,7160,7480,7360,8120,8160,6680,8560,8520,8760,8440,8680,8360,8920,8680,7680,9200,7240,8800,8080,7920,8360,37320,37400
94,94,E,8800,9120,9480,10200,9920,11960,10360,10400,10320,9560,9520,11280,10680,7560,11600,10960,18720,9920,12120,10560,11000,11720,39640,43640
95,95,F,7920,9480,9440,9440,13120,8960,11000,10080,9920,11160,11080,11600,11400,10920,12520,10920,10560,10560,10600,11640,10000,11280,42880,40840
96,96,G,8720,9160,8720,9920,7040,10280,10720,9920,9960,9800,6960,8720,10760,11160,8680,9040,11200,9880,10840,9680,9720,10000,38280,42200
97,97,H,8160,7920,8960,7040,10080,9400,10360,10240,10960,7280,9880,10680,11400,9120,10760,9840,11040,10280,8880,11640,9040,10960,37200,38720
98,98,I,7680,7360,29520,9760,9120,10120,10000,10360,11200,10200,10880,10760,7080,11360,10600,10800,9960,10520,10480,10280,10680,10520,40120,42600
99,99,J,7040,8200,8680,9520,13960,9840,8320,7520,7840,10560,9680,10760,10000,10480,10240,10000,9920,7720,9120,10000,5000,10280,39720,37800
100,100,K,8640,9200,8400,9760,9240,10480,10400,8440,9560,7160,10520,9760,9600,10880,9960,11800,10280,10760,11200,8280,9280,10240,41480,41520
101,101,L,7560,8560,9040,9040,9320,9720,9560,11280,9840,10240,9880,10520,8840,6400,9720,9960,9720,9960,9840,11200,10120,9880,38640,40600
102,102,M,8560,7040,6560,9840,4520,10000,9560,9920,10480,10200,10720,10960,10560,11440,10760,10680,10880,9160,10640,4880,9240,10800,40760,42680
103,103,N,7560,4960,5720,8400,9080,7760,7320,9600,12800,10480,10400,9960,9800,10880,10600,9400,7200,9680,9640,11000,9720,10400,41680,43040
104,104,O,7880,6080,8240,9880,9600,9320,8840,8120,9720,9040,9200,9800,9080,10520,10360,9360,10240,8320,9640,9400,9440,9320,39720,49320
105,105,P,6360,6480,7400,7360,8120,7160,8200,8160,8120,8840,7720,8480,8480,8040,9040,8400,7760,8480,7840,8440,8120,7880,43960,44000
106,106,,,,,,,,,,,,,,,,,,,,,,,,,
107,107,Plate information ,,,,,,,,,,,,,,,,,,,,,,,,
108,108,Plate,Repeat,Barcode,Measured height,Chamber temperature at start,Chamber temperature at end,Humidity at start,Humidity at end,Ambient temperature at start,Ambient temperature at end,Group,Label,ScanX,ScanY,Measinfo,Kinetics,Measurement date,,,,,,,,
109,109,5,1,H2060218,14.01,17.82,17.72,40.6,40.7,18.02,18.02,1,Jez US LUM 384 (cps)(1),0,0,De=USLum Ex=N/A Em=N/A Wdw=N/A (12),0,4/12/23 18:39,,,,,,,,
110,110,,,,,,,,,,,,,,,,,,,,,,,,,
111,111,Background information,,,,,,,,,,,,,,,,,,,,,,,,
112,112,Plate,Label,Result,Signal,Flashes/Time,Meastime,MeasInfo,,,,,,,,,,,,,,,,,,
113,113,5,Jez US LUM 384 (cps),0,4,0.1,00:00.0,De=USLum Ex=N/A Em=N/A Wdw=N/A (12),,,,,,,,,,,,,,,,,,
114,114,,,,,,,,,,,,,,,,,,,,,,,,,
115,115,Results for Jez US LUM 384 (cps)(1) - channel 0 (CPS),,,,,,,,,,,,,,,,,,,,,,,,
116,116,,1,2,3,4,5,6,7,8,9,10,11,12,13,14,15,16,17,18,19,20,21,22,23,24
117,117,A,6080,6280,6680,7080,7200,7400,7200,7520,7320,7880,8400,7720,7520,7640,10520,7680,7440,7680,7040,7000,7880,7000,36240,37000
118,118,B,6880,6400,6880,7320,7360,7640,7280,8080,7440,7560,7800,7680,7800,11080,1369040,11080,7280,7840,6760,7160,7560,7840,36800,35720
119,119,C,7400,7560,7000,7480,8640,7520,8080,8480,8920,8200,9280,8080,9760,7880,10880,9600,7760,8680,8600,8000,8760,8400,37440,35960
120,120,D,7360,6920,8040,7800,8080,9080,8440,8920,8240,8040,8720,8840,8320,8160,8800,9000,7600,8040,8960,5280,6200,8280,37680,36320
121,121,E,8680,8840,7320,10320,10040,8720,10320,10600,11160,9960,12040,10920,10720,10600,9000,10480,9280,10760,11080,9840,10880,9960,36040,39200
122,122,F,8120,9440,9640,9720,10640,9960,8720,11240,10400,8720,10640,10680,11080,10320,10880,7600,10720,10520,10880,10560,10080,10200,39960,39280
123,123,G,8280,8160,8840,9280,10160,9720,10360,11120,10800,8960,8760,10840,9520,9960,10880,11320,9600,10400,6720,11080,10600,9480,36600,37080
124,124,H,8000,7840,8640,5640,9800,9760,10320,10160,10240,9760,6360,10120,11280,9840,11680,10640,10440,8120,10040,9320,7640,9080,40760,37600
125,125,I,8640,7000,9480,9000,8360,10880,9720,9760,10560,10320,10440,9720,9960,9800,10320,8480,10160,9400,8400,9680,10000,9080,36480,36880
126,126,J,7640,7880,8560,7240,9080,9880,9280,9840,9800,9840,9800,10000,10560,8560,9320,10120,5800,9040,8480,9400,8440,8640,39000,36640
127,127,K,8960,8280,8600,9040,6600,10720,9240,8760,10960,10200,10880,10400,11280,9680,9640,10240,9560,9920,9000,7200,9960,9480,40720,39840
128,128,L,6960,8240,7200,8880,8840,12440,9240,10280,26240,9840,10000,10040,4800,9400,10120,10720,9800,10280,7200,9320,9440,9320,39720,37440
129,129,M,8520,8120,8160,9320,9160,9320,5880,9800,10480,9800,9000,9680,9760,9880,10080,11720,7080,10480,9640,8800,12000,9360,42120,38400
130,130,N,7080,7880,8200,8800,8880,9040,9080,9760,9400,9960,9640,9440,10480,9320,9840,9360,9040,9480,9440,8720,9360,10040,41240,39280
131,131,O,7720,14640,7880,8040,7880,9440,8320,9240,9120,7280,9840,9000,8920,9160,6560,9720,7440,8120,8840,7040,9760,8680,41000,40680
132,132,P,5960,6240,7200,6600,8200,8320,7960,8160,7480,8200,8160,7960,8320,7440,8040,7920,6880,8400,7240,8080,7400,7600,44400,40720
133,133,,,,,,,,,,,,,,,,,,,,,,,,,
134,134,Plate information ,,,,,,,,,,,,,,,,,,,,,,,,
135,135,Plate,Repeat,Barcode,Measured height,Chamber temperature at start,Chamber temperature at end,Humidity at start,Humidity at end,Ambient temperature at start,Ambient temperature at end,Group,Label,ScanX,ScanY,Measinfo,Kinetics,Measurement date,,,,,,,,
136,136,6,1,H2060220,14.01,17.7,17.72,40.7,41.2,18.1,18.02,1,Jez US LUM 384 (cps)(1),0,0,De=USLum Ex=N/A Em=N/A Wdw=N/A (12),0,4/12/23 18:41,,,,,,,,
137,137,,,,,,,,,,,,,,,,,,,,,,,,,
138,138,Background information,,,,,,,,,,,,,,,,,,,,,,,,
139,139,Plate,Label,Result,Signal,Flashes/Time,Meastime,MeasInfo,,,,,,,,,,,,,,,,,,
140,140,6,Jez US LUM 384 (cps),0,12,0.1,00:00.0,De=USLum Ex=N/A Em=N/A Wdw=N/A (12),,,,,,,,,,,,,,,,,,
141,141,,,,,,,,,,,,,,,,,,,,,,,,,
142,142,Results for Jez US LUM 384 (cps)(1) - channel 0 (CPS),,,,,,,,,,,,,,,,,,,,,,,,
143,143,,1,2,3,4,5,6,7,8,9,10,11,12,13,14,15,16,17,18,19,20,21,22,23,24
144,144,A,7000,7120,7840,7840,8640,7920,8800,9040,8360,8920,8600,8160,8600,8200,8680,8800,8480,8480,7960,8800,7920,7760,34640,37000
145,145,B,8240,8360,7440,8640,7840,11600,7960,9200,9320,8920,9480,8640,9320,10120,8560,9760,8560,4560,6360,7880,9320,8440,36600,36040
146,146,C,7800,8280,8360,8520,7640,9680,7520,10320,9440,8760,9680,7640,8520,8520,10040,10040,9520,9200,9360,9720,8360,9120,33920,38280
147,147,D,9080,7440,8920,9320,11320,10080,9600,9840,10120,9520,10120,9600,10040,10760,9520,8960,9960,9880,10680,9480,10040,9040,35720,37560
148,148,E,10320,9800,11080,10800,12200,11720,12840,12120,12520,11120,11280,10440,7640,12320,8760,10480,10880,14880,12200,8760,13000,11560,42760,39240
149,149,F,10000,8840,10560,10760,8840,11520,10400,12160,12280,11360,12680,11600,12080,12280,11920,12360,11520,12640,10520,11880,11800,11480,39000,37680
150,150,G,9600,7120,11160,11000,11280,10560,11120,12160,10920,11800,11960,8760,11800,11520,12960,12160,11720,12440,11040,11480,9560,10240,37480,39960
151,151,H,9360,8760,10080,10680,13520,10680,11080,11280,11040,10880,10240,10320,11080,11520,10360,11480,11280,11000,10960,10240,10520,10280,37760,37200
152,152,I,8560,9280,7320,7800,10600,11200,11200,9720,10120,9200,6240,11240,11800,8760,11760,11000,10640,4880,9760,11240,10000,9880,40920,39600
153,153,J,9000,7880,9920,10240,9240,10760,7960,10400,11200,8880,11120,10640,11280,11680,6600,11040,9720,10040,10520,9440,10920,9960,42920,39560
154,154,K,9560,6920,10480,10360,9200,8960,11160,11360,11080,12240,12000,10080,10760,11720,11200,8280,11080,10080,9280,8000,10640,11280,44160,41200
155,155,L,9320,7400,8960,9960,9840,11120,10480,10720,10560,9600,11480,11080,7520,9960,10960,11240,10360,10560,10200,8520,10920,9600,42800,41920
156,156,M,9040,10080,10960,10120,10320,11000,11360,12160,11960,10600,9480,11680,9440,11520,11200,11760,10880,11520,10920,10440,11560,10520,44680,40480
157,157,N,9000,5840,9480,9240,9840,10320,9600,10040,9720,10640,11080,10480,10080,10680,9440,10840,9200,8560,9960,10040,11480,10160,41320,39360
158,158,O,8640,6000,10040,14960,18240,6520,10320,11520,6360,10120,8440,10160,10360,9440,10680,11200,9560,10240,9640,7520,9960,10080,42320,43600
159,159,P,7760,6720,8440,8720,8640,8720,8720,8040,8400,9080,9480,8640,9240,9040,9160,9600,7200,9560,9440,8760,8880,9240,39080,48840
160,160,,,,,,,,,,,,,,,,,,,,,,,,,
161,161,Plate information ,,,,,,,,,,,,,,,,,,,,,,,,
162,162,Plate,Repeat,Barcode,Measured height,Chamber temperature at start,Chamber temperature at end,Humidity at start,Humidity at end,Ambient temperature at start,Ambient temperature at end,Group,Label,ScanX,ScanY,Measinfo,Kinetics,Measurement date,,,,,,,,
163,163,7,1,H2060222,14.01,17.7,17.82,41.2,41.4,18.1,18.02,1,Jez US LUM 384 (cps)(1),0,0,De=USLum Ex=N/A Em=N/A Wdw=N/A (12),0,4/12/23 18:42,,,,,,,,
164,164,,,,,,,,,,,,,,,,,,,,,,,,,
165,165,Background information,,,,,,,,,,,,,,,,,,,,,,,,
166,166,Plate,Label,Result,Signal,Flashes/Time,Meastime,MeasInfo,,,,,,,,,,,,,,,,,,
167,167,7,Jez US LUM 384 (cps),0,8,0.1,00:00.0,De=USLum Ex=N/A Em=N/A Wdw=N/A (12),,,,,,,,,,,,,,,,,,
168,168,,,,,,,,,,,,,,,,,,,,,,,,,
169,169,Results for Jez US LUM 384 (cps)(1) - channel 0 (CPS),,,,,,,,,,,,,,,,,,,,,,,,
170,170,,1,2,3,4,5,6,7,8,9,10,11,12,13,14,15,16,17,18,19,20,21,22,23,24
171,171,A,6400,6680,6360,6840,8160,6480,7760,7560,7000,7800,7440,7800,7280,7400,7600,7200,7600,7320,6560,7120,7320,7880,34120,38200
172,172,B,6880,7040,6320,7280,8160,8520,8160,7880,8360,8440,8280,8800,8600,8640,4960,7360,12160,6480,8200,7240,7320,7840,34760,36280
173,173,C,6560,8000,8120,8400,8520,8960,8720,13440,6720,10120,9160,9120,8760,8240,9240,7360,9400,8080,7920,8840,8400,9040,34080,33840
174,174,D,7400,8000,7520,9040,6160,9400,8040,9560,9880,9160,9360,9960,8520,9040,9360,4520,10080,9120,9680,8760,8800,8800,35800,36720
175,175,E,8800,5320,9240,9800,10840,10280,7840,11120,11360,11760,11560,12440,5200,11520,9920,11320,12480,8240,10000,9200,11440,10480,33640,36280
176,176,F,9520,10120,9520,9960,29440,11320,9280,11400,15360,11280,12120,11440,11360,12120,14160,12320,10560,11720,9800,11640,12720,10840,40320,41680
177,177,G,8520,9000,9360,10480,9320,10120,8040,10760,11400,12040,11720,9120,9480,11320,10320,11080,7960,10800,10680,10160,10120,11280,39920,34120
178,178,H,8520,9880,9040,10040,8000,10240,9240,10440,10880,11120,9120,11480,11560,10680,11720,10560,10400,11880,12040,11160,11080,11840,42200,35280
179,179,I,7680,8040,9200,9480,10720,10600,7640,11080,11280,10640,10520,11400,11640,10880,11840,10240,11080,11080,10080,10120,11040,10880,34640,35640
180,180,J,7760,4440,8640,10000,9480,9560,11360,10440,11280,9440,10600,10360,7560,9440,9880,10800,10960,10680,10280,9920,11320,10040,41600,34160
181,181,K,8120,9040,9920,9320,10880,10280,11440,12040,10480,11440,11120,12040,11480,12360,8760,10040,11360,11000,9720,11480,11080,10400,39840,37640
182,182,L,8720,8560,9040,7800,8320,10840,10400,10960,10600,10640,10160,12120,11200,11440,9360,11360,10760,11000,4240,11280,10800,10640,43600,39480
183,183,M,8480,10640,9200,10480,9360,10360,10680,10920,10400,11800,11520,10880,11480,10400,12280,10680,10280,12560,11240,11200,10640,10760,45680,38800
184,184,N,8280,5320,9400,9600,8680,10760,8800,9480,10640,10120,10880,9000,10120,11920,10560,10320,11120,5160,11360,11320,11360,11280,37800,37440
185,185,O,8520,9760,8880,9880,10320,9440,10320,7080,8880,10200,9560,9760,10760,10480,9000,10240,8720,10240,9480,10240,6920,10040,43080,42840
186,186,P,7000,7720,7600,8840,8240,8800,9120,8640,9120,7960,8560,9480,8720,10520,8400,9160,9440,9200,9720,8800,9200,8920,43240,41400
187,187,,,,,,,,,,,,,,,,,,,,,,,,,
188,188,Plate information ,,,,,,,,,,,,,,,,,,,,,,,,
189,189,Plate,Repeat,Barcode,Measured height,Chamber temperature at start,Chamber temperature at end,Humidity at start,Humidity at end,Ambient temperature at start,Ambient temperature at end,Group,Label,ScanX,ScanY,Measinfo,Kinetics,Measurement date,,,,,,,,
190,190,8,1,H2060224,14.01,17.72,17.62,41.2,40.7,18.02,18.02,1,Jez US LUM 384 (cps)(1),0,0,De=USLum Ex=N/A Em=N/A Wdw=N/A (12),0,4/12/23 18:44,,,,,,,,
191,191,,,,,,,,,,,,,,,,,,,,,,,,,
192,192,Background information,,,,,,,,,,,,,,,,,,,,,,,,
193,193,Plate,Label,Result,Signal,Flashes/Time,Meastime,MeasInfo,,,,,,,,,,,,,,,,,,
194,194,8,Jez US LUM 384 (cps),0,4,0.1,00:00.0,De=USLum Ex=N/A Em=N/A Wdw=N/A (12),,,,,,,,,,,,,,,,,,
195,195,,,,,,,,,,,,,,,,,,,,,,,,,
196,196,Results for Jez US LUM 384 (cps)(1) - channel 0 (CPS),,,,,,,,,,,,,,,,,,,,,,,,
197,197,,1,2,3,4,5,6,7,8,9,10,11,12,13,14,15,16,17,18,19,20,21,22,23,24
198,198,A,5840,6960,6960,7000,7400,7960,7880,7640,7160,8200,7400,7680,7320,8920,7800,7800,8080,6880,7440,7200,7400,7680,29280,39000
199,199,B,6320,7400,6800,7080,7480,7080,7520,7680,7440,7280,7760,8720,8360,8560,8560,7880,8320,7920,9000,8480,8160,9160,30640,34200
200,200,C,7200,7440,7920,8520,8160,7680,8720,9760,8920,9680,8320,8920,9080,8880,8920,8760,9560,8840,8720,8400,8080,9480,45720,34200
201,201,D,6720,7360,7080,7720,8120,7760,9280,8200,8480,8280,8920,9400,7440,8960,9720,8520,9960,7680,9280,9480,8000,9680,34120,34240
202,202,E,8040,9680,9360,9720,10440,10600,10160,9480,10840,9560,10760,11720,12000,12080,11800,10360,10720,11200,9360,11920,10520,11120,43800,37840
203,203,F,7760,9040,8600,9480,9480,7680,10720,10440,10400,11200,10760,11120,8920,12360,10920,9800,14080,11520,12040,11160,11240,11520,37440,35280
204,204,G,8080,8600,9480,9800,9960,8160,11160,10280,11440,10720,10080,10200,10480,8400,10480,10840,12240,10600,10960,10720,9480,10800,33920,36160
205,205,H,7240,8840,7360,8680,9640,9360,8720,10400,10760,9840,10760,10800,11080,9800,10520,9560,11040,10440,10080,7960,10200,10480,36200,38680
206,206,I,7720,8040,7600,8120,9480,9680,10880,9800,10160,10360,10800,10080,7440,10320,9920,9880,11080,9520,11200,7720,21720,10960,34080,35240
207,207,J,7520,8480,8360,6240,8960,8520,7200,10040,9400,10800,8080,11120,10560,10160,9920,9080,10600,9640,7200,10680,9360,9760,34160,35040
208,208,K,7480,9360,9040,8800,4880,9880,9160,10400,10840,11040,10800,11160,11400,11080,11080,10960,10320,10840,10560,10560,8920,10360,34400,34280
209,209,L,7400,8200,7440,9320,8560,9320,10160,7680,5880,9480,9560,9960,8720,9560,9840,9840,10080,9920,9960,10800,10200,10720,37160,37200
210,210,M,8160,9160,8800,6320,10520,9400,10640,10560,10680,9840,9000,9440,10240,11080,10800,10720,11640,9400,10640,11040,10520,11680,42720,36440
211,211,N,7720,8080,7960,7160,9320,8640,6240,9360,9760,9960,6120,10280,8600,10720,4560,10120,10760,10360,9960,9920,9920,11760,35120,40680
212,212,O,7080,9240,8640,9920,9640,9280,9840,6880,8880,10000,7960,7640,6080,10760,8120,8960,7600,9480,8800,10320,9600,11040,37520,40160
213,213,P,6080,6880,6880,7680,7960,7840,8600,7880,8360,8320,8440,9400,9160,8840,8960,8800,8720,8640,8600,9280,9040,10160,37480,39400
214,214,,,,,,,,,,,,,,,,,,,,,,,,,
215,215,Plate information ,,,,,,,,,,,,,,,,,,,,,,,,
216,216,Plate,Repeat,Barcode,Measured height,Chamber temperature at start,Chamber temperature at end,Humidity at start,Humidity at end,Ambient temperature at start,Ambient temperature at end,Group,Label,ScanX,ScanY,Measinfo,Kinetics,Measurement date,,,,,,,,
217,217,9,1,H2060242,14.01,17.62,17.62,40.6,40.7,18.02,18.02,1,Jez US LUM 384 (cps)(1),0,0,De=USLum Ex=N/A Em=N/A Wdw=N/A (12),0,4/12/23 18:46,,,,,,,,
218,218,,,,,,,,,,,,,,,,,,,,,,,,,
219,219,Background information,,,,,,,,,,,,,,,,,,,,,,,,
220,220,Plate,Label,Result,Signal,Flashes/Time,Meastime,MeasInfo,,,,,,,,,,,,,,,,,,
221,221,9,Jez US LUM 384 (cps),0,8,0.1,00:00.0,De=USLum Ex=N/A Em=N/A Wdw=N/A (12),,,,,,,,,,,,,,,,,,
222,222,,,,,,,,,,,,,,,,,,,,,,,,,
223,223,Results for Jez US LUM 384 (cps)(1) - channel 0 (CPS),,,,,,,,,,,,,,,,,,,,,,,,
224,224,,1,2,3,4,5,6,7,8,9,10,11,12,13,14,15,16,17,18,19,20,21,22,23,24
225,225,A,6760,6440,6640,6920,6440,7360,7240,6400,6880,6600,7720,7000,7200,7960,7240,7040,7720,7800,7560,7080,7520,8040,37320,40000
226,226,B,7440,7640,7560,7800,8440,8720,8320,8000,7920,8760,8560,8760,9320,8400,8520,6000,5960,8480,8520,7360,8200,8880,42040,36000
227,227,C,7800,5880,8200,8520,6920,7840,8560,7920,6400,7960,8960,7840,8120,7800,9120,8680,8560,5160,9640,9080,8840,9840,37800,36000
228,228,D,7640,7720,8160,8040,9360,7000,9400,9480,6480,9320,9080,8360,9200,9920,10040,9880,9080,10080,9200,10960,8680,10240,40920,37920
229,229,E,8160,8680,6080,7800,9760,8840,9760,9640,10440,9560,10600,9440,10520,11080,10760,10680,11640,11080,12360,10320,10800,11920,40360,43440
230,230,F,9040,9320,9160,7600,29600,10600,4480,11200,10920,11880,12000,12800,10960,9120,12800,9560,12000,10880,12120,12560,11240,12040,40880,40240
231,231,G,8120,8360,8480,9960,9960,8720,9480,9240,10560,9920,10560,10200,10240,11400,10600,10680,10880,11040,11400,10800,11040,11120,39840,39320
232,232,H,7880,8760,9960,9840,10280,9520,10440,8160,11040,12040,11280,11040,11080,10280,11400,11720,8960,11960,11040,11920,11520,11080,39000,37880
233,233,I,8040,8000,8120,9680,8480,9440,10000,9960,10680,8800,11120,10080,10000,11680,9760,7200,11160,10880,7120,10080,7760,10440,38120,36680
234,234,J,8040,8880,8720,10760,10640,9480,10240,10320,9360,11800,10080,10600,10560,10760,10840,11160,11200,11560,10880,11640,10920,10240,36400,37120
235,235,K,7640,8480,8360,9040,8920,10240,10000,9400,10640,9640,10640,10760,11240,11720,9520,11600,11200,11640,11280,11120,4920,11520,39880,39400
236,236,L,8080,8960,7720,9120,9520,9120,11040,7280,10080,10800,10840,10880,11200,10920,11920,11560,11160,8680,10320,11360,11160,11320,39560,38160
237,237,M,7520,8240,8080,9320,9560,10080,10760,10040,10640,10360,9840,10440,9320,11840,10920,11280,4680,10760,11920,11320,9000,11920,40760,46520
238,238,N,8600,8280,8760,10080,9960,9920,9960,10640,9760,11480,8760,10960,10840,11000,10080,10200,10720,11240,8440,10160,9840,10800,42440,41080
239,239,O,7560,8640,8440,8960,6400,7440,9280,8880,10240,9280,8800,9080,9920,9600,9360,10560,10880,8960,10560,10160,13000,10520,43240,47560
240,240,P,6560,7320,7880,8440,8760,8720,9640,9160,8760,9480,8520,9880,9200,9880,9160,8920,9320,8920,8880,9440,8760,9280,44440,48120
241,241,,,,,,,,,,,,,,,,,,,,,,,,,
242,242,Plate information ,,,,,,,,,,,,,,,,,,,,,,,,
243,243,Plate,Repeat,Barcode,Measured height,Chamber temperature at start,Chamber temperature at end,Humidity at start,Humidity at end,Ambient temperature at start,Ambient temperature at end,Group,Label,ScanX,ScanY,Measinfo,Kinetics,Measurement date,,,,,,,,
244,244,10,1,H2060244,14.01,17.62,17.72,40.9,41.2,18.02,18.02,1,Jez US LUM 384 (cps)(1),0,0,De=USLum Ex=N/A Em=N/A Wdw=N/A (12),0,4/12/23 18:47,,,,,,,,
245,245,,,,,,,,,,,,,,,,,,,,,,,,,
246,246,Background information,,,,,,,,,,,,,,,,,,,,,,,,
247,247,Plate,Label,Result,Signal,Flashes/Time,Meastime,MeasInfo,,,,,,,,,,,,,,,,,,
248,248,10,Jez US LUM 384 (cps),0,4,0.1,00:00.0,De=USLum Ex=N/A Em=N/A Wdw=N/A (12),,,,,,,,,,,,,,,,,,
249,249,,,,,,,,,,,,,,,,,,,,,,,,,
250,250,Results for Jez US LUM 384 (cps)(1) - channel 0 (CPS),,,,,,,,,,,,,,,,,,,,,,,,
251,251,,1,2,3,4,5,6,7,8,9,10,11,12,13,14,15,16,17,18,19,20,21,22,23,24
252,252,A,6920,6680,7280,8120,8960,8480,7960,7920,8560,8040,9280,8400,9240,9440,8880,9240,8960,9240,8120,7920,8920,8960,36400,37840
253,253,B,7720,7600,8600,8040,8360,8200,5280,8920,9280,9440,9280,5160,10400,9240,9080,5760,10200,6920,9640,6840,9880,10440,36000,36600
254,254,C,8320,7600,6720,8880,6840,10440,7640,8000,10120,10400,11200,10040,10160,10760,10000,6760,9280,9720,9280,9360,10480,10640,33640,36400
255,255,D,8640,8240,8440,9280,10880,8760,9400,10560,9680,11040,10520,9600,9760,9640,10400,12200,7120,7800,9800,10160,9240,11280,39800,37160
256,256,E,10600,9880,10360,11560,12640,12320,6320,12600,13040,12680,13600,11160,12720,13920,12000,13200,13040,7680,12880,12280,13200,13400,36640,41320
257,257,F,10040,9480,10680,10720,10960,11920,12120,13600,11960,11840,12360,12600,9760,13680,13480,12440,12800,13680,13000,14080,12920,13000,39800,38920
258,258,G,9560,8760,10800,11760,11400,11320,11520,11760,12040,12080,15560,12520,13040,12360,11280,12960,11720,11800,12360,12160,11560,11920,38160,39440
259,259,H,9640,9560,8400,9680,7400,10880,8560,11400,12200,12040,12280,12160,12880,11040,11200,12280,11680,9080,12480,11640,13760,11960,43640,36840
260,260,I,9800,9240,9920,11280,9920,13200,10920,8440,12480,12280,12400,6160,12080,12280,12040,12400,9680,12440,12040,10880,11240,11320,38920,38440
261,261,J,8920,9240,6720,9720,10920,11080,13880,12480,11000,11680,12080,8840,8920,10000,10240,9080,10840,12240,5960,11120,11800,11080,41280,37480
262,262,K,9360,9360,12280,11280,8200,11400,20840,10480,12760,12160,12920,11400,12560,12920,12680,13000,11400,12960,12480,12160,10960,12200,39400,39040
263,263,L,9400,9120,10240,10680,10080,11240,9520,11400,12160,12000,11560,11680,12240,11560,11200,12920,10760,12080,11480,12040,12360,10640,42480,38280
264,264,M,10480,10000,7360,9680,11520,11880,11880,12200,12360,12040,12120,12680,12080,13160,12320,11480,9200,6960,11360,11840,11880,12640,43760,39840
265,265,N,9520,10000,7960,9720,9800,10760,10120,11920,10040,11480,11200,10480,11600,11040,11200,11440,10840,12760,9880,12360,7280,11800,44480,39920
266,266,O,10240,10040,9880,8520,10040,10840,10680,10600,11120,11080,11480,10400,11840,10320,11640,5480,10680,12040,12080,10680,12480,11240,42040,41560
267,267,P,7800,8280,9160,8440,9200,9560,9360,9680,9320,10840,10280,10120,10760,9680,10200,10320,9600,10600,9520,10800,10600,10440,45280,45120
268,268,,,,,,,,,,,,,,,,,,,,,,,,,
269,269,Plate information ,,,,,,,,,,,,,,,,,,,,,,,,
270,270,Plate,Repeat,Barcode,Measured height,Chamber temperature at start,Chamber temperature at end,Humidity at start,Humidity at end,Ambient temperature at start,Ambient temperature at end,Group,Label,ScanX,ScanY,Measinfo,Kinetics,Measurement date,,,,,,,,
271,271,11,1,H2060246,14.01,17.61,17.62,41.4,41.4,18,18.02,1,Jez US LUM 384 (cps)(1),0,0,De=USLum Ex=N/A Em=N/A Wdw=N/A (12),0,4/12/23 18:49,,,,,,,,
272,272,,,,,,,,,,,,,,,,,,,,,,,,,
273,273,Background information,,,,,,,,,,,,,,,,,,,,,,,,
274,274,Plate,Label,Result,Signal,Flashes/Time,Meastime,MeasInfo,,,,,,,,,,,,,,,,,,
275,275,11,Jez US LUM 384 (cps),0,8,0.1,00:00.0,De=USLum Ex=N/A Em=N/A Wdw=N/A (12),,,,,,,,,,,,,,,,,,
276,276,,,,,,,,,,,,,,,,,,,,,,,,,
277,277,Results for Jez US LUM 384 (cps)(1) - channel 0 (CPS),,,,,,,,,,,,,,,,,,,,,,,,
278,278,,1,2,3,4,5,6,7,8,9,10,11,12,13,14,15,16,17,18,19,20,21,22,23,24
279,279,A,9040,8440,9080,8760,9680,9600,9320,9640,8640,9920,8920,8800,10080,9440,9600,9080,8640,8880,7960,9400,8960,9440,40080,36840
280,280,B,9080,8880,8240,6800,8400,10160,10080,9320,10080,9360,9760,9920,9320,10200,9240,10360,9600,9920,9840,8880,9880,11480,35640,37360
281,281,C,9720,9200,9680,7560,10320,17440,10440,10440,10400,11040,10280,10800,11280,10360,11200,10240,11720,6880,9240,10640,10720,10480,33080,36840
282,282,D,9640,9320,8600,9840,9360,7080,10160,8280,11240,10800,10760,7920,10320,10520,10880,11360,9520,10720,10040,10560,10200,11280,36640,37040
283,283,E,11600,11080,12000,11440,12120,12640,11280,13400,13240,11120,13000,12720,11280,15280,11320,13360,11880,12400,12960,12320,12480,12760,40160,41840
284,284,F,10640,8440,10640,10960,13040,12680,11720,11760,14920,12960,10040,9720,13480,12880,12960,13520,10200,13000,14080,8520,13520,12560,39640,40640
285,285,G,11120,5600,11880,7920,12480,11600,11480,14320,742840,15120,11560,12760,12800,10360,9480,12480,12160,13640,421600,13800,12040,12640,39800,37320
286,286,H,9720,7960,9280,11560,10960,9320,11040,11920,11160,11360,12520,11280,13480,12000,11640,13760,11960,12120,12760,10160,12160,12720,36840,36720
287,287,I,9560,10200,11360,10280,12200,12440,11560,13240,11640,13280,13480,11960,12800,12120,13000,11720,11960,11080,12800,11920,11440,12240,39880,41440
288,288,J,9880,9520,9360,10400,11360,11600,11440,8680,10640,11760,12440,11240,16760,12920,11760,12680,10840,11920,12360,10920,11680,11680,38400,41280
289,289,K,10760,9800,10840,11200,11240,12440,12160,12320,10160,12640,11880,12880,13040,11880,13240,12680,12080,13120,11720,12680,12680,11720,40920,43400
290,290,L,9680,10400,10160,10720,10960,10960,9040,12240,12640,12800,13120,11320,11360,11160,12400,12280,11600,12000,12320,11640,11560,11480,44040,43200
291,291,M,10760,10040,11040,11040,11520,12480,11920,12040,10080,12520,12280,11600,13200,8440,12440,11320,11560,12880,11760,11920,12200,11320,42200,42520
292,292,N,10320,10000,10200,9640,10520,10280,15240,11720,11480,11160,8960,11000,11280,12080,11560,24720,11240,11920,11600,11440,11400,11520,41680,43120
293,293,O,9960,8760,9720,10120,8480,10680,10840,10680,10760,11560,9280,11320,7080,10920,11120,9880,10600,10640,10920,10520,11160,11600,42400,45920
294,294,P,7920,7280,8800,8800,8600,9360,8480,9280,8800,9360,9720,9720,9440,9560,9840,10200,8880,10280,9800,9600,11080,10320,43640,47160
295,295,,,,,,,,,,,,,,,,,,,,,,,,,
296,296,Plate information ,,,,,,,,,,,,,,,,,,,,,,,,
297,297,Plate,Repeat,Barcode,Measured height,Chamber temperature at start,Chamber temperature at end,Humidity at start,Humidity at end,Ambient temperature at start,Ambient temperature at end,Group,Label,ScanX,ScanY,Measinfo,Kinetics,Measurement date,,,,,,,,
298,298,12,1,H2060248,14.01,17.62,17.72,41.4,41.7,18.11,18.11,1,Jez US LUM 384 (cps)(1),0,0,De=USLum Ex=N/A Em=N/A Wdw=N/A (12),0,4/12/23 18:50,,,,,,,,
299,299,,,,,,,,,,,,,,,,,,,,,,,,,
300,300,Background information,,,,,,,,,,,,,,,,,,,,,,,,
301,301,Plate,Label,Result,Signal,Flashes/Time,Meastime,MeasInfo,,,,,,,,,,,,,,,,,,
302,302,12,Jez US LUM 384 (cps),0,8,0.1,00:00.0,De=USLum Ex=N/A Em=N/A Wdw=N/A (12),,,,,,,,,,,,,,,,,,
303,303,,,,,,,,,,,,,,,,,,,,,,,,,
304,304,Results for Jez US LUM 384 (cps)(1) - channel 0 (CPS),,,,,,,,,,,,,,,,,,,,,,,,
305,305,,1,2,3,4,5,6,7,8,9,10,11,12,13,14,15,16,17,18,19,20,21,22,23,24
306,306,A,5800,7200,7560,7240,8200,7640,9240,8480,8200,7800,8480,9160,8400,8120,8920,8480,8960,8480,8000,9080,9120,8720,29160,34840
307,307,B,7320,7400,8000,7680,8560,8000,8600,8200,8760,8600,9440,9600,8560,9600,8600,8920,9240,8720,9480,7720,9760,11000,37720,33720
308,308,C,7840,8280,8520,8480,9400,8680,9880,9640,9280,9720,9520,9360,9400,9680,10440,9560,9480,10080,8800,31080,9680,10720,32760,32320
309,309,D,8200,8200,8960,9920,9880,24760,10320,9320,10040,9640,9920,10160,10160,10400,9800,9680,10880,9600,10520,10160,10440,11240,33120,34200
310,310,E,9680,10400,11120,11400,12560,12240,12240,12280,12200,12840,12440,12400,12240,11880,12920,12280,12000,12680,12320,12800,11960,12320,40040,35520
311,311,F,9080,9920,10960,13240,12440,243680,11520,10880,12720,11760,13520,11080,11840,13240,11480,12840,11920,11880,13440,11600,15200,12880,39760,35360
312,312,G,9320,9560,10680,11400,12120,11440,11160,11600,9200,12160,12080,11720,12280,11440,12360,11600,11600,11960,11040,9480,11160,11480,37320,35520
313,313,H,8760,9760,11080,10560,10840,11120,14200,11280,12120,11160,6960,12080,10680,11760,11840,10920,12440,11000,11160,10840,11800,11400,34040,36560
314,314,I,8200,9560,10080,9880,11040,10440,10960,11440,11280,10920,11160,11640,12040,11000,10960,10560,11080,8840,10560,10360,10920,11320,32640,33120
315,315,J,8640,8480,8920,8240,9720,7680,10520,10680,11280,10520,11600,11240,10720,11560,11120,10440,10640,10920,9920,11240,11520,11680,34920,35240
316,316,K,9280,9560,9720,10040,11040,10480,11000,9000,11480,12800,11280,12080,12040,8040,11800,9520,11880,11760,11520,12280,11240,11760,33680,34080
317,317,L,8200,8480,8640,9800,9960,10200,11000,11080,10720,8480,11320,10560,10960,11320,11480,10800,11080,9720,11920,10000,10720,12480,45320,35360
318,318,M,8760,12080,10920,10600,10320,10480,9280,7800,10240,8240,11720,11280,12360,11080,11320,12440,10600,11720,11160,11720,11200,11840,41080,41080
319,319,N,8400,7920,9560,8200,9040,9640,10120,8480,11000,9160,10280,11040,10880,10560,10320,9800,10320,10520,11160,11640,12360,11440,40080,41200
320,320,O,7360,8160,8640,8640,9920,8680,9760,10400,10240,10520,9680,10120,10520,10160,11440,9840,10280,9680,9680,9880,9960,11080,42400,40240
321,321,P,6160,6520,7080,8120,7760,8280,8800,8680,9240,9040,8600,9200,9440,9680,8840,9880,9560,9240,9560,9320,9320,8360,38320,38080
322,322,,,,,,,,,,,,,,,,,,,,,,,,,
323,323,Plate information ,,,,,,,,,,,,,,,,,,,,,,,,
324,324,Plate,Repeat,Barcode,Measured height,Chamber temperature at start,Chamber temperature at end,Humidity at start,Humidity at end,Ambient temperature at start,Ambient temperature at end,Group,Label,ScanX,ScanY,Measinfo,Kinetics,Measurement date,,,,,,,,
325,325,13,1,H2060250,14.01,17.7,17.82,41.8,41.5,18.1,18.11,1,Jez US LUM 384 (cps)(1),0,0,De=USLum Ex=N/A Em=N/A Wdw=N/A (12),0,4/12/23 18:52,,,,,,,,
326,326,,,,,,,,,,,,,,,,,,,,,,,,,
327,327,Background information,,,,,,,,,,,,,,,,,,,,,,,,
328,328,Plate,Label,Result,Signal,Flashes/Time,Meastime,MeasInfo,,,,,,,,,,,,,,,,,,
329,329,13,Jez US LUM 384 (cps),0,8,0.1,00:00.0,De=USLum Ex=N/A Em=N/A Wdw=N/A (12),,,,,,,,,,,,,,,,,,
330,330,,,,,,,,,,,,,,,,,,,,,,,,,
331,331,Results for Jez US LUM 384 (cps)(1) - channel 0 (CPS),,,,,,,,,,,,,,,,,,,,,,,,
332,332,,1,2,3,4,5,6,7,8,9,10,11,12,13,14,15,16,17,18,19,20,21,22,23,24
333,333,A,4400,4960,4840,5360,5760,5520,6680,6320,7600,7120,9200,8400,7720,8200,7760,7800,7480,7440,7680,6920,7040,8560,41080,39760
334,334,B,4800,5840,5640,5760,5520,6360,7720,6840,7800,9640,855480,10440,7880,7680,8680,6760,8360,8320,8000,8760,8240,9560,35200,40480
335,335,C,6440,7000,7480,7120,7360,8560,9120,9400,26760,9480,11440,9720,9040,9240,9200,8160,8920,8600,9240,9000,7920,9080,40520,43040
336,336,D,6360,7440,7600,8560,8880,7400,9080,8680,8160,8520,8720,8720,10040,9440,6400,10160,9200,9640,11240,10120,8400,9840,40520,39240
337,337,E,7320,7600,10160,9240,11720,10040,11520,11360,11520,11480,11000,11800,12160,8240,12240,10920,12960,8400,12000,11320,11440,13120,43720,41640
338,338,F,7560,8720,9320,9840,9080,4960,11160,12120,11360,11200,11360,12280,11880,11080,11920,8320,12960,11640,12640,25440,11720,13320,43760,41680
339,339,G,7160,8760,9600,10520,10760,10920,11560,11240,12160,8120,10840,12960,12000,11840,11600,10440,11400,11480,12280,10880,11120,12240,42840,40600
340,340,H,7240,8160,8440,259600,8800,9840,11000,10160,11040,10640,11000,9720,10560,10680,11600,10960,11440,11360,11000,11640,11160,11360,43480,42440
341,341,I,7240,6640,8360,9760,9880,9960,11200,10040,11280,10280,10720,8240,10320,10800,5720,11000,11960,10600,10720,10800,9760,12120,41800,42040
342,342,J,6640,8440,8560,14120,10000,9160,10080,7600,10240,10880,10200,10800,8920,10800,9840,10400,11560,10520,10560,10000,9160,11000,42640,42160
343,343,K,7000,8320,8720,9480,10280,10320,6520,10680,11520,11480,10800,12120,11120,10280,11960,10800,12120,11600,11760,11360,9840,11520,41000,40360
344,344,L,7160,8520,8840,9280,8480,9160,6520,11920,11040,10600,10520,11080,10480,11160,10680,10200,11240,10320,11160,10760,6960,12320,43560,43080
345,345,M,7360,9400,8600,9760,9960,9280,13080,1444280,13040,10560,9480,10520,10320,11160,11480,8240,11240,7560,10120,10920,11080,13200,42760,41240
346,346,N,6440,7960,7720,7480,8440,9400,8960,11440,9960,9080,9360,10560,8640,11480,11600,10200,11480,9240,10320,9120,9800,12040,41000,44880
347,347,O,7240,8240,7920,8480,6720,8520,9480,8760,5760,9640,9120,7440,9320,10640,10160,8880,9920,9320,9440,10000,6120,10400,42240,43600
348,348,P,5040,6320,6440,7160,7520,7160,7840,7480,7680,7920,8080,9200,8240,8480,8720,9120,9360,9120,8400,8680,8920,10240,45800,43960
349,349,,,,,,,,,,,,,,,,,,,,,,,,,
350,350,Plate information ,,,,,,,,,,,,,,,,,,,,,,,,
351,351,Plate,Repeat,Barcode,Measured height,Chamber temperature at start,Chamber temperature at end,Humidity at start,Humidity at end,Ambient temperature at start,Ambient temperature at end,Group,Label,ScanX,ScanY,Measinfo,Kinetics,Measurement date,,,,,,,,
352,352,14,1,H2060252,14.01,17.8,17.72,41.5,41.5,18.1,18.02,1,Jez US LUM 384 (cps)(1),0,0,De=USLum Ex=N/A Em=N/A Wdw=N/A (12),0,4/12/23 18:54,,,,,,,,
353,353,,,,,,,,,,,,,,,,,,,,,,,,,
354,354,Background information,,,,,,,,,,,,,,,,,,,,,,,,
355,355,Plate,Label,Result,Signal,Flashes/Time,Meastime,MeasInfo,,,,,,,,,,,,,,,,,,
356,356,14,Jez US LUM 384 (cps),0,16,0.1,00:00.0,De=USLum Ex=N/A Em=N/A Wdw=N/A (12),,,,,,,,,,,,,,,,,,
357,357,,,,,,,,,,,,,,,,,,,,,,,,,
358,358,Results for Jez US LUM 384 (cps)(1) - channel 0 (CPS),,,,,,,,,,,,,,,,,,,,,,,,
359,359,,1,2,3,4,5,6,7,8,9,10,11,12,13,14,15,16,17,18,19,20,21,22,23,24
360,360,A,7560,8080,8240,9000,8680,10160,9400,9280,10160,10000,10240,9560,8920,10040,8960,10560,9360,8960,10600,9040,9280,9680,34600,42320
361,361,B,7760,8720,8960,5680,9720,9520,10000,10480,9720,9960,9320,9640,10600,17120,11000,8240,10200,10800,10280,10240,9080,11440,37720,35280
362,362,C,9440,8320,9400,9680,9840,10240,10640,11120,11160,9960,11640,11280,10640,5040,10080,10680,11080,11400,8560,7200,11000,11240,33040,35120
363,363,D,8280,9280,10280,7880,9480,9840,11200,10960,9160,11200,11120,10520,11880,10640,12520,10520,11040,10360,10600,8200,10120,11800,36680,37240
364,364,E,10640,11520,11280,12520,12680,12400,13760,12600,13760,13400,13640,14400,12880,14720,9160,13200,13960,13560,13680,12520,14360,13640,38680,41640
365,365,F,10520,11040,9800,11320,12280,11760,12880,11680,11800,13640,12200,13800,13880,14040,13800,13520,13000,13600,14040,15400,13800,14520,43640,43240
366,366,G,10680,10120,11160,12360,12280,12880,14040,13800,13840,12760,13760,11560,12800,12920,11000,12560,13960,12360,13040,12520,12320,13840,36920,38960
367,367,H,9800,6880,10200,10520,12040,11720,12760,10520,11960,13160,9240,13480,14240,12400,13880,10800,12880,13520,13600,9920,13080,12760,40600,40320
368,368,I,8720,10560,10160,11160,11560,12240,12240,12040,13200,11320,12160,11960,12560,13600,11840,12800,12000,11000,13320,11720,13160,12160,40200,38320
369,369,J,8440,8800,10600,10280,11080,10880,11600,8160,13600,11680,10720,12040,12000,12120,16440,12520,12240,12920,10880,12600,12880,12920,53600,38320
370,370,K,9800,8080,11120,12200,11800,12280,11640,11680,13160,13000,11640,13120,11240,12120,11080,13200,13520,11240,13520,10800,12760,13200,42200,39440
371,371,L,9880,9600,10640,9920,11080,11840,10680,11520,11960,13000,9760,12240,12520,12600,13080,12040,12200,12120,12320,12240,11920,12600,46360,39200
372,372,M,9640,8240,10280,12160,10880,12040,12400,12640,13360,11840,12320,12120,12160,12560,12600,13000,11360,11880,12040,11080,12400,13080,45680,40480
373,373,N,8680,8920,7760,9880,10800,10960,11680,11240,11360,12400,4720,11760,12200,9200,11040,9720,11800,10280,11160,12160,11400,13200,45880,43000
374,374,O,9200,9640,9000,10560,10440,10960,11000,10280,11280,10360,11480,8240,11320,12440,11280,12080,11160,9560,11280,10680,11240,12080,46080,42800
375,375,P,6520,7880,8000,9240,9440,8840,9520,9280,9600,9800,9400,10080,10240,9680,10680,10600,10160,10520,9840,10440,9480,11280,46720,42560
376,376,,,,,,,,,,,,,,,,,,,,,,,,,
377,377,Plate information ,,,,,,,,,,,,,,,,,,,,,,,,
378,378,Plate,Repeat,Barcode,Measured height,Chamber temperature at start,Chamber temperature at end,Humidity at start,Humidity at end,Ambient temperature at start,Ambient temperature at end,Group,Label,ScanX,ScanY,Measinfo,Kinetics,Measurement date,,,,,,,,
379,379,15,1,H2060254,14.01,17.72,17.72,41.4,41.2,18.11,18.11,1,Jez US LUM 384 (cps)(1),0,0,De=USLum Ex=N/A Em=N/A Wdw=N/A (12),0,4/12/23 18:55,,,,,,,,
380,380,,,,,,,,,,,,,,,,,,,,,,,,,
381,381,Background information,,,,,,,,,,,,,,,,,,,,,,,,
382,382,Plate,Label,Result,Signal,Flashes/Time,Meastime,MeasInfo,,,,,,,,,,,,,,,,,,
383,383,15,Jez US LUM 384 (cps),0,8,0.1,00:00.0,De=USLum Ex=N/A Em=N/A Wdw=N/A (12),,,,,,,,,,,,,,,,,,
384,384,,,,,,,,,,,,,,,,,,,,,,,,,
385,385,Results for Jez US LUM 384 (cps)(1) - channel 0 (CPS),,,,,,,,,,,,,,,,,,,,,,,,
386,386,,1,2,3,4,5,6,7,8,9,10,11,12,13,14,15,16,17,18,19,20,21,22,23,24
387,387,A,7400,7240,8600,8600,9080,9640,8680,8880,9920,9120,9760,9160,8800,9880,9160,9960,8640,9640,9640,8920,9120,9560,36400,42040
388,388,B,8320,7200,8600,8160,9120,9040,10160,9080,9600,9920,8080,9120,10480,9480,9560,10680,7880,10040,9760,9440,10320,10440,37080,36080
389,389,C,7880,8520,9400,10080,9480,9680,9840,10560,10560,10520,11440,7040,11120,10720,10640,10800,10000,10200,10160,10280,10560,10160,34520,35840
390,390,D,8640,8320,7360,9720,10160,10200,10440,10080,10720,11760,11400,19800,6480,11160,10680,10840,8360,11160,10280,9960,11880,11040,36000,37880
391,391,E,10960,8760,11080,11920,11000,9280,13400,12840,12800,12720,13440,12920,12480,13120,13120,14520,13480,13600,12880,14120,13640,13480,38080,41560
392,392,F,9280,9880,11280,10360,12560,11600,12600,12960,12760,12520,14000,12680,13680,13840,11040,12240,29640,16200,12920,14240,13520,14040,38800,42640
393,393,G,10160,10240,10600,11120,11120,13280,11960,12360,13440,12960,12880,11800,13200,11560,13440,11600,14240,818040,13120,11840,13680,12920,38640,39480
394,394,H,9640,9040,9840,10520,9600,12040,11200,11680,12760,12480,12640,12800,12200,6120,13120,13400,12520,15160,12560,12160,8920,12880,38120,39040
395,395,I,9280,7680,10200,9520,10560,12160,11400,11480,12760,12600,13400,11200,12280,12680,11440,12280,11800,12920,12480,11280,12600,11320,38080,40240
396,396,J,9440,8800,6880,10240,11600,10920,9120,12480,8440,9560,12560,12240,13680,10480,12400,11640,11440,12000,11600,7960,12280,11800,37600,40680
397,397,K,10040,9640,10800,9200,12160,11920,12280,9120,12920,16640,11120,11120,9160,13120,12280,8760,13000,12560,11720,12440,13080,13120,37200,41560
398,398,L,9800,8760,9800,9920,11160,11200,10480,10920,8320,10800,12160,8680,12840,12000,11600,6320,12240,12760,12320,12160,12040,12120,40600,41440
399,399,M,10280,5920,10800,10280,10920,12200,9720,11960,12760,11560,12640,11480,13080,12160,12520,9840,12480,12520,13600,11440,12440,14800,39040,43840
400,400,N,8600,9200,7880,10080,10560,11200,10440,11280,11240,11040,10880,11720,11960,10680,11440,10560,11360,12360,10280,8360,13200,12400,41480,42880
401,401,O,8000,9240,9800,6720,9200,9240,9360,9920,10960,9120,11120,10680,7000,10840,11040,11160,10320,9600,9200,9680,11560,11560,43040,42480
402,402,P,6200,7680,8000,8600,8760,9280,8800,8760,8400,8600,9320,9920,10360,9960,10080,9520,9040,9880,8760,9960,9720,11000,43600,41800
403,403,,,,,,,,,,,,,,,,,,,,,,,,,
404,404,Plate information ,,,,,,,,,,,,,,,,,,,,,,,,
405,405,Plate,Repeat,Barcode,Measured height,Chamber temperature at start,Chamber temperature at end,Humidity at start,Humidity at end,Ambient temperature at start,Ambient temperature at end,Group,Label,ScanX,ScanY,Measinfo,Kinetics,Measurement date,,,,,,,,
406,406,16,1,H2060256,14.01,17.7,17.82,41.2,40.9,18.1,18.11,1,Jez US LUM 384 (cps)(1),0,0,De=USLum Ex=N/A Em=N/A Wdw=N/A (12),0,4/12/23 18:57,,,,,,,,
407,407,,,,,,,,,,,,,,,,,,,,,,,,,
408,408,Background information,,,,,,,,,,,,,,,,,,,,,,,,
409,409,Plate,Label,Result,Signal,Flashes/Time,Meastime,MeasInfo,,,,,,,,,,,,,,,,,,
410,410,16,Jez US LUM 384 (cps),0,12,0.1,00:00.0,De=USLum Ex=N/A Em=N/A Wdw=N/A (12),,,,,,,,,,,,,,,,,,
411,411,,,,,,,,,,,,,,,,,,,,,,,,,
412,412,Results for Jez US LUM 384 (cps)(1) - channel 0 (CPS),,,,,,,,,,,,,,,,,,,,,,,,
413,413,,1,2,3,4,5,6,7,8,9,10,11,12,13,14,15,16,17,18,19,20,21,22,23,24
414,414,A,5440,5720,6640,6440,6840,7720,7320,7520,7040,8400,8120,7960,7800,8000,8520,8280,8080,8200,7600,7720,8000,8120,38120,39680
415,415,B,6240,6680,5960,7720,2800,8280,7360,7640,8000,7680,5120,7880,9000,7520,8120,179440,9200,5120,8720,7760,8760,8880,39400,39240
416,416,C,6160,6600,8200,7760,8120,8000,5800,8560,8200,8480,6840,8520,9080,8640,9320,9120,9240,8720,8320,9400,8880,9560,33680,36480
417,417,D,6640,6120,7720,7680,7960,8520,9200,9000,9040,9280,8880,10040,9200,9480,8920,9640,9560,9320,9560,9280,9640,9920,37840,39040
418,418,E,8120,8920,9600,9800,9640,10040,8440,11080,10960,10400,10120,9040,12200,11640,9520,9320,10800,11400,11640,11480,12400,11760,38840,38480
419,419,F,8600,8080,9160,6440,9480,10640,10280,10400,8680,10560,11440,10640,10840,10560,10240,11160,11000,11560,12000,11640,12480,11920,41520,41080
420,420,G,7800,8200,8360,9640,10160,9440,9680,8480,10160,10120,8840,9800,11560,10960,4840,11320,10360,10720,11040,11080,11040,11360,36000,38480
421,421,H,8120,7760,7480,9680,8600,9360,8880,10560,10320,10360,10120,10120,9640,10280,10160,10560,9520,10640,11200,6040,12360,11880,37720,38400
422,422,I,7840,7240,8800,8520,8920,8920,9200,8440,8720,10360,10240,11200,10600,10320,10640,10320,9840,10640,10520,10040,9000,10680,31040,36560
423,423,J,7880,7200,7760,9400,9480,9680,10960,9000,8560,6840,10000,9880,10200,10240,9760,8240,8520,9800,9440,9720,9640,11360,39880,37440
424,424,K,8160,7920,9240,8560,9560,9560,10040,10400,9480,9720,11280,9720,11040,10960,11040,11080,7560,10840,10720,11520,11000,11360,37680,38800
425,425,L,8400,7520,7760,8680,8480,9440,9400,9280,9320,9320,10160,9640,10240,10320,9440,10680,9840,10320,10440,10120,10880,10840,40440,38920
426,426,M,7640,8440,9480,9440,9200,9880,9760,9880,9720,9960,10600,9600,11080,10040,10200,10920,10480,10960,10720,10840,10840,11840,41160,40840
427,427,N,8240,7720,8520,8600,8800,9480,8760,8960,8600,8360,9480,9560,9440,10000,10360,10600,9560,10280,10240,10080,11120,11600,40920,40640
428,428,O,8040,7680,9600,8440,8520,8840,9120,9760,9440,9360,10000,9240,9120,9800,9760,10480,9520,9800,9040,9440,9720,10840,44560,46080
429,429,P,6680,6720,8000,8360,7440,8360,7760,7840,8520,8080,9360,8200,8160,8640,8080,8920,8000,9160,9520,8360,10040,9400,43800,44360
430,430,,,,,,,,,,,,,,,,,,,,,,,,,
431,431,,,,,,,,,,,,,,,,,,,,,,,,,
432,432,Basic assay information ,,,,,,,,,,,,,,,,,,,,,,,,
433,433,Assay ID: ,,,,627,,,,,,,,,,,,,,,,,,,,
434,434,Assay Started: ,,,,4/12/23 18:31,,,,,,,,,,,,,,,,,,,,
435,435,Assay Finished: ,,,,4/12/23 18:57,,,,,,,,,,,,,,,,,,,,
436,436,Assay Exported: ,,,,4/12/23 19:41,,,,,,,,,,,,,,,,,,,,
437,437,Protocol ID: ,,,,100135,,,,,,,,,,,,,,,,,,,,
438,438,Protocol Name: ,,,,Klein lab BTG,,,,,,,,,,,,,,,,,,,,
439,439,Serial#: ,,,,1051054,,,,,,,,,,,,,,,,,,,,
440,440,,,,,,,,,,,,,,,,,,,,,,,,,
441,441,,,,,,,,,,,,,,,,,,,,,,,,,
442,442,,,,,,,,,,,,,,,,,,,,,,,,,
443,443,Protocol information,,,,,,,,,,,,,,,,,,,,,,,,
444,444,Protocol:,,,,,,,,,,,,,,,,,,,,,,,,
445,445,Protocol name,,,,Klein lab BTG,,,,,,,,,,,,,,,,,,,,
446,446,Number of assay repeats,,,,6,,,,,,,,,,,,,,,,,,,,
447,447,Start assay repeat each,,,,30 min ,,,,,,,,,,,,,,,,,,,,
448,448,Number of plate repeats,,,,1,,,,,,,,,,,,,,,,,,,,
449,449,Start plate repeat each,,,,,,,,,,,,,,,,,,,,,,,,
450,450,Is label meas. height used,,,,Yes,,,,,,,,,,,,,,,,,,,,
451,451,Height of measurement,,,,Defined in label,,,,,,,,,,,,,,,,,,,,
452,452,Is gripper height used,,,,No,,,,,,,,,,,,,,,,,,,,
453,453,Mode of measurement,,,,By Rows  bi-directional,,,,,,,,,,,,,,,,,,,,
454,454,Rotated plate,,,,No,,,,,,,,,,,,,,,,,,,,
455,455,Soft move,,,,No,,,,,,,,,,,,,,,,,,,,
456,456,Protocol notes,,,, ,,,,,,,,,,,,,,,,,,,,
457,457,,,,,,,,,,,,,,,,,,,,,,,,,
458,458,Plate type:,,,,,,,,,,,,,,,,,,,,,,,,
459,459,Name of the plate type,,,,384 Nunc Maxisorp 460372,,,,,,,,,,,,,,,,,,,,
460,460,Number of rows,,,,16,,,,,,,,,,,,,,,,,,,,
461,461,Number of columns,,,,24,,,,,,,,,,,,,,,,,,,,
462,462,Number of the wells in the plate,,,,384,,,,,,,,,,,,,,,,,,,,
463,463,Height of the plate,,,,14.4 mm,,,,,,,,,,,,,,,,,,,,
464,464,,,,,,,,,,,,,,,,,,,,,,,,,
465,465,Coordinates of corners:,,,,,,,,,,,,,,,,,,,,,,,,
466,466,384 Nunc Maxisorp 460372 + Jez US LUM 384 (cps),,,,,,,,,,,,,,,,,,,,,,,,
467,467,11.88 mm x------------------------------------------------------ x 115.3 mm,,,,,,,,,,,,,,,,,,,,,,,,
468,468,9.09 mm                                                            9.11 mm,,,,,,,,,,,,,,,,,,,,,,,,
469,469,,,,,,,,,,,,,,,,,,,,,,,,,
470,470,11.83 mm x------------------------------------------------------ x 115.43 mm,,,,,,,,,,,,,,,,,,,,,,,,
471,471,76.51 mm                                                           76.32 mm,,,,,,,,,,,,,,,,,,,,,,,,
472,472,,,,,,,,,,,,,,,,,,,,,,,,,
473,473,Platemap:,,,,,,,,,,,,,,,,,,,,,,,,
474,474,Plate,,,,1,,,,,,,,,,,,,,,,,,,,
475,475,Group,,,,1,,,,,,,,,,,,,,,,,,,,
476,476,,,,,,,,,,,,,,,,,,,,,,,,,
477,477,,1,2,3,4,5,6,7,8,9,10,11,12,13,14,15,16,17,18,19,20,21,22,23,24
478,478,A,ZL,ZL,- ,- ,- ,- ,- ,- ,- ,- ,- ,- ,- ,- ,- ,- ,- ,- ,- ,- ,- ,- ,ZH,ZH
479,479,B,ZL,ZL,- ,- ,- ,- ,- ,- ,- ,- ,- ,- ,- ,- ,- ,- ,- ,- ,- ,- ,- ,- ,ZH,ZH
480,480,C,ZL,ZL,- ,- ,- ,- ,- ,- ,- ,- ,- ,- ,- ,- ,- ,- ,- ,- ,- ,- ,- ,- ,ZH,ZH
481,481,D,ZL,ZL,- ,- ,- ,- ,- ,- ,- ,- ,- ,- ,- ,- ,- ,- ,- ,- ,- ,- ,- ,- ,ZH,ZH
482,482,E,ZL,ZL,- ,- ,- ,- ,- ,- ,- ,- ,- ,- ,- ,- ,- ,- ,- ,- ,- ,- ,- ,- ,ZH,ZH
483,483,F,ZL,ZL,- ,- ,- ,- ,- ,- ,- ,- ,- ,- ,- ,- ,- ,- ,- ,- ,- ,- ,- ,- ,ZH,ZH
484,484,G,ZL,ZL,- ,- ,- ,- ,- ,- ,- ,- ,- ,- ,- ,- ,- ,- ,- ,- ,- ,- ,- ,- ,ZH,ZH
485,485,H,ZL,ZL,- ,- ,- ,- ,- ,- ,- ,- ,- ,- ,- ,- ,- ,- ,- ,- ,- ,- ,- ,- ,ZH,ZH
486,486,I,ZL,ZL,- ,- ,- ,- ,- ,- ,- ,- ,- ,- ,- ,- ,- ,- ,- ,- ,- ,- ,- ,- ,ZH,ZH
487,487,J,ZL,ZL,- ,- ,- ,- ,- ,- ,- ,- ,- ,- ,- ,- ,- ,- ,- ,- ,- ,- ,- ,- ,ZH,ZH
488,488,K,ZL,ZL,- ,- ,- ,- ,- ,- ,- ,- ,- ,- ,- ,- ,- ,- ,- ,- ,- ,- ,- ,- ,ZH,ZH
489,489,L,ZL,ZL,- ,- ,- ,- ,- ,- ,- ,- ,- ,- ,- ,- ,- ,- ,- ,- ,- ,- ,- ,- ,ZH,ZH
490,490,M,ZL,ZL,- ,- ,- ,- ,- ,- ,- ,- ,- ,- ,- ,- ,- ,- ,- ,- ,- ,- ,- ,- ,ZH,ZH
491,491,N,ZL,ZL,- ,- ,- ,- ,- ,- ,- ,- ,- ,- ,- ,- ,- ,- ,- ,- ,- ,- ,- ,- ,ZH,ZH
492,492,O,ZL,ZL,- ,- ,- ,- ,- ,- ,- ,- ,- ,- ,- ,- ,- ,- ,- ,- ,- ,- ,- ,- ,ZH,ZH
493,493,P,ZL,ZL,- ,- ,- ,- ,- ,- ,- ,- ,- ,- ,- ,- ,- ,- ,- ,- ,- ,- ,- ,- ,ZH,ZH
494,494,,,,,,,,,,,,,,,,,,,,,,,,,
495,495,ZL - Z_Low,,,,,,,,,,,,,,,,,,,,,,,,
496,496,- - Undefined,,,,,,,,,,,,,,,,,,,,,,,,
497,497,ZH - Z_High,,,,,,,,,,,,,,,,,,,,,,,,
498,498,,,,,,,,,,,,,,,,,,,,,,,,,
499,499,Calculations:,,,,,,,,,,,,,,,,,,,,,,,,
500,500,No calculations.,,,,,,,,,,,,,,,,,,,,,,,,
501,501,,,,,,,,,,,,,,,,,,,,,,,,,
502,502,Auto export parameters:,,,,,,,,,,,,,,,,,,,,,,,,
503,503,Export format,,,,Plate2,,,,,,,,,,,,,,,,,,,,
504,504,Include basic assay information,,,,Yes,,,,,,,,,,,,,,,,,,,,
505,505,Place assay information at,,,,End of file,,,,,,,,,,,,,,,,,,,,
506,506,Include basic plate information,,,,Yes,,,,,,,,,,,,,,,,,,,,
507,507,Place plate information at,,,,Beginning of plate,,,,,,,,,,,,,,,,,,,,
508,508,Include protocol information,,,,Yes,,,,,,,,,,,,,,,,,,,,
509,509,Protocol info level,,,,Large,,,,,,,,,,,,,,,,,,,,
510,510,Include error and warning information,,,,Yes,,,,,,,,,,,,,,,,,,,,
511,511,Include background information,,,,Yes,,,,,,,,,,,,,,,,,,,,
512,512,Add plate number to the file name,,,,Yes,,,,,,,,,,,,,,,,,,,,
513,513,Each plate to separate file,,,,No,,,,,,,,,,,,,,,,,,,,
514,514,Field separator to use,,,,System,,,,,,,,,,,,,,,,,,,,
515,515,File name format,,,,<DefaultDataFolder>\<Date>\<ProtocolName>_<AssayID>.csv,,,,,,,,,,,,,,,,,,,,
516,516,,,,,,,,,,,,,,,,,,,,,,,,,
517,517,Operations:,,,,,,,,,,,,,,,,,,,,,,,,
518,518,Plate 1,,,,,,,,,,,,,,,,,,,,,,,,
519,519,Group 1,,,,,,,,,,,,,,,,,,,,,,,,
520,520,Measurement,,,,,,,,,,,,,,,,,,,,,,,,
521,521,Label,,,,Jez US LUM 384 (cps)(1),,,,,,,,,,,,,,,,,,,,
522,522,,,,,,,,,,,,,,,,,,,,,,,,,
523,523,Labels:,,,,,,,,,,,,,,,,,,,,,,,,
524,524,Jez US LUM 384 (cps),,,,7000006,,,,,,,,,,,,,,,,,,,,
525,525,Measurement height,,,,0 mm,,,,,,,,,,,,,,,,,,,,
526,526,Measurement time,,,,0.1 s,,,,,,,,,,,,,,,,,,,,
527,527,CT,,,,0,,,,,,,,,,,,,,,,,,,,
528,528,Aperture,,,,384 Plate US Luminescence aperture,,,,,,,,,,,,,,,,,,,,
529,529,Last edited,,,,3/2/23 11:21,,,,,,,,,,,,,,,,,,,,
530,530,Last edited by,,,,EnVision,,,,,,,,,,,,,,,,,,,,
531,531,Factory preset,,,,No,,,,,,,,,,,,,,,,,,,,
532,532,,,,,,,,,,,,,,,,,,,,,,,,,
533,533,Aperture:,,,,,,,,,,,,,,,,,,,,,,,,
534,534,384 Plate US Luminescence aperture,,,,9,,,,,,,,,,,,,,,,,,,,
535,535,Height,,,,4.2 mm,,,,,,,,,,,,,,,,,,,,
536,536,Diameter,,,,3.7 mm,,,,,,,,,,,,,,,,,,,,
537,537,Description,,,,Can also be used in 96 plate,,,,,,,,,,,,,,,,,,,,
538,538,Last edited,,,,3/9/22 17:22,,,,,,,,,,,,,,,,,,,,
539,539,Last edited by,,,,Installation,,,,,,,,,,,,,,,,,,,,
540,540,Factory preset,,,,Yes,,,,,,,,,,,,,,,,,,,,
541,541,,,,,,,,,,,,,,,,,,,,,,,,,
542,542,Instrument:,,,,,,,,,,,,,,,,,,,,,,,,
543,543,Serial number,,,,1051054,,,,,,,,,,,,,,,,,,,,
544,544,Nickname,,,,EnVision#Alpha_680nm,,,,,,,,,,,,,,,,,,,,
545,545,,,,,,,,,,,,,,,,,,,,,,,,,
546,546,Normalization:,,,,,,,,,,,,,,,,,,,,,,,,
547,547,,,,,,,,,,,,,,,,,,,,,,,,,
548,548,,,,,,,,,,,,,,,,,,,,,,,,,
549,549,,,,,,,,,,,,,,,,,,,,,,,,,
550,550,Assay notifications:,,,,,,,,,,,,,,,,,,,,,,,,
551,551,ERROR: Amount of the re-stacked plates (0) doesn't match the amount of measured plates (16) in the last assay repeat. Assay aborted.,,,,,,,,,,,,,,,,,,,,,,,,
552,552,,,,,,,,,,,,,,,,,,,,,,,,,
553,553,INFO: Assay aborted at plate 16  plate repeat 1 and well P01. There may be missing results,,,,,,,,,,,,,,,,,,,,,,,,
554,554,,,,,,,,,,,,,,,,,,,,,,,,,
555,555,INFO: Results re-calculated 4/12/2023 6:59:23 PM,,,,,,,,,,,,,,,,,,,,,,,,
556,556,,,,,,,,,,,,,,,,,,,,,,,,,
557,557,INFO: Results re-calculated 4/12/2023 6:59:44 PM,,,,,,,,,,,,,,,,,,,,,,,,
558,558,,,,,,,,,,,,,,,,,,,,,,,,,
559,559,WARNING: Calculation errors occurred. There could be missing calculated results. See 'C:\ProgramData\PerkinElmer Life Sciences\EnVision\CalcErrors.log' for more information.,,,,,,,,,,,,,,,,,,,,,,,,
560,560,,,,,,,,,,,,,,,,,,,,,,,,,
561,561,INFO: Results re-calculated 4/12/2023 7:05:36 PM,,,,,,,,,,,,,,,,,,,,,,,,
562,562,,,,,,,,,,,,,,,,,,,,,,,,,
563,563,INFO: Results re-calculated 4/12/2023 7:07:09 PM,,,,,,,,,,,,,,,,,,,,,,,,
564,564,,,,,,,,,,,,,,,,,,,,,,,,,
565,565,INFO: Results re-calculated 4/12/2023 7:07:51 PM,,,,,,,,,,,,,,,,,,,,,,,,
566,566,,,,,,,,,,,,,,,,,,,,,,,,,
567,567,INFO: Results re-calculated 4/12/2023 7:08:12 PM,,,,,,,,,,,,,,,,,,,,,,,,
568,568,,,,,,,,,,,,,,,,,,,,,,,,,
569,569,WARNING: Calculation errors occurred. There could be missing calculated results. See 'C:\ProgramData\PerkinElmer Life Sciences\EnVision\CalcErrors.log' for more information.,,,,,,,,,,,,,,,,,,,,,,,,
570,570,,,,,,,,,,,,,,,,,,,,,,,,,
571,571,INFO: Results re-calculated 4/12/2023 7:41:35 PM,,,,,,,,,,,,,,,,,,,,,,,,
572,572,,,,,,,,,,,,,,,,,,,,,,,,,
573,573,,,,,,,,,,,,,,,,,,,,,,,,,
574,574,,,,,,,,,,,,,,,,,,,,,,,,,
575,575,Exported with EnVision Workstation version 1.14.3049.1193,,,,,,,,,,,,,,,,,,,,,,,,
