,3,4,5,6,7,8,9,10,11,12,13,14,15,16,17,18,19,20,21,22,23,24,25,26
0,Barcode,Measured height,Chamber temperature at start,Chamber temperature at end,Humidity at start,Humidity at end,Ambient temperature at start,Ambient temperature at end,Formula,Measurement date,,,,,,,,,,,,,,
1,"""""""=""""""""H2061394""""""""""""""",,,,,,,,Calc 1: Z' = 1 - ((3 * SD(High) + 3 * SD(Low)) / Abs(Avg(High) - Avg(Low))) where Label: Jez US LUM 384 (cps)(1) channel 1  High = Z_High  Low = Z_Low,3/22/2023 3:38:03 PM,,,,,,,,,,,,,,
2,,,,,,,,,,,,,,,,,,,,,,,,
3,Result,Signal,Flashes/Time,Meastime,MeasInfo,,,,,,,,,,,,,,,,,,,
4,0,16,0.1,00:00:00.000,De=USLum Ex=N/A Em=N/A Wdw=N/A (12),,,,,,,,,,,,,,,,,,,
5,,,,,,,,,,,,,,,,,,,,,,,,
6,02,03,04,05,06,07,08,09,10,11,12,13,14,15,16,17,18,19,20,21,22,23,24,
7,0.54733317777,,,,,,,,,,,,,,,,,,,,,0.54733317777,0.54733317777,
8,0.54733317777,,,,,,,,,,,,,,,,,,,,,0.54733317777,0.54733317777,
9,0.54733317777,,,,,,,,,,,,,,,,,,,,,0.54733317777,0.54733317777,
10,0.54733317777,,,,,,,,,,,,,,,,,,,,,0.54733317777,0.54733317777,
11,0.54733317777,,,,,,,,,,,,,,,,,,,,,0.54733317777,0.54733317777,
12,0.54733317777,,,,,,,,,,,,,,,,,,,,,0.54733317777,0.54733317777,
13,0.54733317777,,,,,,,,,,,,,,,,,,,,,0.54733317777,0.54733317777,
14,0.54733317777,,,,,,,,,,,,,,,,,,,,,0.54733317777,0.54733317777,
15,0.54733317777,,,,,,,,,,,,,,,,,,,,,0.54733317777,0.54733317777,
16,0.54733317777,,,,,,,,,,,,,,,,,,,,,0.54733317777,0.54733317777,
17,0.54733317777,,,,,,,,,,,,,,,,,,,,,0.54733317777,0.54733317777,
18,0.54733317777,,,,,,,,,,,,,,,,,,,,,0.54733317777,0.54733317777,
19,0.54733317777,,,,,,,,,,,,,,,,,,,,,0.54733317777,0.54733317777,
20,0.54733317777,,,,,,,,,,,,,,,,,,,,,0.54733317777,0.54733317777,
21,0.54733317777,,,,,,,,,,,,,,,,,,,,,0.54733317777,0.54733317777,
22,0.54733317777,,,,,,,,,,,,,,,,,,,,,0.54733317777,0.54733317777,
23,,,,,,,,,,,,,,,,,,,,,,,,
24,Barcode,Measured height,Chamber temperature at start,Chamber temperature at end,Humidity at start,Humidity at end,Ambient temperature at start,Ambient temperature at end,Group,Label,ScanX,ScanY,Measinfo,Kinetics,Measurement date,,,,,,,,,
25,"""""""=""""""""H2061394""""""""""""""",14.01,17.7,17.82,45.9,46.2,18.1,18.02,1,Jez US LUM 384 (cps)(1),0,0,De=USLum Ex=N/A Em=N/A Wdw=N/A (12),0,3/22/2023 3:38:03 PM,,,,,,,,,
26,,,,,,,,,,,,,,,,,,,,,,,,
27,Result,Signal,Flashes/Time,Meastime,MeasInfo,,,,,,,,,,,,,,,,,,,
28,0,16,0.1,00:00:00.000,De=USLum Ex=N/A Em=N/A Wdw=N/A (12),,,,,,,,,,,,,,,,,,,
29,,,,,,,,,,,,,,,,,,,,,,,,
30,02,03,04,05,06,07,08,09,10,11,12,13,14,15,16,17,18,19,20,21,22,23,24,
31,0.1308641975308642,0.1259259259259259,0.12469135802469136,0.12345679012345678,0.12839506172839507,0.12345679012345678,0.1271604938271605,0.11728395061728394,0.1382716049382716,0.13580246913580246,0.13209876543209875,0.13703703703703704,0.12962962962962962,0.1345679012345679,0.1271604938271605,0.11728395061728394,0.12222222222222222,0.12962962962962962,0.12839506172839507,0.13703703703703704,0.1308641975308642,0.7,0.7024691358024692,0.0
32,0.1345679012345679,0.12222222222222222,0.1345679012345679,0.12839506172839507,0.13950617283950617,0.13703703703703704,0.13580246913580246,0.14074074074074075,0.12839506172839507,0.145679012345679,0.1308641975308642,0.12839506172839507,0.14074074074074075,0.13703703703703704,0.13950617283950617,0.1308641975308642,0.12839506172839507,0.1308641975308642,0.12098765432098765,0.1271604938271605,0.13209876543209875,0.7666666666666667,0.671604938271605,0.0
33,0.13333333333333333,0.13333333333333333,0.12469135802469136,0.1419753086419753,0.13333333333333333,0.1469135802469136,0.12839506172839507,0.12345679012345678,0.13703703703703704,0.1506172839506173,0.13580246913580246,0.14074074074074075,0.11728395061728394,0.12962962962962962,0.14074074074074075,0.1259259259259259,0.1259259259259259,0.12098765432098765,0.13950617283950617,0.1506172839506173,0.12222222222222222,0.737037037037037,0.6839506172839506,0.0
34,0.12469135802469136,0.1308641975308642,0.1382716049382716,0.1382716049382716,0.1419753086419753,0.12962962962962962,0.13580246913580246,0.11481481481481481,0.15308641975308643,0.16419753086419753,0.1382716049382716,0.12469135802469136,0.14320987654320988,0.12962962962962962,0.145679012345679,0.13580246913580246,0.15185185185185185,0.1308641975308642,0.13333333333333333,0.13580246913580246,0.13703703703703704,0.7851851851851852,0.7074074074074074,0.0
35,0.15432098765432098,0.1419753086419753,0.1469135802469136,0.12839506172839507,0.1580246913580247,0.1419753086419753,0.15679012345679014,0.08518518518518518,0.1469135802469136,0.14814814814814814,0.14074074074074075,0.1617283950617284,0.14320987654320988,0.15925925925925927,0.16049382716049382,0.14444444444444443,0.15185185185185185,0.14074074074074075,0.15432098765432098,0.15185185185185185,0.13950617283950617,0.8493827160493828,0.7197530864197531,0.0
36,0.14074074074074075,0.16049382716049382,0.14074074074074075,0.1506172839506173,0.16049382716049382,0.1469135802469136,0.15679012345679014,0.14444444444444443,0.15432098765432098,0.14444444444444443,0.1506172839506173,0.15308641975308643,0.14320987654320988,0.1580246913580247,0.07901234567901234,0.15308641975308643,0.1419753086419753,0.14320987654320988,0.15185185185185185,0.15925925925925927,0.14444444444444443,0.8777777777777778,0.7382716049382716,0.0
37,0.1308641975308642,0.14074074074074075,0.12469135802469136,0.14938271604938272,0.14074074074074075,0.1506172839506173,0.1506172839506173,0.14938271604938272,0.14814814814814814,0.15185185185185185,0.13950617283950617,0.14814814814814814,0.13333333333333333,0.13950617283950617,0.1469135802469136,0.13209876543209875,0.15432098765432098,0.1308641975308642,0.13580246913580246,0.145679012345679,0.1382716049382716,0.8419753086419753,0.6987654320987654,0.0
38,0.14074074074074075,0.13703703703703704,0.1345679012345679,0.13703703703703704,0.14444444444444443,0.14938271604938272,0.13950617283950617,0.1654320987654321,0.13703703703703704,0.14444444444444443,0.14444444444444443,0.15432098765432098,0.14074074074074075,0.1382716049382716,0.12962962962962962,0.1419753086419753,0.14074074074074075,0.12839506172839507,0.1469135802469136,0.14074074074074075,0.1382716049382716,0.8518518518518519,0.7530864197530864,0.0
39,0.1419753086419753,0.13333333333333333,0.2123456790123457,0.145679012345679,0.1469135802469136,0.13209876543209875,0.1271604938271605,0.13333333333333333,0.13703703703703704,0.14444444444444443,0.13703703703703704,0.1419753086419753,0.145679012345679,0.1308641975308642,0.12469135802469136,0.1308641975308642,0.1259259259259259,0.1345679012345679,0.12839506172839507,0.1271604938271605,0.13580246913580246,0.8432098765432099,0.7419753086419754,0.0
40,0.11604938271604938,0.1382716049382716,0.14074074074074075,0.13703703703703704,0.14938271604938272,0.14074074074074075,0.12839506172839507,0.14814814814814814,0.14814814814814814,0.13703703703703704,0.13333333333333333,0.12839506172839507,0.13333333333333333,0.1345679012345679,0.1469135802469136,0.13580246913580246,0.13950617283950617,0.1259259259259259,0.12962962962962962,0.14074074074074075,0.13580246913580246,0.9049382716049382,0.7419753086419754,0.0
41,0.13950617283950617,0.15185185185185185,0.14444444444444443,0.13950617283950617,0.14814814814814814,0.14444444444444443,0.1469135802469136,0.1506172839506173,0.14444444444444443,0.14814814814814814,0.15308641975308643,0.1469135802469136,0.1308641975308642,0.14938271604938272,0.13580246913580246,0.13703703703703704,0.14814814814814814,0.1382716049382716,0.145679012345679,0.13209876543209875,0.13950617283950617,0.9074074074074074,0.7432098765432099,0.0
42,0.13950617283950617,0.1382716049382716,0.13333333333333333,0.14320987654320988,0.1506172839506173,0.1506172839506173,0.13580246913580246,0.12469135802469136,0.14074074074074075,0.1382716049382716,0.14938271604938272,0.1469135802469136,0.13703703703703704,0.1506172839506173,0.145679012345679,0.15185185185185185,0.12962962962962962,0.24444444444444444,0.14444444444444443,0.13209876543209875,0.12962962962962962,0.8407407407407408,0.7654320987654321,0.0
43,0.13333333333333333,0.14814814814814814,0.15555555555555556,0.1469135802469136,0.14444444444444443,0.12962962962962962,0.1419753086419753,0.14320987654320988,0.1506172839506173,0.15432098765432098,0.13580246913580246,0.1580246913580247,0.14074074074074075,0.13580246913580246,0.1382716049382716,0.13580246913580246,0.145679012345679,0.12469135802469136,0.1419753086419753,0.14444444444444443,0.1419753086419753,0.8703703703703703,0.8,0.0
44,0.13703703703703704,0.1382716049382716,0.15308641975308643,0.15555555555555556,0.14444444444444443,0.15185185185185185,0.1506172839506173,0.14938271604938272,0.15308641975308643,0.13333333333333333,0.14320987654320988,0.1469135802469136,0.14320987654320988,0.14444444444444443,0.16296296296296298,0.14320987654320988,0.1345679012345679,0.1308641975308642,0.15185185185185185,0.1506172839506173,0.1382716049382716,0.9641975308641976,0.8530864197530864,0.0
45,0.13209876543209875,0.13580246913580246,0.13580246913580246,0.1580246913580247,0.1617283950617284,0.1345679012345679,0.1580246913580247,0.14074074074074075,0.1580246913580247,0.1382716049382716,0.1469135802469136,0.13950617283950617,0.15555555555555556,0.15308641975308643,0.15555555555555556,0.14444444444444443,0.1419753086419753,0.1419753086419753,0.15679012345679014,0.14938271604938272,0.1345679012345679,1.0,0.837037037037037,0.0
46,0.12962962962962962,0.1259259259259259,0.1345679012345679,0.15185185185185185,0.14444444444444443,0.14074074074074075,0.14814814814814814,0.15185185185185185,0.1419753086419753,0.1382716049382716,0.1506172839506173,0.15432098765432098,0.13209876543209875,0.15555555555555556,0.15185185185185185,0.15308641975308643,0.13703703703703704,0.15308641975308643,0.13209876543209875,0.14074074074074075,0.13703703703703704,0.9358024691358025,0.9814814814814815,0.0
47,,,,,,,,,,,,,,,,,,,,,,,,
48,Barcode,Measured height,Chamber temperature at start,Chamber temperature at end,Humidity at start,Humidity at end,Ambient temperature at start,Ambient temperature at end,Formula,Measurement date,,,,,,,,,,,,,,
49,"""""""=""""""""H2061396""""""""""""""",,,,,,,,Calc 1: Z' = 1 - ((3 * SD(High) + 3 * SD(Low)) / Abs(Avg(High) - Avg(Low))) where Label: Jez US LUM 384 (cps)(1) channel 1  High = Z_High  Low = Z_Low,3/22/2023 3:39:38 PM,,,,,,,,,,,,,,
50,,,,,,,,,,,,,,,,,,,,,,,,
51,Result,Signal,Flashes/Time,Meastime,MeasInfo,,,,,,,,,,,,,,,,,,,
52,0,8,0.1,00:00:00.000,De=USLum Ex=N/A Em=N/A Wdw=N/A (12),,,,,,,,,,,,,,,,,,,
53,,,,,,,,,,,,,,,,,,,,,,,,
54,02,03,04,05,06,07,08,09,10,11,12,13,14,15,16,17,18,19,20,21,22,23,24,
55,0.62390718116,,,,,,,,,,,,,,,,,,,,,0.62390718116,0.62390718116,
56,0.62390718116,,,,,,,,,,,,,,,,,,,,,0.62390718116,0.62390718116,
57,0.62390718116,,,,,,,,,,,,,,,,,,,,,0.62390718116,0.62390718116,
58,0.62390718116,,,,,,,,,,,,,,,,,,,,,0.62390718116,0.62390718116,
59,0.62390718116,,,,,,,,,,,,,,,,,,,,,0.62390718116,0.62390718116,
60,0.62390718116,,,,,,,,,,,,,,,,,,,,,0.62390718116,0.62390718116,
61,0.62390718116,,,,,,,,,,,,,,,,,,,,,0.62390718116,0.62390718116,
62,0.62390718116,,,,,,,,,,,,,,,,,,,,,0.62390718116,0.62390718116,
63,0.62390718116,,,,,,,,,,,,,,,,,,,,,0.62390718116,0.62390718116,
64,0.62390718116,,,,,,,,,,,,,,,,,,,,,0.62390718116,0.62390718116,
65,0.62390718116,,,,,,,,,,,,,,,,,,,,,0.62390718116,0.62390718116,
66,0.62390718116,,,,,,,,,,,,,,,,,,,,,0.62390718116,0.62390718116,
67,0.62390718116,,,,,,,,,,,,,,,,,,,,,0.62390718116,0.62390718116,
68,0.62390718116,,,,,,,,,,,,,,,,,,,,,0.62390718116,0.62390718116,
69,0.62390718116,,,,,,,,,,,,,,,,,,,,,0.62390718116,0.62390718116,
70,0.62390718116,,,,,,,,,,,,,,,,,,,,,0.62390718116,0.62390718116,
71,,,,,,,,,,,,,,,,,,,,,,,,
72,Barcode,Measured height,Chamber temperature at start,Chamber temperature at end,Humidity at start,Humidity at end,Ambient temperature at start,Ambient temperature at end,Group,Label,ScanX,ScanY,Measinfo,Kinetics,Measurement date,,,,,,,,,
73,"""""""=""""""""H2061396""""""""""""""",14.01,17.8,17.62,46.6,47.2,18,18.11,1,Jez US LUM 384 (cps)(1),0,0,De=USLum Ex=N/A Em=N/A Wdw=N/A (12),0,3/22/2023 3:39:38 PM,,,,,,,,,
74,,,,,,,,,,,,,,,,,,,,,,,,
75,Result,Signal,Flashes/Time,Meastime,MeasInfo,,,,,,,,,,,,,,,,,,,
76,0,8,0.1,00:00:00.000,De=USLum Ex=N/A Em=N/A Wdw=N/A (12),,,,,,,,,,,,,,,,,,,
77,,,,,,,,,,,,,,,,,,,,,,,,
78,02,03,04,05,06,07,08,09,10,11,12,13,14,15,16,17,18,19,20,21,22,23,24,
79,0.12944983818770225,0.133764832793959,0.12081984897518878,0.1262135922330097,0.12944983818770225,0.1272923408845739,0.1272923408845739,0.1186623516720604,0.1348435814455232,0.11326860841423948,0.12944983818770225,0.12297734627831715,0.12513484358144553,0.1272923408845739,0.13807982740021574,0.13700107874865156,0.12513484358144553,0.1262135922330097,0.11758360302049622,0.11974110032362459,0.11326860841423948,0.6936353829557713,0.761596548004315,0.0
80,0.1121898597626753,0.12513484358144553,0.13592233009708737,0.1262135922330097,0.12513484358144553,0.12944983818770225,0.12837108953613807,0.13915857605177995,0.1262135922330097,0.13700107874865156,0.13807982740021574,0.12405609492988134,0.1413160733549083,0.12405609492988134,0.12405609492988134,0.13160733549083065,0.133764832793959,0.12189859762675297,0.12405609492988134,0.1348435814455232,0.12405609492988134,0.6709816612729234,0.7108953613807982,0.0
81,0.12297734627831715,0.1262135922330097,0.13160733549083065,0.12944983818770225,0.12081984897518878,0.12837108953613807,0.1262135922330097,0.13700107874865156,0.13915857605177995,0.133764832793959,0.13807982740021574,0.1186623516720604,0.14023732470334413,0.12837108953613807,0.1272923408845739,0.1262135922330097,0.13052858683926646,0.12405609492988134,0.11542610571736785,0.1262135922330097,0.12081984897518878,0.749730312837109,0.7206040992448759,0.0
82,0.1348435814455232,0.1186623516720604,0.13592233009708737,0.12837108953613807,0.13052858683926646,0.133764832793959,0.13915857605177995,0.14455231930960086,0.133764832793959,0.13268608414239483,0.13700107874865156,0.13592233009708737,0.1423948220064725,0.13700107874865156,0.1262135922330097,0.13268608414239483,0.12081984897518878,0.14023732470334413,0.13807982740021574,0.12297734627831715,0.1272923408845739,0.7475728155339806,0.7464940668824164,0.0
83,0.1413160733549083,0.12944983818770225,0.1499460625674218,0.1488673139158576,0.16181229773462782,0.15102481121898598,0.14563106796116504,0.13592233009708737,0.1423948220064725,0.1553398058252427,0.13700107874865156,0.15210355987055016,0.12297734627831715,0.1499460625674218,0.1348435814455232,0.14455231930960086,0.14670981661272922,0.13700107874865156,0.13268608414239483,0.13807982740021574,0.13807982740021574,0.8403451995685005,0.8478964401294499,0.0
84,0.1348435814455232,0.12944983818770225,0.1499460625674218,0.1499460625674218,0.14455231930960086,0.14563106796116504,0.1488673139158576,0.16720604099244876,0.13807982740021574,0.162891046386192,0.14347357065803668,0.14455231930960086,0.14455231930960086,0.15857605177993528,0.1488673139158576,0.13268608414239483,0.13807982740021574,0.1423948220064725,0.1348435814455232,0.14455231930960086,0.1272923408845739,0.8036677454153183,0.86084142394822,0.0
85,0.1423948220064725,0.1348435814455232,0.14455231930960086,0.13052858683926646,0.13160733549083065,0.1413160733549083,0.1499460625674218,0.13592233009708737,0.1499460625674218,0.14347357065803668,0.13807982740021574,0.14023732470334413,0.14778856526429343,0.15102481121898598,0.13052858683926646,0.1413160733549083,0.12837108953613807,0.13052858683926646,0.1272923408845739,0.13592233009708737,0.13160733549083065,0.8284789644012945,0.7939590075512406,0.0
86,0.13052858683926646,0.13700107874865156,0.1413160733549083,0.1423948220064725,0.12944983818770225,0.14347357065803668,0.13807982740021574,0.1423948220064725,0.14347357065803668,0.14347357065803668,0.14563106796116504,0.13700107874865156,0.1488673139158576,0.1348435814455232,0.12944983818770225,0.13915857605177995,0.1423948220064725,0.13807982740021574,0.12944983818770225,0.12944983818770225,0.13052858683926646,0.8629989212513485,0.8435814455231931,0.0
87,0.1262135922330097,0.12944983818770225,0.13052858683926646,0.1262135922330097,0.1272923408845739,0.15102481121898598,0.1413160733549083,0.13268608414239483,0.13592233009708737,0.16073354908306364,0.1413160733549083,0.13268608414239483,0.14347357065803668,0.1423948220064725,0.14778856526429343,0.14455231930960086,0.133764832793959,0.12297734627831715,0.12189859762675297,0.13592233009708737,0.12513484358144553,0.7993527508090615,0.8414239482200647,0.0
88,0.12837108953613807,0.1272923408845739,0.133764832793959,0.11974110032362459,0.1272923408845739,0.13700107874865156,0.1413160733549083,0.133764832793959,0.14347357065803668,0.1423948220064725,0.13807982740021574,0.1348435814455232,0.14455231930960086,0.1348435814455232,0.13268608414239483,0.15102481121898598,0.13052858683926646,0.13268608414239483,0.12297734627831715,0.13268608414239483,0.12837108953613807,0.837108953613808,0.8543689320388349,0.0
89,0.21251348435814454,0.13700107874865156,0.14563106796116504,0.13807982740021574,0.13807982740021574,0.15641855447680691,0.14778856526429343,0.1488673139158576,0.15102481121898598,0.13915857605177995,0.14670981661272922,0.1488673139158576,0.13915857605177995,0.14023732470334413,0.12297734627831715,0.1413160733549083,0.13807982740021574,0.13915857605177995,0.13160733549083065,0.12944983818770225,0.12513484358144553,0.8349514563106796,0.8727076591154261,0.0
90,0.13052858683926646,0.1272923408845739,0.15210355987055016,0.14023732470334413,0.12944983818770225,0.13915857605177995,0.14455231930960086,0.13700107874865156,0.13592233009708737,0.14670981661272922,0.1423948220064725,0.14778856526429343,0.14455231930960086,0.133764832793959,0.14023732470334413,0.14023732470334413,0.12837108953613807,0.1413160733549083,0.12297734627831715,0.13052858683926646,0.13268608414239483,0.9115426105717368,0.866235167206041,0.0
91,0.1262135922330097,0.13052858683926646,0.1348435814455232,0.14778856526429343,0.13915857605177995,0.133764832793959,0.1348435814455232,0.13915857605177995,0.15641855447680691,0.14023732470334413,0.13807982740021574,0.13807982740021574,0.13915857605177995,0.1423948220064725,0.133764832793959,0.14563106796116504,0.14347357065803668,0.13052858683926646,0.14778856526429343,0.133764832793959,0.12405609492988134,1.0,0.8403451995685005,0.0
92,0.1348435814455232,0.1272923408845739,0.1423948220064725,0.1348435814455232,0.12081984897518878,0.14347357065803668,0.1348435814455232,0.14563106796116504,0.1272923408845739,0.13915857605177995,0.1413160733549083,0.1423948220064725,0.1423948220064725,0.13052858683926646,0.13592233009708737,0.12944983818770225,0.11974110032362459,0.1423948220064725,0.13268608414239483,0.1413160733549083,0.12405609492988134,0.9158576051779935,0.8705501618122977,0.0
93,0.13052858683926646,0.12837108953613807,0.13160733549083065,0.1413160733549083,0.13807982740021574,0.13268608414239483,0.13915857605177995,0.13268608414239483,0.1423948220064725,0.1413160733549083,0.13915857605177995,0.15102481121898598,0.13700107874865156,0.14778856526429343,0.13592233009708737,0.1488673139158576,0.14023732470334413,0.12081984897518878,0.13592233009708737,0.12297734627831715,0.13915857605177995,0.8522114347357066,0.8446601941747572,0.0
94,0.12297734627831715,0.1262135922330097,0.13160733549083065,0.12837108953613807,0.13268608414239483,0.1413160733549083,0.14455231930960086,0.1413160733549083,0.133764832793959,0.13700107874865156,0.1348435814455232,0.13592233009708737,0.133764832793959,0.1423948220064725,0.13160733549083065,0.13268608414239483,0.1262135922330097,0.133764832793959,0.12297734627831715,0.12297734627831715,0.1272923408845739,0.8759439050701187,0.8910463861920173,0.0
95,,,,,,,,,,,,,,,,,,,,,,,,
96,Barcode,Measured height,Chamber temperature at start,Chamber temperature at end,Humidity at start,Humidity at end,Ambient temperature at start,Ambient temperature at end,Formula,Measurement date,,,,,,,,,,,,,,
97,"""""""=""""""""H2061398""""""""""""""",,,,,,,,Calc 1: Z' = 1 - ((3 * SD(High) + 3 * SD(Low)) / Abs(Avg(High) - Avg(Low))) where Label: Jez US LUM 384 (cps)(1) channel 1  High = Z_High  Low = Z_Low,3/22/2023 3:41:14 PM,,,,,,,,,,,,,,
98,,,,,,,,,,,,,,,,,,,,,,,,
99,Result,Signal,Flashes/Time,Meastime,MeasInfo,,,,,,,,,,,,,,,,,,,
100,0,4,0.1,00:00:00.000,De=USLum Ex=N/A Em=N/A Wdw=N/A (12),,,,,,,,,,,,,,,,,,,
101,,,,,,,,,,,,,,,,,,,,,,,,
102,02,03,04,05,06,07,08,09,10,11,12,13,14,15,16,17,18,19,20,21,22,23,24,
103,0.68540263357,,,,,,,,,,,,,,,,,,,,,0.68540263357,0.68540263357,
104,0.68540263357,,,,,,,,,,,,,,,,,,,,,0.68540263357,0.68540263357,
105,0.68540263357,,,,,,,,,,,,,,,,,,,,,0.68540263357,0.68540263357,
106,0.68540263357,,,,,,,,,,,,,,,,,,,,,0.68540263357,0.68540263357,
107,0.68540263357,,,,,,,,,,,,,,,,,,,,,0.68540263357,0.68540263357,
108,0.68540263357,,,,,,,,,,,,,,,,,,,,,0.68540263357,0.68540263357,
109,0.68540263357,,,,,,,,,,,,,,,,,,,,,0.68540263357,0.68540263357,
110,0.68540263357,,,,,,,,,,,,,,,,,,,,,0.68540263357,0.68540263357,
111,0.68540263357,,,,,,,,,,,,,,,,,,,,,0.68540263357,0.68540263357,
112,0.68540263357,,,,,,,,,,,,,,,,,,,,,0.68540263357,0.68540263357,
113,0.68540263357,,,,,,,,,,,,,,,,,,,,,0.68540263357,0.68540263357,
114,0.68540263357,,,,,,,,,,,,,,,,,,,,,0.68540263357,0.68540263357,
115,0.68540263357,,,,,,,,,,,,,,,,,,,,,0.68540263357,0.68540263357,
116,0.68540263357,,,,,,,,,,,,,,,,,,,,,0.68540263357,0.68540263357,
117,0.68540263357,,,,,,,,,,,,,,,,,,,,,0.68540263357,0.68540263357,
118,0.68540263357,,,,,,,,,,,,,,,,,,,,,0.68540263357,0.68540263357,
119,,,,,,,,,,,,,,,,,,,,,,,,
120,Barcode,Measured height,Chamber temperature at start,Chamber temperature at end,Humidity at start,Humidity at end,Ambient temperature at start,Ambient temperature at end,Group,Label,ScanX,ScanY,Measinfo,Kinetics,Measurement date,,,,,,,,,
121,"""""""=""""""""H2061398""""""""""""""",14.01,17.62,17.72,47.2,47.4,18.11,18.11,1,Jez US LUM 384 (cps)(1),0,0,De=USLum Ex=N/A Em=N/A Wdw=N/A (12),0,3/22/2023 3:41:14 PM,,,,,,,,,
122,,,,,,,,,,,,,,,,,,,,,,,,
123,Result,Signal,Flashes/Time,Meastime,MeasInfo,,,,,,,,,,,,,,,,,,,
124,0,4,0.1,00:00:00.000,De=USLum Ex=N/A Em=N/A Wdw=N/A (12),,,,,,,,,,,,,,,,,,,
125,,,,,,,,,,,,,,,,,,,,,,,,
126,02,03,04,05,06,07,08,09,10,11,12,13,14,15,16,17,18,19,20,21,22,23,24,
127,0.11702127659574468,0.16312056737588654,0.12056737588652482,0.12056737588652482,0.12411347517730496,0.11702127659574468,0.13947990543735225,0.1347517730496454,0.13356973995271867,0.1453900709219858,0.15721040189125296,0.13829787234042554,0.1347517730496454,0.13120567375886524,0.14420803782505912,0.14657210401891252,0.1430260047281324,0.13947990543735225,0.11938534278959811,0.13238770685579196,0.13356973995271867,0.7860520094562647,0.7553191489361702,0.0
128,0.1111111111111111,0.12056737588652482,0.11583924349881797,0.13002364066193853,0.13002364066193853,0.14657210401891252,0.13120567375886524,0.15011820330969267,0.14775413711583923,0.14066193853427897,0.1524822695035461,0.14184397163120568,0.14420803782505912,0.14893617021276595,0.13829787234042554,0.13711583924349882,0.14420803782505912,0.1453900709219858,0.14184397163120568,0.1524822695035461,0.12293144208037825,0.817966903073286,0.8297872340425532,0.0
129,0.13238770685579196,0.12647754137115838,0.15602836879432624,0.13356973995271867,0.13947990543735225,0.1359338061465721,0.1536643026004728,0.14657210401891252,0.1536643026004728,0.14893617021276595,0.16193853427895982,0.14775413711583923,0.14066193853427897,0.15839243498817968,0.13238770685579196,0.14184397163120568,0.15602836879432624,0.14184397163120568,0.1453900709219858,0.1453900709219858,0.13829787234042554,0.764775413711584,0.7777777777777778,0.0
130,0.1276595744680851,0.13711583924349882,0.1347517730496454,0.14184397163120568,0.13829787234042554,0.15130023640661938,0.14893617021276595,0.14893617021276595,0.14775413711583923,0.15130023640661938,0.1690307328605201,0.1595744680851064,0.16548463356973994,0.1453900709219858,0.1453900709219858,0.15839243498817968,0.13120567375886524,0.15011820330969267,0.14066193853427897,0.13002364066193853,0.13947990543735225,0.851063829787234,0.8191489361702128,0.0
131,0.15721040189125296,0.14893617021276595,0.1453900709219858,0.1524822695035461,0.16193853427895982,0.17494089834515367,0.17375886524822695,0.1690307328605201,0.16193853427895982,0.17139479905437352,0.16312056737588654,0.1702127659574468,0.15602836879432624,0.17375886524822695,0.1607565011820331,0.16784869976359337,0.1536643026004728,0.1453900709219858,0.15721040189125296,0.1536643026004728,0.15721040189125296,0.9018912529550828,0.9290780141843972,0.0
132,0.15011820330969267,0.14893617021276595,0.15484633569739953,0.14775413711583923,0.16193853427895982,0.1453900709219858,0.1702127659574468,0.1690307328605201,0.17139479905437352,0.17848699763593381,0.1773049645390071,0.16312056737588654,0.16784869976359337,0.17139479905437352,0.1607565011820331,0.17966903073286053,0.15130023640661938,0.16548463356973994,0.15602836879432624,0.15130023640661938,0.16430260047281323,0.975177304964539,0.9893617021276596,0.0
133,0.14657210401891252,0.16430260047281323,0.15011820330969267,0.1595744680851064,0.15602836879432624,0.16784869976359337,0.16784869976359337,0.16430260047281323,0.14657210401891252,0.1536643026004728,0.16430260047281323,0.16430260047281323,0.17139479905437352,0.1607565011820331,0.15602836879432624,0.1607565011820331,0.1430260047281324,0.14775413711583923,0.14657210401891252,0.14775413711583923,0.13947990543735225,0.8782505910165485,0.9030732860520094,0.0
134,0.1607565011820331,0.15011820330969267,0.14775413711583923,0.16784869976359337,0.17375886524822695,0.16430260047281323,0.14893617021276595,0.1702127659574468,0.16666666666666666,0.15130023640661938,0.16193853427895982,0.15011820330969267,0.1595744680851064,0.16193853427895982,0.15721040189125296,0.1595744680851064,0.14184397163120568,0.1536643026004728,0.15130023640661938,0.14893617021276595,0.1536643026004728,0.9290780141843972,0.8605200945626478,0.0
135,0.15484633569739953,0.13238770685579196,0.14893617021276595,0.1430260047281324,0.1524822695035461,0.16312056737588654,0.15602836879432624,0.15721040189125296,0.14657210401891252,0.15721040189125296,0.16548463356973994,0.12529550827423167,0.1595744680851064,0.1524822695035461,0.1453900709219858,0.1607565011820331,0.14184397163120568,0.14420803782505912,0.1536643026004728,0.14775413711583923,0.14775413711583923,0.8829787234042553,0.9184397163120568,0.0
136,0.15602836879432624,0.1347517730496454,0.14893617021276595,0.15130023640661938,0.15484633569739953,0.1690307328605201,0.15011820330969267,0.16430260047281323,0.1536643026004728,0.15484633569739953,0.16193853427895982,0.1536643026004728,0.15839243498817968,0.1607565011820331,0.1607565011820331,0.16193853427895982,0.14420803782505912,0.1536643026004728,0.14184397163120568,0.14184397163120568,0.14184397163120568,0.9113475177304965,0.8947990543735225,0.0
137,0.15011820330969267,0.15721040189125296,0.16548463356973994,0.16193853427895982,0.1607565011820331,0.1595744680851064,0.1690307328605201,0.15721040189125296,0.16666666666666666,0.17257683215130024,0.16430260047281323,0.15721040189125296,0.1536643026004728,0.15721040189125296,0.16193853427895982,0.15839243498817968,0.15602836879432624,0.14893617021276595,0.1453900709219858,0.14066193853427897,0.15484633569739953,0.8983451536643026,0.8687943262411347,0.0
138,0.14775413711583923,0.15011820330969267,0.16548463356973994,0.16666666666666666,0.15839243498817968,0.1702127659574468,0.16312056737588654,0.16784869976359337,0.1607565011820331,0.1773049645390071,0.15602836879432624,0.1595744680851064,0.15011820330969267,0.12174940898345153,0.14775413711583923,0.1536643026004728,0.14893617021276595,0.16312056737588654,0.13829787234042554,0.14420803782505912,0.14775413711583923,0.8617021276595744,0.9160756501182034,0.0
139,0.16312056737588654,0.1524822695035461,0.1536643026004728,0.15839243498817968,0.14657210401891252,0.16193853427895982,0.16548463356973994,0.1607565011820331,0.16312056737588654,0.16666666666666666,0.15130023640661938,0.15602836879432624,0.15130023640661938,0.16312056737588654,0.14420803782505912,0.17257683215130024,0.14420803782505912,0.1524822695035461,0.13947990543735225,0.1453900709219858,0.1536643026004728,0.900709219858156,0.9196217494089834,0.0
140,0.15839243498817968,0.14775413711583923,0.1524822695035461,0.14775413711583923,0.15011820330969267,0.1702127659574468,0.1595744680851064,0.16193853427895982,0.16666666666666666,0.1702127659574468,0.16784869976359337,0.15839243498817968,0.17375886524822695,0.15721040189125296,0.15839243498817968,0.15484633569739953,0.16312056737588654,0.15602836879432624,0.15130023640661938,0.14420803782505912,0.15602836879432624,0.8877068557919622,0.8995271867612293,0.0
141,0.15839243498817968,0.14420803782505912,0.16193853427895982,0.15721040189125296,0.16784869976359337,0.16548463356973994,0.16193853427895982,0.16430260047281323,0.16193853427895982,0.15839243498817968,0.15484633569739953,0.16784869976359337,0.16312056737588654,0.15721040189125296,0.16312056737588654,0.16430260047281323,0.15602836879432624,0.1359338061465721,0.1453900709219858,0.13356973995271867,0.14775413711583923,0.9680851063829787,0.9278959810874704,0.0
142,0.15130023640661938,0.14066193853427897,0.14775413711583923,0.1524822695035461,0.14066193853427897,0.1536643026004728,0.14775413711583923,0.1595744680851064,0.15602836879432624,0.1524822695035461,0.1524822695035461,0.15484633569739953,0.15484633569739953,0.14657210401891252,0.15130023640661938,0.14420803782505912,0.1524822695035461,0.14420803782505912,0.14184397163120568,0.14657210401891252,0.13947990543735225,1.0,0.9810874704491725,0.0
143,,,,,,,,,,,,,,,,,,,,,,,,
144,Barcode,Measured height,Chamber temperature at start,Chamber temperature at end,Humidity at start,Humidity at end,Ambient temperature at start,Ambient temperature at end,Formula,Measurement date,,,,,,,,,,,,,,
145,"""""""=""""""""H2061400""""""""""""""",,,,,,,,Calc 1: Z' = 1 - ((3 * SD(High) + 3 * SD(Low)) / Abs(Avg(High) - Avg(Low))) where Label: Jez US LUM 384 (cps)(1) channel 1  High = Z_High  Low = Z_Low,3/22/2023 3:42:51 PM,,,,,,,,,,,,,,
146,,,,,,,,,,,,,,,,,,,,,,,,
147,Result,Signal,Flashes/Time,Meastime,MeasInfo,,,,,,,,,,,,,,,,,,,
148,0,8,0.1,00:00:00.000,De=USLum Ex=N/A Em=N/A Wdw=N/A (12),,,,,,,,,,,,,,,,,,,
149,,,,,,,,,,,,,,,,,,,,,,,,
150,02,03,04,05,06,07,08,09,10,11,12,13,14,15,16,17,18,19,20,21,22,23,24,
151,0.75257885877,,,,,,,,,,,,,,,,,,,,,0.75257885877,0.75257885877,
152,0.75257885877,,,,,,,,,,,,,,,,,,,,,0.75257885877,0.75257885877,
153,0.75257885877,,,,,,,,,,,,,,,,,,,,,0.75257885877,0.75257885877,
154,0.75257885877,,,,,,,,,,,,,,,,,,,,,0.75257885877,0.75257885877,
155,0.75257885877,,,,,,,,,,,,,,,,,,,,,0.75257885877,0.75257885877,
156,0.75257885877,,,,,,,,,,,,,,,,,,,,,0.75257885877,0.75257885877,
157,0.75257885877,,,,,,,,,,,,,,,,,,,,,0.75257885877,0.75257885877,
158,0.75257885877,,,,,,,,,,,,,,,,,,,,,0.75257885877,0.75257885877,
159,0.75257885877,,,,,,,,,,,,,,,,,,,,,0.75257885877,0.75257885877,
160,0.75257885877,,,,,,,,,,,,,,,,,,,,,0.75257885877,0.75257885877,
161,0.75257885877,,,,,,,,,,,,,,,,,,,,,0.75257885877,0.75257885877,
162,0.75257885877,,,,,,,,,,,,,,,,,,,,,0.75257885877,0.75257885877,
163,0.75257885877,,,,,,,,,,,,,,,,,,,,,0.75257885877,0.75257885877,
164,0.75257885877,,,,,,,,,,,,,,,,,,,,,0.75257885877,0.75257885877,
165,0.75257885877,,,,,,,,,,,,,,,,,,,,,0.75257885877,0.75257885877,
166,0.75257885877,,,,,,,,,,,,,,,,,,,,,0.75257885877,0.75257885877,
167,,,,,,,,,,,,,,,,,,,,,,,,
168,Barcode,Measured height,Chamber temperature at start,Chamber temperature at end,Humidity at start,Humidity at end,Ambient temperature at start,Ambient temperature at end,Group,Label,ScanX,ScanY,Measinfo,Kinetics,Measurement date,,,,,,,,,
169,"""""""=""""""""H2061400""""""""""""""",14.01,17.7,17.82,47.5,47.5,18.1,18.11,1,Jez US LUM 384 (cps)(1),0,0,De=USLum Ex=N/A Em=N/A Wdw=N/A (12),0,3/22/2023 3:42:51 PM,,,,,,,,,
170,,,,,,,,,,,,,,,,,,,,,,,,
171,Result,Signal,Flashes/Time,Meastime,MeasInfo,,,,,,,,,,,,,,,,,,,
172,0,8,0.1,00:00:00.000,De=USLum Ex=N/A Em=N/A Wdw=N/A (12),,,,,,,,,,,,,,,,,,,
173,,,,,,,,,,,,,,,,,,,,,,,,
174,02,03,04,05,06,07,08,09,10,11,12,13,14,15,16,17,18,19,20,21,22,23,24,
175,0.12687427912341406,0.13264129181084197,0.1395617070357555,0.1245674740484429,0.13725490196078433,0.1395617070357555,0.14302191464821223,0.14071510957324107,0.1303344867358708,0.1303344867358708,0.14878892733564014,0.13494809688581316,0.1395617070357555,0.13725490196078433,0.12802768166089964,0.14648212226066898,0.1395617070357555,0.1384083044982699,0.11880046136101499,0.12687427912341406,0.1314878892733564,0.8269896193771626,0.8904267589388697,0.0
176,0.12687427912341406,0.1303344867358708,0.13725490196078433,0.13725490196078433,0.1314878892733564,0.14302191464821223,0.13725490196078433,0.14302191464821223,0.14071510957324107,0.1384083044982699,0.209919261822376,0.14648212226066898,0.14878892733564014,0.14994232987312572,0.14648212226066898,0.13494809688581316,0.14878892733564014,0.11764705882352941,0.1314878892733564,0.13379469434832755,0.14186851211072665,0.8385236447520185,0.7970011534025375,0.0
177,0.12802768166089964,0.13264129181084197,0.1303344867358708,0.13494809688581316,0.1453287197231834,0.14417531718569782,0.13264129181084197,0.1384083044982699,0.14071510957324107,0.1395617070357555,0.15570934256055363,0.14417531718569782,0.14302191464821223,0.14302191464821223,0.14417531718569782,0.1453287197231834,0.14302191464821223,0.1303344867358708,0.12572087658592848,0.1245674740484429,0.12687427912341406,0.8800461361014994,0.8350634371395617,0.0
178,0.1395617070357555,0.1384083044982699,0.13494809688581316,0.14878892733564014,0.13264129181084197,0.14878892733564014,0.14302191464821223,0.1384083044982699,0.13725490196078433,0.14417531718569782,0.14186851211072665,0.1314878892733564,0.1522491349480969,0.1522491349480969,0.13379469434832755,0.1314878892733564,0.1384083044982699,0.1384083044982699,0.14417531718569782,0.12918108419838523,0.13610149942329874,0.8292964244521338,0.8327566320645905,0.0
179,0.15455594002306805,0.12918108419838523,0.18800461361014995,0.14994232987312572,0.1522491349480969,0.16493656286043828,0.1568627450980392,0.1568627450980392,0.16032295271049596,0.1510957324106113,0.1580161476355248,0.16147635524798154,0.15570934256055363,0.14186851211072665,0.14878892733564014,0.1568627450980392,0.15916955017301038,0.15340253748558247,0.14302191464821223,0.14186851211072665,0.14878892733564014,0.8754325259515571,0.9965397923875432,0.0
180,0.14994232987312572,0.13725490196078433,0.14417531718569782,0.15455594002306805,0.1510957324106113,0.16608996539792387,0.16032295271049596,0.16147635524798154,0.1580161476355248,0.1453287197231834,0.17531718569780855,0.15916955017301038,0.1568627450980392,0.16608996539792387,0.1453287197231834,0.1580161476355248,0.14994232987312572,0.1580161476355248,0.15455594002306805,0.1395617070357555,0.14648212226066898,0.8869665513264129,0.9527104959630911,0.0
181,0.14186851211072665,0.13725490196078433,0.1510957324106113,0.15340253748558247,0.14071510957324107,0.1568627450980392,0.1510957324106113,0.15570934256055363,0.15916955017301038,0.15916955017301038,0.14878892733564014,0.15340253748558247,0.1580161476355248,0.14994232987312572,0.17993079584775087,0.1580161476355248,0.1314878892733564,0.14186851211072665,0.14302191464821223,0.14186851211072665,0.13725490196078433,0.8915801614763552,0.9457900807381776,0.0
182,0.14878892733564014,0.15340253748558247,0.14994232987312572,0.15570934256055363,0.14878892733564014,0.15570934256055363,0.14648212226066898,0.1522491349480969,0.15340253748558247,0.16839677047289503,0.1522491349480969,0.1580161476355248,0.16608996539792387,0.1453287197231834,0.15340253748558247,0.14648212226066898,0.15570934256055363,0.14071510957324107,0.14878892733564014,0.14186851211072665,0.1303344867358708,0.9757785467128027,0.9826989619377162,0.0
183,0.1245674740484429,0.14302191464821223,0.1453287197231834,0.14763552479815456,0.1522491349480969,0.14186851211072665,0.13725490196078433,0.1568627450980392,0.1453287197231834,0.14763552479815456,0.14417531718569782,0.14071510957324107,0.14417531718569782,0.16032295271049596,0.1568627450980392,0.1395617070357555,0.1395617070357555,0.15340253748558247,0.13610149942329874,0.13494809688581316,0.13264129181084197,0.903114186851211,0.9273356401384083,0.0
184,0.13379469434832755,0.1303344867358708,0.1395617070357555,0.14763552479815456,0.14071510957324107,0.14302191464821223,0.14417531718569782,0.15340253748558247,0.2364475201845444,0.14648212226066898,0.15916955017301038,0.14994232987312572,0.14186851211072665,0.15570934256055363,0.14071510957324107,0.14186851211072665,0.14071510957324107,0.1314878892733564,0.14186851211072665,0.13264129181084197,0.12918108419838523,0.936562860438293,0.9215686274509803,0.0
185,0.14302191464821223,0.13379469434832755,0.14763552479815456,0.1384083044982699,0.1384083044982699,0.16262975778546712,0.1453287197231834,0.1637831603229527,0.1510957324106113,0.14417531718569782,0.15455594002306805,0.16032295271049596,0.1510957324106113,0.14878892733564014,0.1522491349480969,0.1580161476355248,0.14763552479815456,0.14763552479815456,0.14186851211072665,0.13494809688581316,0.15570934256055363,0.9919261822376009,0.9261822376009228,0.0
186,0.1314878892733564,0.14186851211072665,0.1314878892733564,0.14417531718569782,0.1384083044982699,0.16493656286043828,0.14994232987312572,0.14417531718569782,0.14878892733564014,0.14648212226066898,0.1510957324106113,0.13610149942329874,0.14878892733564014,0.14878892733564014,0.14994232987312572,0.15455594002306805,0.1384083044982699,0.1510957324106113,0.1384083044982699,0.13264129181084197,0.1510957324106113,0.9607843137254902,0.9527104959630911,0.0
187,0.14302191464821223,0.15340253748558247,0.14994232987312572,0.14878892733564014,0.14186851211072665,0.15340253748558247,0.14994232987312572,0.1510957324106113,0.15916955017301038,0.14994232987312572,0.14878892733564014,0.15455594002306805,0.14994232987312572,0.1384083044982699,0.13264129181084197,0.1453287197231834,0.14071510957324107,0.15455594002306805,0.1453287197231834,0.1522491349480969,0.13264129181084197,0.9780853517877739,0.9146482122260668,0.0
188,0.14994232987312572,0.14186851211072665,0.1395617070357555,0.1453287197231834,0.1510957324106113,0.15570934256055363,0.1453287197231834,0.14186851211072665,0.16262975778546712,0.14648212226066898,0.16493656286043828,0.14186851211072665,0.1453287197231834,0.1522491349480969,0.14071510957324107,0.1510957324106113,0.14878892733564014,0.14302191464821223,0.14648212226066898,0.14186851211072665,0.13725490196078433,0.9284890426758939,0.8673587081891581,0.0
189,0.14302191464821223,0.1384083044982699,0.14763552479815456,0.1580161476355248,0.13610149942329874,0.14186851211072665,0.15340253748558247,0.15340253748558247,0.1453287197231834,0.14763552479815456,0.15570934256055363,0.14648212226066898,0.1568627450980392,0.13725490196078433,0.1453287197231834,0.13610149942329874,0.14994232987312572,0.15916955017301038,0.1314878892733564,0.15340253748558247,0.1395617070357555,0.9204152249134948,0.9630911188004614,0.0
190,0.13725490196078433,0.14302191464821223,0.13379469434832755,0.1395617070357555,0.1510957324106113,0.14071510957324107,0.14648212226066898,0.1395617070357555,0.14302191464821223,0.14648212226066898,0.14302191464821223,0.14417531718569782,0.14302191464821223,0.1522491349480969,0.1303344867358708,0.14994232987312572,0.15340253748558247,0.14071510957324107,0.14417531718569782,0.12918108419838523,0.13264129181084197,0.9204152249134948,1.0,0.0
191,,,,,,,,,,,,,,,,,,,,,,,,
192,Barcode,Measured height,Chamber temperature at start,Chamber temperature at end,Humidity at start,Humidity at end,Ambient temperature at start,Ambient temperature at end,Formula,Measurement date,,,,,,,,,,,,,,
193,"""""""=""""""""H2061402""""""""""""""",,,,,,,,Calc 1: Z' = 1 - ((3 * SD(High) + 3 * SD(Low)) / Abs(Avg(High) - Avg(Low))) where Label: Jez US LUM 384 (cps)(1) channel 1  High = Z_High  Low = Z_Low,3/22/2023 3:44:27 PM,,,,,,,,,,,,,,
194,,,,,,,,,,,,,,,,,,,,,,,,
195,Result,Signal,Flashes/Time,Meastime,MeasInfo,,,,,,,,,,,,,,,,,,,
196,0,0,0.1,00:00:00.000,De=USLum Ex=N/A Em=N/A Wdw=N/A (12),,,,,,,,,,,,,,,,,,,
197,,,,,,,,,,,,,,,,,,,,,,,,
198,02,03,04,05,06,07,08,09,10,11,12,13,14,15,16,17,18,19,20,21,22,23,24,
199,0.71362459761,,,,,,,,,,,,,,,,,,,,,0.71362459761,0.71362459761,
200,0.71362459761,,,,,,,,,,,,,,,,,,,,,0.71362459761,0.71362459761,
201,0.71362459761,,,,,,,,,,,,,,,,,,,,,0.71362459761,0.71362459761,
202,0.71362459761,,,,,,,,,,,,,,,,,,,,,0.71362459761,0.71362459761,
203,0.71362459761,,,,,,,,,,,,,,,,,,,,,0.71362459761,0.71362459761,
204,0.71362459761,,,,,,,,,,,,,,,,,,,,,0.71362459761,0.71362459761,
205,0.71362459761,,,,,,,,,,,,,,,,,,,,,0.71362459761,0.71362459761,
206,0.71362459761,,,,,,,,,,,,,,,,,,,,,0.71362459761,0.71362459761,
207,0.71362459761,,,,,,,,,,,,,,,,,,,,,0.71362459761,0.71362459761,
208,0.71362459761,,,,,,,,,,,,,,,,,,,,,0.71362459761,0.71362459761,
209,0.71362459761,,,,,,,,,,,,,,,,,,,,,0.71362459761,0.71362459761,
210,0.71362459761,,,,,,,,,,,,,,,,,,,,,0.71362459761,0.71362459761,
211,0.71362459761,,,,,,,,,,,,,,,,,,,,,0.71362459761,0.71362459761,
212,0.71362459761,,,,,,,,,,,,,,,,,,,,,0.71362459761,0.71362459761,
213,0.71362459761,,,,,,,,,,,,,,,,,,,,,0.71362459761,0.71362459761,
214,0.71362459761,,,,,,,,,,,,,,,,,,,,,0.71362459761,0.71362459761,
215,,,,,,,,,,,,,,,,,,,,,,,,
216,Barcode,Measured height,Chamber temperature at start,Chamber temperature at end,Humidity at start,Humidity at end,Ambient temperature at start,Ambient temperature at end,Group,Label,ScanX,ScanY,Measinfo,Kinetics,Measurement date,,,,,,,,,
217,"""""""=""""""""H2061402""""""""""""""",14.01,17.8,17.82,47.5,48,18.2,18.21,1,Jez US LUM 384 (cps)(1),0,0,De=USLum Ex=N/A Em=N/A Wdw=N/A (12),0,3/22/2023 3:44:27 PM,,,,,,,,,
218,,,,,,,,,,,,,,,,,,,,,,,,
219,Result,Signal,Flashes/Time,Meastime,MeasInfo,,,,,,,,,,,,,,,,,,,
220,0,0,0.1,00:00:00.000,De=USLum Ex=N/A Em=N/A Wdw=N/A (12),,,,,,,,,,,,,,,,,,,
221,,,,,,,,,,,,,,,,,,,,,,,,
222,02,03,04,05,06,07,08,09,10,11,12,13,14,15,16,17,18,19,20,21,22,23,24,
223,0.05240992044922789,0.04913430042115115,0.055217594759007955,0.04679457182966776,0.05474964904071128,0.05100608329433785,0.05240992044922789,0.05474964904071128,0.05053813757604118,0.05147402901263454,0.049602246139447824,0.05147402901263454,0.04913430042115115,0.052877866167524566,0.052877866167524566,0.05053813757604118,0.04866635470285447,0.0542817033224146,0.0500701918577445,0.04679457182966776,0.05194197473093121,0.3299017313991577,0.3051006083294338,0.0
224,0.048198408984557795,0.049602246139447824,0.05053813757604118,0.05100608329433785,0.05568554047730463,0.05053813757604118,0.05708937763219467,0.04913430042115115,0.05240992044922789,0.055217594759007955,0.05381375760411792,0.05334581188582124,0.04866635470285447,0.05615348619560131,0.05147402901263454,0.05194197473093121,0.048198408984557795,0.048198408984557795,0.0500701918577445,0.04773046326626111,0.04632662611137108,0.31773514272344405,0.3116518483855873,0.0
225,0.04632662611137108,0.04866635470285447,0.05240992044922789,0.05053813757604118,0.056621431913897985,0.052877866167524566,0.05708937763219467,0.05568554047730463,0.052877866167524566,0.055217594759007955,0.05381375760411792,0.0500701918577445,0.05100608329433785,0.04632662611137108,0.0542817033224146,0.05053813757604118,0.05334581188582124,0.05100608329433785,0.05100608329433785,0.0542817033224146,0.05381375760411792,0.29995320542817033,0.30182498830135707,0.0
226,0.0500701918577445,0.05100608329433785,0.0500701918577445,0.05381375760411792,0.05147402901263454,0.052877866167524566,0.055217594759007955,0.05615348619560131,0.05568554047730463,0.05474964904071128,0.0500701918577445,0.052877866167524566,0.05708937763219467,0.05240992044922789,0.05053813757604118,0.05053813757604118,0.055217594759007955,0.047262517547964435,0.048198408984557795,0.05100608329433785,0.04866635470285447,0.3130556855404773,0.3167992512868507,0.0
227,0.05568554047730463,0.0542817033224146,0.06036499766027141,0.06317267197005147,0.062236780533458116,0.06410856340664482,0.058961160505381374,0.059897051941974734,0.06036499766027141,0.0627047262517548,0.062236780533458116,0.055217594759007955,0.0645765091249415,0.05942910622367805,0.06036499766027141,0.058961160505381374,0.05615348619560131,0.05381375760411792,0.05334581188582124,0.0584932147870847,0.0584932147870847,0.3359850257370145,0.36452971455311184,0.0
228,0.0542817033224146,0.05802526906878802,0.0542817033224146,0.058961160505381374,0.062236780533458116,0.05802526906878802,0.057557323350491345,0.05474964904071128,0.06083294337856809,0.0584932147870847,0.0584932147870847,0.06083294337856809,0.062236780533458116,0.06317267197005147,0.057557323350491345,0.06176883481516144,0.059897051941974734,0.05802526906878802,0.05615348619560131,0.0584932147870847,0.05240992044922789,0.3598502573701451,0.35189518015910154,0.0
229,0.048198408984557795,0.05568554047730463,0.056621431913897985,0.0542817033224146,0.06176883481516144,0.058961160505381374,0.057557323350491345,0.05615348619560131,0.05942910622367805,0.06598034627983154,0.0542817033224146,0.05474964904071128,0.05708937763219467,0.059897051941974734,0.059897051941974734,0.05568554047730463,0.05568554047730463,0.05194197473093121,0.05100608329433785,0.05334581188582124,0.0500701918577445,0.3434721572297613,0.3299017313991577,0.0
230,0.05334581188582124,0.055217594759007955,0.05474964904071128,0.0627047262517548,0.0542817033224146,0.0542817033224146,0.056621431913897985,0.056621431913897985,0.0584932147870847,0.0584932147870847,0.05240992044922789,0.06176883481516144,0.062236780533458116,0.048198408984557795,0.05053813757604118,0.05474964904071128,0.05568554047730463,0.05474964904071128,0.05334581188582124,0.04679457182966776,0.0542817033224146,0.32662611137108094,0.3472157229761348,0.0
231,0.05100608329433785,0.052877866167524566,0.05147402901263454,0.05100608329433785,0.057557323350491345,0.05240992044922789,0.06317267197005147,0.06036499766027141,0.055217594759007955,0.05802526906878802,0.06036499766027141,0.05474964904071128,0.056621431913897985,0.05568554047730463,0.05568554047730463,0.05147402901263454,0.05708937763219467,0.056621431913897985,0.052877866167524566,0.05615348619560131,0.04773046326626111,0.32615816565278427,0.328029948525971,0.0
232,0.05194197473093121,0.0500701918577445,0.056621431913897985,0.05474964904071128,0.0584932147870847,0.05147402901263454,0.06036499766027141,0.0584932147870847,0.05615348619560131,0.055217594759007955,0.057557323350491345,0.052877866167524566,0.05615348619560131,0.0584932147870847,0.05942910622367805,0.05334581188582124,0.055217594759007955,0.05334581188582124,0.05381375760411792,0.05474964904071128,0.05568554047730463,0.3336452971455311,0.3626579316799251,0.0
233,0.05334581188582124,0.052877866167524566,0.05240992044922789,0.058961160505381374,0.061300889096864764,0.057557323350491345,0.06176883481516144,0.0584932147870847,0.059897051941974734,0.06364061768834815,0.06036499766027141,1.0,0.05942910622367805,0.05568554047730463,0.05474964904071128,0.05381375760411792,0.0542817033224146,0.05568554047730463,0.05240992044922789,0.056621431913897985,0.05334581188582124,0.32007487131492746,0.35189518015910154,0.0
234,0.05147402901263454,0.08984557791296209,0.049602246139447824,0.0584932147870847,0.06036499766027141,0.05381375760411792,0.057557323350491345,0.0584932147870847,0.05802526906878802,0.05802526906878802,0.05053813757604118,0.06551240056153486,0.0584932147870847,0.05942910622367805,0.057557323350491345,0.0584932147870847,0.05708937763219467,0.05474964904071128,0.05240992044922789,0.05240992044922789,0.055217594759007955,0.35657463734206835,0.36031820308844176,0.0
235,0.062236780533458116,0.05474964904071128,0.0627047262517548,0.057557323350491345,0.059897051941974734,0.057557323350491345,0.057557323350491345,0.06036499766027141,0.05802526906878802,0.056621431913897985,0.062236780533458116,0.05615348619560131,0.05708937763219467,0.05381375760411792,0.0542817033224146,0.059897051941974734,0.05334581188582124,0.0542817033224146,0.0542817033224146,0.05942910622367805,0.05381375760411792,0.3589143659335517,0.36031820308844176,0.0
236,0.057557323350491345,0.05802526906878802,0.05708937763219467,0.059897051941974734,0.058961160505381374,0.05942910622367805,0.06036499766027141,0.0584932147870847,0.06036499766027141,0.057557323350491345,0.052877866167524566,0.06364061768834815,0.05381375760411792,0.059897051941974734,0.05708937763219467,0.055217594759007955,0.06036499766027141,0.055217594759007955,0.05568554047730463,0.05240992044922789,0.05802526906878802,0.3837154890032756,0.36406176883481517,0.0
237,0.05615348619560131,0.0627047262517548,0.05708937763219467,0.055217594759007955,0.05381375760411792,0.057557323350491345,0.06036499766027141,0.05474964904071128,0.06785212915301825,0.058961160505381374,0.05942910622367805,0.06644829199812821,0.05708937763219467,0.05708937763219467,0.06083294337856809,0.05615348619560131,0.06036499766027141,0.05615348619560131,0.06083294337856809,0.05802526906878802,0.056621431913897985,0.3472157229761348,0.3532990173139916,0.0
238,0.05240992044922789,0.0500701918577445,0.055217594759007955,0.05708937763219467,0.055217594759007955,0.06317267197005147,0.057557323350491345,0.05802526906878802,0.05568554047730463,0.057557323350491345,0.05708937763219467,0.05708937763219467,0.061300889096864764,0.058961160505381374,0.056621431913897985,0.06317267197005147,0.0542817033224146,0.05100608329433785,0.0542817033224146,0.055217594759007955,0.0500701918577445,0.3940102948058025,0.3678053345811886,0.0
239,,,,,,,,,,,,,,,,,,,,,,,,
240,,,540,,,,,,,,,,,,,,,,,,,,,
241,,,3/22/2023 3:36:25 PM,,,,,,,,,,,,,,,,,,,,,
242,,,3/22/2023 3:44:45 PM,,,,,,,,,,,,,,,,,,,,,
243,,,3/23/2023 7:04:16 PM,,,,,,,,,,,,,,,,,,,,,
244,,,100135,,,,,,,,,,,,,,,,,,,,,
245,,,Klein lab BTG,,,,,,,,,,,,,,,,,,,,,
246,,,,,,,,,,,,,,,,,,,,,,,,
247,,,,,,,,,,,,,,,,,,,,,,,,
248,,,,,,,,,,,,,,,,,,,,,,,,
249,,,Klein lab BTG,,,,,,,,,,,,,,,,,,,,,
250,,,1,,,,,,,,,,,,,,,,,,,,,
251,,,,,,,,,,,,,,,,,,,,,,,,
252,,,1,,,,,,,,,,,,,,,,,,,,,
253,,,,,,,,,,,,,,,,,,,,,,,,
254,,,Yes,,,,,,,,,,,,,,,,,,,,,
255,,,Defined in label,,,,,,,,,,,,,,,,,,,,,
256,,,No,,,,,,,,,,,,,,,,,,,,,
257,,,By Rows  bi-directional,,,,,,,,,,,,,,,,,,,,,
258,,,No,,,,,,,,,,,,,,,,,,,,,
259,,,No,,,,,,,,,,,,,,,,,,,,,
260,,,,,,,,,,,,,,,,,,,,,,,,
261,,,,,,,,,,,,,,,,,,,,,,,,
262,,,384 Nunc Maxisorp 460372,,,,,,,,,,,,,,,,,,,,,
263,,,16,,,,,,,,,,,,,,,,,,,,,
264,,,24,,,,,,,,,,,,,,,,,,,,,
265,,,384,,,,,,,,,,,,,,,,,,,,,
266,,,14.4 mm,,,,,,,,,,,,,,,,,,,,,
267,,,,,,,,,,,,,,,,,,,,,,,,
268,,,,,,,,,,,,,,,,,,,,,,,,
269,,,,,,,,,,,,,,,,,,,,,,,,
270,,,,,,,,,,,,,,,,,,,,,,,,
271,,,,,,,,,,,,,,,,,,,,,,,,
272,,,,,,,,,,,,,,,,,,,,,,,,
273,,,,,,,,,,,,,,,,,,,,,,,,
274,,,1,,,,,,,,,,,,,,,,,,,,,
275,,,1,,,,,,,,,,,,,,,,,,,,,
276,02,03,04,05,06,07,08,09,10,11,12,13,14,15,16,17,18,19,20,21,22,23,24,
277,ZL,- ,- ,- ,- ,- ,- ,- ,- ,- ,- ,- ,- ,- ,- ,- ,- ,- ,- ,- ,- ,ZH,ZH,
278,ZL,- ,- ,- ,- ,- ,- ,- ,- ,- ,- ,- ,- ,- ,- ,- ,- ,- ,- ,- ,- ,ZH,ZH,
279,ZL,- ,- ,- ,- ,- ,- ,- ,- ,- ,- ,- ,- ,- ,- ,- ,- ,- ,- ,- ,- ,ZH,ZH,
280,ZL,- ,- ,- ,- ,- ,- ,- ,- ,- ,- ,- ,- ,- ,- ,- ,- ,- ,- ,- ,- ,ZH,ZH,
281,ZL,- ,- ,- ,- ,- ,- ,- ,- ,- ,- ,- ,- ,- ,- ,- ,- ,- ,- ,- ,- ,ZH,ZH,
282,ZL,- ,- ,- ,- ,- ,- ,- ,- ,- ,- ,- ,- ,- ,- ,- ,- ,- ,- ,- ,- ,ZH,ZH,
283,ZL,- ,- ,- ,- ,- ,- ,- ,- ,- ,- ,- ,- ,- ,- ,- ,- ,- ,- ,- ,- ,ZH,ZH,
284,ZL,- ,- ,- ,- ,- ,- ,- ,- ,- ,- ,- ,- ,- ,- ,- ,- ,- ,- ,- ,- ,ZH,ZH,
285,ZL,- ,- ,- ,- ,- ,- ,- ,- ,- ,- ,- ,- ,- ,- ,- ,- ,- ,- ,- ,- ,ZH,ZH,
286,ZL,- ,- ,- ,- ,- ,- ,- ,- ,- ,- ,- ,- ,- ,- ,- ,- ,- ,- ,- ,- ,ZH,ZH,
287,ZL,- ,- ,- ,- ,- ,- ,- ,- ,- ,- ,- ,- ,- ,- ,- ,- ,- ,- ,- ,- ,ZH,ZH,
288,ZL,- ,- ,- ,- ,- ,- ,- ,- ,- ,- ,- ,- ,- ,- ,- ,- ,- ,- ,- ,- ,ZH,ZH,
289,ZL,- ,- ,- ,- ,- ,- ,- ,- ,- ,- ,- ,- ,- ,- ,- ,- ,- ,- ,- ,- ,ZH,ZH,
290,ZL,- ,- ,- ,- ,- ,- ,- ,- ,- ,- ,- ,- ,- ,- ,- ,- ,- ,- ,- ,- ,ZH,ZH,
291,ZL,- ,- ,- ,- ,- ,- ,- ,- ,- ,- ,- ,- ,- ,- ,- ,- ,- ,- ,- ,- ,ZH,ZH,
292,ZL,- ,- ,- ,- ,- ,- ,- ,- ,- ,- ,- ,- ,- ,- ,- ,- ,- ,- ,- ,- ,ZH,ZH,
293,,,,,,,,,,,,,,,,,,,,,,,,
294,,,,,,,,,,,,,,,,,,,,,,,,
295,,,,,,,,,,,,,,,,,,,,,,,,
296,,,,,,,,,,,,,,,,,,,,,,,,
297,,,1,,,,,,,,,,,,,,,,,,,,,
298,,,Calc 1,,,,,,,,,,,,,,,,,,,,,
299,,,Z',,,,,,,,,,,,,,,,,,,,,
300,,,1 - ((3 * SD(High) + 3 * SD(Low)) / Abs(Avg(High) - Avg(Low))) where Label: Jez US LUM 384 (cps)(1) channel 1  High = Z_High  Low = Z_Low,,,,,,,,,,,,,,,,,,,,,
301,,,,,,,,,,,,,,,,,,,,,,,,
302,,,Plate2,,,,,,,,,,,,,,,,,,,,,
303,,,Yes,,,,,,,,,,,,,,,,,,,,,
304,,,End of file,,,,,,,,,,,,,,,,,,,,,
305,,,Yes,,,,,,,,,,,,,,,,,,,,,
306,,,Beginning of plate,,,,,,,,,,,,,,,,,,,,,
307,,,Yes,,,,,,,,,,,,,,,,,,,,,
308,,,Large,,,,,,,,,,,,,,,,,,,,,
309,,,Yes,,,,,,,,,,,,,,,,,,,,,
310,,,Yes,,,,,,,,,,,,,,,,,,,,,
311,,,Yes,,,,,,,,,,,,,,,,,,,,,
312,,,No,,,,,,,,,,,,,,,,,,,,,
313,,,System,,,,,,,,,,,,,,,,,,,,,
314,,,<DefaultDataFolder>\<Date>\<ProtocolName>_<AssayID>.csv,,,,,,,,,,,,,,,,,,,,,
315,,,,,,,,,,,,,,,,,,,,,,,,
316,,,,,,,,,,,,,,,,,,,,,,,,
317,,,,,,,,,,,,,,,,,,,,,,,,
318,,,,,,,,,,,,,,,,,,,,,,,,
319,,,Jez US LUM 384 (cps)(1),,,,,,,,,,,,,,,,,,,,,
320,,,,,,,,,,,,,,,,,,,,,,,,
321,,,7000006,,,,,,,,,,,,,,,,,,,,,
322,,,0 mm,,,,,,,,,,,,,,,,,,,,,
323,,,0.1 s,,,,,,,,,,,,,,,,,,,,,
324,,,0,,,,,,,,,,,,,,,,,,,,,
325,,,384 Plate US Luminescence aperture,,,,,,,,,,,,,,,,,,,,,
326,,,3/2/2023 11:21:54 AM,,,,,,,,,,,,,,,,,,,,,
327,,,EnVision,,,,,,,,,,,,,,,,,,,,,
328,,,No,,,,,,,,,,,,,,,,,,,,,
329,,,,,,,,,,,,,,,,,,,,,,,,
330,,,9,,,,,,,,,,,,,,,,,,,,,
331,,,4.2 mm,,,,,,,,,,,,,,,,,,,,,
332,,,3.7 mm,,,,,,,,,,,,,,,,,,,,,
333,,,Can also be used in 96 plate,,,,,,,,,,,,,,,,,,,,,
334,,,3/9/2022 5:22:33 PM,,,,,,,,,,,,,,,,,,,,,
335,,,Installation,,,,,,,,,,,,,,,,,,,,,
336,,,Yes,,,,,,,,,,,,,,,,,,,,,
337,,,,,,,,,,,,,,,,,,,,,,,,
338,,,1051054,,,,,,,,,,,,,,,,,,,,,
339,,,EnVision#Alpha_680nm,,,,,,,,,,,,,,,,,,,,,
340,,,,,,,,,,,,,,,,,,,,,,,,
341,,,,,,,,,,,,,,,,,,,,,,,,
342,,,,,,,,,,,,,,,,,,,,,,,,
343,,,,,,,,,,,,,,,,,,,,,,,,
