,0,1,2,3,4,5,6,7,8,9,10,11,12,13,14,15,16,17,18,19,20,21,22,23,24,25
0,Plate,Repeat,Barcode,Measured height,Chamber temperature at start,Chamber temperature at end,Humidity at start,Humidity at end,Ambient temperature at start,Ambient temperature at end,Formula,Measurement date,,,,,,,,,,,,,,
1,1,1,"""=""""H2060754""""""",N/A,N/A,N/A,N/A,N/A,N/A,N/A,Calc 1: Z' = 1 - ((3 * SD(High) + 3 * SD(Low)) / Abs(Avg(High) - Avg(Low))) where Label: Jez US LUM 384 (cps)(1) channel 1  High = Z_High  Low = Z_Low,12/22/2022 2:37:40 PM,,,,,,,,,,,,,,
2,Background information,,,,,,,,,,,,,,,,,,,,,,,,,
3,Plate,Label,Result,Signal,Flashes/Time,Meastime,MeasInfo,,,,,,,,,,,,,,,,,,,
4,1,Jez US LUM 384 (cps),0,132,0.25,00:00:00.000,De=USLum Ex=N/A Em=N/A Wdw=N/A (12),,,,,,,,,,,,,,,,,,,
5,Calculated results: Calc 1: Z' = 1 - ((3 * SD(High) + 3 * SD(Low)) / Abs(Avg(High) - Avg(Low))) where Label: Jez US LUM 384 (cps)(1) channel 1  High = Z_High  Low = Z_Low,,,,,,,,,,,,,,,,,,,,,,,,,
6,,01,02,03,04,05,06,07,08,09,10,11,12,13,14,15,16,17,18,19,20,21,22,23,24,
7,A,0.2289006137,0.2289006137,,,,,,,,,,,,,,,,,,,,,0.2289006137,0.2289006137,
8,B,0.2289006137,0.2289006137,,,,,,,,,,,,,,,,,,,,,0.2289006137,0.2289006137,
9,C,0.2289006137,0.2289006137,,,,,,,,,,,,,,,,,,,,,0.2289006137,0.2289006137,
10,D,0.2289006137,0.2289006137,,,,,,,,,,,,,,,,,,,,,0.2289006137,0.2289006137,
11,E,0.2289006137,0.2289006137,,,,,,,,,,,,,,,,,,,,,0.2289006137,0.2289006137,
12,F,0.2289006137,0.2289006137,,,,,,,,,,,,,,,,,,,,,0.2289006137,0.2289006137,
13,G,0.2289006137,0.2289006137,,,,,,,,,,,,,,,,,,,,,0.2289006137,0.2289006137,
14,H,0.2289006137,0.2289006137,,,,,,,,,,,,,,,,,,,,,0.2289006137,0.2289006137,
15,I,0.2289006137,0.2289006137,,,,,,,,,,,,,,,,,,,,,0.2289006137,0.2289006137,
16,J,0.2289006137,0.2289006137,,,,,,,,,,,,,,,,,,,,,0.2289006137,0.2289006137,
17,K,0.2289006137,0.2289006137,,,,,,,,,,,,,,,,,,,,,0.2289006137,0.2289006137,
18,L,0.2289006137,0.2289006137,,,,,,,,,,,,,,,,,,,,,0.2289006137,0.2289006137,
19,M,0.2289006137,0.2289006137,,,,,,,,,,,,,,,,,,,,,0.2289006137,0.2289006137,
20,N,0.2289006137,0.2289006137,,,,,,,,,,,,,,,,,,,,,0.2289006137,0.2289006137,
21,O,0.2289006137,0.2289006137,,,,,,,,,,,,,,,,,,,,,0.2289006137,0.2289006137,
22,P,0.2289006137,0.2289006137,,,,,,,,,,,,,,,,,,,,,0.2289006137,0.2289006137,
23,Plate information,,,,,,,,,,,,,,,,,,,,,,,,,
24,Plate,Repeat,Barcode,Measured height,Chamber temperature at start,Chamber temperature at end,Humidity at start,Humidity at end,Ambient temperature at start,Ambient temperature at end,Group,Label,ScanX,ScanY,Measinfo,Kinetics,Measurement date,,,,,,,,,
25,1,1,"""=""""H2060754""""""",14.01,17.61,17.62,44.4,44.8,18,18.02,1,Jez US LUM 384 (cps)(1),0,0,De=USLum Ex=N/A Em=N/A Wdw=N/A (12),0,12/22/2022 2:37:40 PM,,,,,,,,,
26,Background information,,,,,,,,,,,,,,,,,,,,,,,,,
27,Plate,Label,Result,Signal,Flashes/Time,Meastime,MeasInfo,,,,,,,,,,,,,,,,,,,
28,1,Jez US LUM 384 (cps),0,132,0.25,00:00:00.000,De=USLum Ex=N/A Em=N/A Wdw=N/A (12),,,,,,,,,,,,,,,,,,,
29,Results for Jez US LUM 384 (cps)(1) - channel 0 (CPS),,,,,,,,,,,,,,,,,,,,,,,,,
30,,01,02,03,04,05,06,07,08,09,10,11,12,13,14,15,16,17,18,19,20,21,22,23,24,
31,A,0.5021477634078794,0.41529423099022933,0.4852955854760966,0.503326237389123,0.5072152015272267,0.489420244410449,0.49543046171479116,0.4940162929372989,0.5092186072953407,0.5477547064820051,0.4749250144411533,0.5220639736908955,0.54410143714015,0.47421793005240714,0.47692842020926735,0.4216579904889445,0.5796913513737054,0.49531261431666684,0.47987460516237623,0.524538769051507,0.3797043167566739,0.40704491312152447,5.666338596615268,5.039272591195572,0.0
32,B,0.4322642563201365,0.4497056712425412,0.5379733724376835,0.4806995369492467,0.5611893098681816,0.45218046660315264,0.6811579611587757,0.6204665511247325,0.5917117859823897,0.5259529378289992,0.5635462578306688,0.45642297293562945,0.5397410834095488,0.4548909567600128,0.5465762325007615,0.49625539350166165,0.6251804470497068,0.5149931298034341,0.5272492592083672,0.538444762030181,0.5002622050378898,0.508629370304719,4.413856449349616,3.706064976214736,0.0
33,C,0.5365592036601913,0.4035094911777937,0.5073330489253511,0.5157002141921804,0.5590680567019433,0.45218046660315264,0.5505830440369897,0.3462356556893569,0.5146395876090611,0.6098602852935405,0.5737989814674876,0.5595394462944406,0.6665448837913556,0.538798304224554,0.5939508865467525,0.5484617908707512,0.5785128773924619,0.5741525236618608,0.4928378189560554,0.5080401333140971,0.4671470861649458,0.8472049451159928,5.162305274837399,3.6093122623546403,0.0
34,D,0.44416684353069646,0.5448085215288963,0.6235305834759658,0.5617785468588034,0.5405660151964193,0.48399926409672867,0.3053426085402055,0.5220639736908955,0.6023180518135818,0.5214747367002738,0.5448085215288963,0.5329059343183362,0.5336130187070824,0.22992027374061788,0.5542363133788446,0.5594215988963163,0.5531756867957255,0.4971981726866565,0.5211211945059007,0.4964910882979104,0.6156348078016339,0.537148440650813,3.948712768952785,3.7348197413570796,0.0
35,E,0.4525340087975257,0.5727383548843685,0.46125471625872805,0.5618963942569278,0.6446252677402254,0.6006681882398408,0.47410008265428283,0.2586750388829607,0.5497581122501192,0.47987460516237623,0.5587145145075701,0.5581252775169484,0.020976836866135305,0.686225399278123,0.603732220591074,0.5673173745706481,0.518528551747165,0.673615727678817,0.5103970812765843,0.5378555250395592,0.7433813873684354,0.6142206390241416,5.049525314832391,4.079994770463316,0.0
36,F,0.4680898653499406,0.573916828865612,0.5577717353225753,0.4145871466014832,0.4475844180763028,0.4901273287991951,0.5571824983319534,0.5092186072953407,0.5835803155118092,0.537148440650813,0.6030251362023279,0.5839338577061822,0.5785128773924619,0.5737989814674876,0.554000618582596,0.6130421650428981,0.5060367275459832,0.6645414780232415,0.549051027861373,0.5578895827206997,0.5108684708690817,0.5297240545689786,5.061310054644826,3.6238074923239365,0.0
37,G,0.5180571621546675,0.6078568795254264,0.5455156059176423,0.6029072888042035,0.5411552521870412,0.5046225587684908,0.5782771825962132,0.5710884913106276,0.44522747011381564,0.5654318162006584,0.5050939483609883,0.518882093941538,0.559657293692565,0.5107506234709575,0.5317274603370926,0.46985757632180597,0.7403173550172023,0.4809352317454954,0.5025013056022525,0.45111984002003347,0.448998586853795,0.5999611038510946,5.676944862446461,3.548738699718722,0.0
38,H,0.4851777380779722,0.5290169701802325,0.5127540292390714,0.5943044287411255,0.5479904012782537,0.6129243176447737,0.5965435293054884,0.5274849540046159,0.4497056712425412,0.5788664195868349,0.5957185975186179,0.5597751410906894,0.5211211945059007,0.5365592036601913,0.5345557978920772,0.47044681331242777,0.4794032155698788,0.4808173843473711,0.49436983513167193,0.5503473492407409,0.5627213260437983,0.6171668239772505,4.5403067075370505,3.576432838277945,0.0
39,I,0.485766975068594,0.5428051157607822,0.5291348175783569,0.44958782384441676,0.5693207803387622,0.5486974856669999,0.5569468035357048,0.5338487135033311,0.5345557978920772,0.5431586579551553,0.5365592036601913,0.5167608407752995,0.5098078442859626,0.45300539839002313,0.42790390258953537,0.4439311487344478,0.431439324533266,0.4427526747532042,0.44923428165004375,0.5247744638477557,0.5855837212799232,0.5655496635987828,3.9999763871368796,3.060379081891392,0.0
40,J,0.419183195128333,0.48246724792111206,0.5396232360114245,0.6071497951366803,0.4545374145656398,0.5108684708690817,0.6626559196532519,0.6280087846046912,0.5483439434726268,0.5386804568264297,0.5495224174538704,0.35036031462370937,0.5169965355715482,0.5630748682381713,0.41246589343524476,0.46702923876682145,0.41847611073958696,0.5497581122501192,0.462904579832469,0.4557158885468833,0.6443895729439767,0.5346736452902016,4.128430051092428,2.833758535298256,0.0
41,K,0.49484122472416936,0.45100199262190904,0.5912403963898923,0.5204141101171545,0.6031429836004523,0.5786307247905863,0.5364413562620669,0.5893548380199026,0.5787485721887106,0.5840517051043066,0.5280741909952377,0.5301954441614761,0.43615322045824023,0.4982587992697757,0.49955512064914365,0.49554830911291553,0.4414563533738362,0.4381566262263543,0.11006946984814818,0.45665866773187813,0.5931259547598821,0.596779224101737,4.1001466755425815,2.659462233472334,0.0
42,L,0.46702923876682145,0.4814066213379929,0.38524314446851865,0.5952472079261204,0.4520626192050283,0.5541184659807202,0.6274195476140695,0.5845230946968041,0.6014931200267113,0.5712063387087518,0.5618963942569278,0.5464583851026372,0.5215925840983981,0.4651436803968318,0.46243319023997154,0.4765748780148943,0.4845885010873504,0.427786055191411,0.51027923387846,0.5106327760728331,0.6191702297453646,0.5845230946968041,3.7211494431746543,2.961740809661306,0.0
43,M,0.48564912767046964,0.5312560707445952,0.6258875314384529,0.5608357676738085,0.5266600222177454,0.6241198204665875,0.7590550913189748,0.5801627409662029,0.5320810025314657,0.5320810025314657,0.5329059343183362,0.5264243274214967,0.5395053886133002,0.48470634848547484,0.5194713309321597,0.45359463538064493,0.565313968802534,0.5921831755748871,0.5786307247905863,0.5373841354470618,0.5525864498051036,0.778028522416996,4.175569010342169,2.999805519255473,0.0
44,N,0.3797043167566739,0.48482419588359915,0.406573523529027,0.5932438021580063,0.5747417606524825,0.6051463893685662,0.48270294271736075,0.5635462578306688,0.5376198302433105,0.4059842865384052,0.4557158885468833,0.5415087943814142,0.518882093941538,0.47846043638488395,0.47610348842239686,0.5286634279858594,0.46019408967560876,0.7063773043573878,0.7241722614741654,0.5831089259193118,0.5623677838494252,0.6694910687444645,3.891203238668099,4.650611872181448,0.0
45,O,0.3292656303594497,0.36438415500050764,0.344939334309989,0.4863562120592158,0.4697397289236816,0.5524686024069793,0.572620507486244,0.5607179202756842,0.2814195867209613,0.5713241861068762,0.3199556859076256,0.5431586579551553,0.5129897240353202,0.46149041105497673,0.46844340754431374,0.43521044127324543,0.5138146558221907,0.5025013056022525,0.6151634182091366,0.6059713211554367,0.6773868444187963,0.6349617810940282,5.35251097541011,2.876419293419273,0.0
46,P,0.3316225783219368,0.41317297782399093,0.36626971337049735,0.450294908233163,0.5115755552578279,0.5195891783302841,0.5450442163251449,0.5135789610259419,0.48470634848547484,0.5272492592083672,0.5293705123746056,0.5224175158852686,0.44923428165004375,0.43674245744886203,0.4013882380115554,0.4000919166321874,0.40327379638154504,0.5360878140676939,0.6182274505603698,0.5987826298698511,0.5511722810276114,0.5153466719978073,3.0511869848376922,4.489750173741701,0.0
47,Plate information,,,,,,,,,,,,,,,,,,,,,,,,,
48,Plate,Repeat,Barcode,Measured height,Chamber temperature at start,Chamber temperature at end,Humidity at start,Humidity at end,Ambient temperature at start,Ambient temperature at end,Formula,Measurement date,,,,,,,,,,,,,,
49,2,1,"""=""""H2060756""""""",N/A,N/A,N/A,N/A,N/A,N/A,N/A,Calc 1: Z' = 1 - ((3 * SD(High) + 3 * SD(Low)) / Abs(Avg(High) - Avg(Low))) where Label: Jez US LUM 384 (cps)(1) channel 1  High = Z_High  Low = Z_Low,12/22/2022 2:40:15 PM,,,,,,,,,,,,,,
50,Background information,,,,,,,,,,,,,,,,,,,,,,,,,
51,Plate,Label,Result,Signal,Flashes/Time,Meastime,MeasInfo,,,,,,,,,,,,,,,,,,,
52,2,Jez US LUM 384 (cps),0,88,0.25,00:00:00.000,De=USLum Ex=N/A Em=N/A Wdw=N/A (12),,,,,,,,,,,,,,,,,,,
53,Calculated results: Calc 1: Z' = 1 - ((3 * SD(High) + 3 * SD(Low)) / Abs(Avg(High) - Avg(Low))) where Label: Jez US LUM 384 (cps)(1) channel 1  High = Z_High  Low = Z_Low,,,,,,,,,,,,,,,,,,,,,,,,,
54,,01,02,03,04,05,06,07,08,09,10,11,12,13,14,15,16,17,18,19,20,21,22,23,24,
55,A,0.68997863749,0.68997863749,,,,,,,,,,,,,,,,,,,,,0.68997863749,0.68997863749,
56,B,0.68997863749,0.68997863749,,,,,,,,,,,,,,,,,,,,,0.68997863749,0.68997863749,
57,C,0.68997863749,0.68997863749,,,,,,,,,,,,,,,,,,,,,0.68997863749,0.68997863749,
58,D,0.68997863749,0.68997863749,,,,,,,,,,,,,,,,,,,,,0.68997863749,0.68997863749,
59,E,0.68997863749,0.68997863749,,,,,,,,,,,,,,,,,,,,,0.68997863749,0.68997863749,
60,F,0.68997863749,0.68997863749,,,,,,,,,,,,,,,,,,,,,0.68997863749,0.68997863749,
61,G,0.68997863749,0.68997863749,,,,,,,,,,,,,,,,,,,,,0.68997863749,0.68997863749,
62,H,0.68997863749,0.68997863749,,,,,,,,,,,,,,,,,,,,,0.68997863749,0.68997863749,
63,I,0.68997863749,0.68997863749,,,,,,,,,,,,,,,,,,,,,0.68997863749,0.68997863749,
64,J,0.68997863749,0.68997863749,,,,,,,,,,,,,,,,,,,,,0.68997863749,0.68997863749,
65,K,0.68997863749,0.68997863749,,,,,,,,,,,,,,,,,,,,,0.68997863749,0.68997863749,
66,L,0.68997863749,0.68997863749,,,,,,,,,,,,,,,,,,,,,0.68997863749,0.68997863749,
67,M,0.68997863749,0.68997863749,,,,,,,,,,,,,,,,,,,,,0.68997863749,0.68997863749,
68,N,0.68997863749,0.68997863749,,,,,,,,,,,,,,,,,,,,,0.68997863749,0.68997863749,
69,O,0.68997863749,0.68997863749,,,,,,,,,,,,,,,,,,,,,0.68997863749,0.68997863749,
70,P,0.68997863749,0.68997863749,,,,,,,,,,,,,,,,,,,,,0.68997863749,0.68997863749,
71,Plate information,,,,,,,,,,,,,,,,,,,,,,,,,
72,Plate,Repeat,Barcode,Measured height,Chamber temperature at start,Chamber temperature at end,Humidity at start,Humidity at end,Ambient temperature at start,Ambient temperature at end,Group,Label,ScanX,ScanY,Measinfo,Kinetics,Measurement date,,,,,,,,,
73,2,1,"""=""""H2060756""""""",14.01,17.62,17.72,44.7,44.2,18.02,18.02,1,Jez US LUM 384 (cps)(1),0,0,De=USLum Ex=N/A Em=N/A Wdw=N/A (12),0,12/22/2022 2:40:15 PM,,,,,,,,,
74,Background information,,,,,,,,,,,,,,,,,,,,,,,,,
75,Plate,Label,Result,Signal,Flashes/Time,Meastime,MeasInfo,,,,,,,,,,,,,,,,,,,
76,2,Jez US LUM 384 (cps),0,88,0.25,00:00:00.000,De=USLum Ex=N/A Em=N/A Wdw=N/A (12),,,,,,,,,,,,,,,,,,,
77,Results for Jez US LUM 384 (cps)(1) - channel 0 (CPS),,,,,,,,,,,,,,,,,,,,,,,,,
78,,01,02,03,04,05,06,07,08,09,10,11,12,13,14,15,16,17,18,19,20,21,22,23,24,
79,A,0.36433315687626355,0.3830778337880133,0.38193379247415066,0.35306875009361577,0.3863339513736225,0.376741604972774,0.38404586874589713,0.35949298208684455,0.370493379335524,0.3706693856915029,0.36609322043605225,0.37726962404071057,0.35984499479880233,0.37190143018335503,0.34242036555689404,0.3474365467022919,0.38862203400134776,0.3174274630078944,0.37225344289531276,0.38466189099182313,0.37040537615753455,0.3968943327323547,3.965863216093917,3.9375261927813185,0.0
80,B,0.40419859650547785,0.40331856472558353,0.3680292903518198,0.42787145138463606,0.42188723528135447,0.376741604972774,0.3809657575162669,0.3366121558095913,0.28513029668577144,0.46245670033448427,0.35315675327160523,0.3675892744618727,0.3691733316656825,0.513938559458304,0.3671492585719255,0.39874239947013285,0.41651904142399887,0.39240617065489347,0.4039345869715096,0.38439788145785486,0.3491966102620806,0.4181030986278087,4.244393274430481,3.748143353748053,0.0
81,C,0.35834894077298196,0.42584737829087904,0.47134502131141726,0.4232952861291854,0.43869584227733666,0.4134389301943686,0.39988644078399554,0.38906204989129495,0.41247089523648484,0.44670413147437527,0.413526933372358,0.45040026494993163,0.3805257416263197,0.36477317276621074,0.387653999043464,0.35227672149171085,0.4055186441753194,0.4225912607052699,0.43579173740368526,0.43077555625828745,0.4615766685545899,0.44239197575289296,3.6085703134568083,3.524527278476897,0.0
82,D,0.4000624471399744,0.421799232103365,0.3942542373926716,0.402614539301668,0.4030545551916152,0.4093027808288651,0.4226792638832593,0.4269034164267523,0.38430987827986546,0.42188723528135447,0.44265598528686123,7.663580748854024,0.38738998950949566,0.4282234640965938,0.4081587395150025,0.4268154132487629,0.40736671091309756,0.432711626174055,0.4202151748995551,0.45964059863882234,0.4206551907895023,0.4465281251183964,3.551720260475633,3.591937712816805,0.0
83,E,0.41203087934653765,0.45374438571353015,0.3926701801888618,0.4427439884648507,0.5113864672966105,0.4888576537313149,0.4800573359323714,0.41132685392262214,0.44529608062654435,0.0958354608304954,0.45541644609532944,0.5314511918782019,0.46844091643776586,0.4881536283073995,0.4228552702392382,0.40235052976769975,0.42760744185066774,0.41291091112643197,0.46342473529236805,0.4680009005478187,0.48859364419734663,0.5029381622096247,4.499426484243865,4.026937421618585,0.0
84,F,0.3963663136644181,0.48269743127205444,0.5164906516199977,0.4335916579539494,0.5944614673186377,0.4299835276563825,0.4706409958875018,0.5142025689922723,0.48340145669597,0.4833134535179805,0.5360273571336525,0.4649207893181885,0.48551353296771643,0.4368477755395585,0.414318961974263,0.4268154132487629,0.49114573635904024,0.43992788676918876,0.4092147776508757,0.3917901484089674,0.40375858061553066,0.4482001855001957,4.363197564716218,4.0272014311525535,0.0
85,G,0.3533327596275841,0.4232952861291854,0.47125701813342785,0.45700050329913927,0.4474081568982908,0.4455600901605126,0.4136149365503475,0.3833418433219816,0.42074319396749177,0.4071907045571187,0.4423039725749035,0.43033554036834026,0.406046663243256,0.3755975636589113,0.4159030191780728,0.4225912607052699,0.3863339513736225,0.39275818336685125,0.4804093486443291,0.37964570984642537,0.4293675054104565,0.4514563030858048,4.285842771263505,3.880412130266175,0.0
86,H,0.34690852763435526,0.414318961974263,0.4550644333833717,0.5238829185711104,0.43147958168220296,0.38677396726356966,0.6642479874642602,0.4685289196157553,0.41423095879627353,0.3913501325190203,0.4079827331590236,0.4212712130354284,0.40481461875140395,0.3997104344280167,0.4260233846468579,0.4097427967188123,0.37867767488854154,0.40446260603944617,0.44283199164284015,0.421799232103365,0.10428376591748123,0.42047918443352345,4.318051934407638,3.7888008219791725,0.0
87,I,0.33643614945361244,0.4042865996834673,0.367853283995841,0.40041445985193214,0.40569465053129833,0.35447680094144673,0.36362913145234804,0.3468205244563658,0.38448588463584427,0.3738375000991226,0.36169306153658043,0.3912621293410309,0.365037182300179,0.4281354609186044,0.4025265361236786,0.40349457108156234,0.3873019863315062,0.4372877914295057,0.39038209756113645,0.4823454185600967,0.39249417383288293,0.4104468221427278,3.593521770020615,3.551544254119654,0.0
88,J,0.3369641685215491,0.3975983581562702,0.39707033908833356,0.37621358590483733,0.9809714250482391,0.39663032319838637,0.37058138251351347,0.35342076280557355,0.36574120772409446,0.3526287342036686,0.4225912607052699,0.35192470877975307,0.31716345347392605,0.39671832637637583,0.4186311176957453,0.34514846407456656,0.40129449163182646,0.34770055623626017,0.4076307204470659,0.39372621832473503,0.39751035497828074,0.3993584217160589,3.681700954366029,3.668148464955656,0.0
89,K,0.30845113885297193,0.42699141960474174,0.4107108316766961,0.4320076007501395,0.42338328930717484,0.42628739418082623,0.3663572299700205,0.39152613887499915,0.5479957893402156,0.39355021196875617,0.39346220879076677,0.4075427172690764,0.36829329988578813,0.42364729884114316,0.4157270128220939,0.44890421092411115,0.41079883485468555,0.4868335806375579,0.4552404397393506,0.46888093232771305,0.40736671091309756,0.4561204715192449,3.5467920825082246,3.395778629078353,0.0
90,L,0.32587576809488017,0.3766536017947845,0.4227672670612488,0.43297563570802333,0.40463861239542503,0.4020865202337314,0.3805257416263197,0.37181342700536557,0.10234769600171365,0.37075738886949233,0.4160790255340517,0.45374438571353015,0.3894140626032527,0.3604610170447284,0.49589790797046973,0.43174359121617123,0.47512915796496297,0.46421676389427297,0.48859364419734663,0.4443280456686605,0.3887100371793372,0.4390478549892944,3.6023220878195583,3.4345000273937045,0.0
91,M,0.29665871300238755,0.37603757954885847,0.38862203400134776,0.42725542913871,0.3716374206493867,0.39777436451224907,0.407454714091087,0.37075738886949233,0.39240617065489347,0.4188951272297136,0.3826378178980661,0.48586554567967416,0.536115360311642,0.4543604079594562,0.5734287077791627,0.49096973000306143,0.2694657310036519,0.585837155875673,0.6119740997385354,0.5533639831975713,0.5377874206934411,0.4792653073304664,4.001856515891596,3.594489804978499,0.0
92,N,0.29753874478228187,0.37198943336134443,0.4150229873981785,0.3822858051861084,0.35870095348493963,0.32587576809488017,0.40217452341172083,0.3508686706438799,0.47970532322041365,0.38448588463584427,0.4097427967188123,0.47776925330464604,0.4343836865558543,0.5238829185711104,0.4860415520356531,0.5613722723946099,0.49536988890253325,0.5243229344610575,0.5428916050168284,0.5233548995031737,0.5508118910358777,0.4964259270384064,3.9313659703220583,3.5643927181061117,0.0
93,O,0.2797621028284159,0.45453641431543507,0.3895020657812421,0.41203087934653765,0.40059046620791106,0.40463861239542503,0.43834382956537893,0.4138789460843158,2.6593680356627556,0.4521603285097203,0.45550444927331885,0.60502184867737,0.4866575742815791,0.4947538666566072,0.529867134674392,0.5390194651852933,0.33995627657318983,0.5327712395480433,0.42091920032347063,0.48296144080602277,0.520186785095554,0.518954740603702,3.818633899317591,3.568264857937647,0.0
94,P,0.29973882423201775,0.29727473524831355,0.2810821504982574,0.26356951807835977,0.2942826271966728,0.28161016956619406,0.31399533906630633,0.35104467699985875,0.31293930093043315,0.37154941747139725,0.33053993652832026,0.39918241536008003,0.3700533634455769,0.4096547935408229,0.36486117594420014,0.384221875101876,0.41625503189003055,0.4025265361236786,0.3990944121820906,0.41651904142399887,0.39522227235055546,0.4093027808288651,3.5201271195774253,3.4950462138504363,0.0
95,Plate information,,,,,,,,,,,,,,,,,,,,,,,,,
96,Plate,Repeat,Barcode,Measured height,Chamber temperature at start,Chamber temperature at end,Humidity at start,Humidity at end,Ambient temperature at start,Ambient temperature at end,Formula,Measurement date,,,,,,,,,,,,,,
97,3,1,"""=""""H2060758""""""",N/A,N/A,N/A,N/A,N/A,N/A,N/A,Calc 1: Z' = 1 - ((3 * SD(High) + 3 * SD(Low)) / Abs(Avg(High) - Avg(Low))) where Label: Jez US LUM 384 (cps)(1) channel 1  High = Z_High  Low = Z_Low,12/22/2022 2:42:50 PM,,,,,,,,,,,,,,
98,Background information,,,,,,,,,,,,,,,,,,,,,,,,,
99,Plate,Label,Result,Signal,Flashes/Time,Meastime,MeasInfo,,,,,,,,,,,,,,,,,,,
100,3,Jez US LUM 384 (cps),0,136,0.25,00:00:00.000,De=USLum Ex=N/A Em=N/A Wdw=N/A (12),,,,,,,,,,,,,,,,,,,
101,Calculated results: Calc 1: Z' = 1 - ((3 * SD(High) + 3 * SD(Low)) / Abs(Avg(High) - Avg(Low))) where Label: Jez US LUM 384 (cps)(1) channel 1  High = Z_High  Low = Z_Low,,,,,,,,,,,,,,,,,,,,,,,,,
102,,01,02,03,04,05,06,07,08,09,10,11,12,13,14,15,16,17,18,19,20,21,22,23,24,
103,A,0.59713901724,0.59713901724,,,,,,,,,,,,,,,,,,,,,0.59713901724,0.59713901724,
104,B,0.59713901724,0.59713901724,,,,,,,,,,,,,,,,,,,,,0.59713901724,0.59713901724,
105,C,0.59713901724,0.59713901724,,,,,,,,,,,,,,,,,,,,,0.59713901724,0.59713901724,
106,D,0.59713901724,0.59713901724,,,,,,,,,,,,,,,,,,,,,0.59713901724,0.59713901724,
107,E,0.59713901724,0.59713901724,,,,,,,,,,,,,,,,,,,,,0.59713901724,0.59713901724,
108,F,0.59713901724,0.59713901724,,,,,,,,,,,,,,,,,,,,,0.59713901724,0.59713901724,
109,G,0.59713901724,0.59713901724,,,,,,,,,,,,,,,,,,,,,0.59713901724,0.59713901724,
110,H,0.59713901724,0.59713901724,,,,,,,,,,,,,,,,,,,,,0.59713901724,0.59713901724,
111,I,0.59713901724,0.59713901724,,,,,,,,,,,,,,,,,,,,,0.59713901724,0.59713901724,
112,J,0.59713901724,0.59713901724,,,,,,,,,,,,,,,,,,,,,0.59713901724,0.59713901724,
113,K,0.59713901724,0.59713901724,,,,,,,,,,,,,,,,,,,,,0.59713901724,0.59713901724,
114,L,0.59713901724,0.59713901724,,,,,,,,,,,,,,,,,,,,,0.59713901724,0.59713901724,
115,M,0.59713901724,0.59713901724,,,,,,,,,,,,,,,,,,,,,0.59713901724,0.59713901724,
116,N,0.59713901724,0.59713901724,,,,,,,,,,,,,,,,,,,,,0.59713901724,0.59713901724,
117,O,0.59713901724,0.59713901724,,,,,,,,,,,,,,,,,,,,,0.59713901724,0.59713901724,
118,P,0.59713901724,0.59713901724,,,,,,,,,,,,,,,,,,,,,0.59713901724,0.59713901724,
119,Plate information,,,,,,,,,,,,,,,,,,,,,,,,,
120,Plate,Repeat,Barcode,Measured height,Chamber temperature at start,Chamber temperature at end,Humidity at start,Humidity at end,Ambient temperature at start,Ambient temperature at end,Group,Label,ScanX,ScanY,Measinfo,Kinetics,Measurement date,,,,,,,,,
121,3,1,"""=""""H2060758""""""",14.01,17.7,17.7,44.5,44.7,18.1,18,1,Jez US LUM 384 (cps)(1),0,0,De=USLum Ex=N/A Em=N/A Wdw=N/A (12),0,12/22/2022 2:42:50 PM,,,,,,,,,
122,Background information,,,,,,,,,,,,,,,,,,,,,,,,,
123,Plate,Label,Result,Signal,Flashes/Time,Meastime,MeasInfo,,,,,,,,,,,,,,,,,,,
124,3,Jez US LUM 384 (cps),0,136,0.25,00:00:00.000,De=USLum Ex=N/A Em=N/A Wdw=N/A (12),,,,,,,,,,,,,,,,,,,
125,Results for Jez US LUM 384 (cps)(1) - channel 0 (CPS),,,,,,,,,,,,,,,,,,,,,,,,,
126,,01,02,03,04,05,06,07,08,09,10,11,12,13,14,15,16,17,18,19,20,21,22,23,24,
127,A,0.23134326972816355,0.26695545343484917,0.32395307061425177,0.30963570413675473,0.3081858442402994,0.3147102137743486,0.3136228188520071,0.24901343721621366,0.4125757567850876,0.31371343509553556,0.3773260380525159,0.2684053133313045,0.28960951431696463,0.374607550746662,0.31461959753082014,0.3375455071435211,0.28127281991234615,0.22518136516822815,0.3218688970130971,0.2752015315959392,0.25780321283847446,0.29223738537929006,4.113614991218062,3.976784463490085,0.0
128,B,0.30012099856626623,0.29722127877335547,0.2610653976054991,0.261427862579613,0.4205499862155923,0.38629704616183363,0.4277992856978693,0.358115394424482,0.34370741170345653,0.4038765974063553,0.40677631719926605,0.3057392056650309,0.3547625934139289,0.31181049398143784,0.42163738113793386,0.32377183812719484,0.34397926043404187,0.304379962012104,0.3157069924531617,0.3116292614943809,0.3524065710821888,0.2921467691357616,4.504895930773961,4.064319754738579,0.0
129,C,0.26124663009255605,0.27773878641473615,0.3148008300178771,0.40342351618871297,0.32494984929306486,0.2778294026582646,0.374607550746662,0.4327831790919347,0.3128978889037794,0.18096063832633866,0.4145693141427138,0.4182845801273808,0.15359453278074314,0.35902155685976656,0.36817379745614126,0.3211439670648694,0.3588403243727097,0.5180530642522174,0.34551973657402574,0.3545813609268719,0.27076133566304456,0.2627871062325399,3.8015326485060394,3.052680011986829,0.0
130,D,0.2766513914923946,0.36038080051269344,0.4085886420698353,0.32195951325662564,0.1193415927269845,0.4145693141427138,0.30102716100155086,0.6487216874202597,0.37623864313017436,0.44438205826357785,0.36373360152324663,0.37487939947724747,0.32177828076956866,0.3599277192950512,0.196909097187348,0.43740460751188626,0.5363575454449667,0.38946861468532984,0.3720702959278651,0.4078637121216076,0.33827043709174875,0.3601995680256366,3.9346479102493497,3.4476762175273947,0.0
131,E,0.30329256708976243,0.3293900452259595,0.43658906132013003,0.39128093955589904,0.4490941029270578,0.4658581079798233,0.3786852817054428,0.4914118886548496,0.43024592427313774,0.3910997070688422,0.5614582449023507,0.42000628875442153,0.5742351352398639,0.4153848603344699,0.1501511155266616,0.40677631719926605,0.37859466546191434,0.43287379533546316,0.3805882228195405,0.33346777618474027,0.4897807962713373,0.39200586950412675,4.35945685991078,4.02716709489191,0.0
132,F,0.398530239038176,0.4290679131072677,0.41755965017915303,0.4728355587315149,0.33618626349059416,0.307913995509714,0.5432443799531299,0.4776382196385234,0.5476845758860246,0.5600990012494238,0.4451069882118055,0.3988927040122899,0.4886027851054673,0.3619212766526773,0.4050546085722253,0.4179221151532669,0.44157295471419544,0.46830474655509174,0.5562025027777,0.3636429852797181,0.3498693162633919,0.4721106287832872,4.541776741890046,3.8971327854285667,0.0
133,G,0.3310211376094718,0.4248995659049584,0.38493780250890675,0.45598093743522095,0.4604211333681156,0.4866998439913696,0.49114003992426425,0.4290679131072677,0.43722337502482933,0.4654956430057095,0.4664018054409941,0.4504533465799848,0.5007453617382812,0.48796847140076804,0.42798051818492616,0.36318990406207585,0.4596055871763594,0.4705701526433034,0.4288866806202108,0.451087660284684,0.4496378003882286,0.45607155367874946,4.418901115665451,3.938453792477545,0.0
134,H,0.36599900761145815,0.36726763502085663,0.34851007261046496,0.4377670724860001,0.5111662297440543,0.37080166851846663,0.41774088266621,0.37696357307840206,0.38022575784542667,0.4633208531610264,0.44664746435178937,0.44592253440356167,0.5016515241735658,0.4326019466048777,0.4446539069941632,0.4955802358571589,0.35186287362101804,0.4258057283402431,0.47011707142566106,0.3098169366238117,0.6321389148545511,0.5126160896405098,4.595512174302423,3.9892895050970125,0.0
135,I,0.361468195435035,0.40278920248401373,0.4141162329250715,0.4398512460871547,0.47673205720323875,0.4676704328503925,0.4417541872012524,0.19310321495915259,0.3791383629230851,0.4405761760353824,0.439126316138927,0.4386732349212847,0.48914648256663806,0.4690296765033195,0.44121048974008165,0.49150250489837805,0.44845978922235863,0.41982505626736455,0.4512688927717409,0.42526203087907233,0.37324830709373513,0.48280334551964565,4.318317085348858,3.6093355959821714,0.0
136,J,0.35603122082332733,0.3963554491934929,0.42924914559432464,0.4690296765033195,0.4157473253085838,0.37859466546191434,0.4217279973814623,0.38095068779365443,0.2248189001941143,0.48515936785138575,0.4656768754927664,0.23134326972816355,0.4740135698973849,0.40677631719926605,0.4549841587564079,0.4065950847122092,0.48117225313613343,0.4860655302866703,0.47011707142566106,0.4368609100507155,0.27601707778769535,0.46431763183983943,4.423975625303045,3.7434476364042952,0.0
137,K,0.39662729792407836,0.44166357095772396,0.44700992932590317,0.4983893394065411,0.5232181901333398,0.42254354357321844,0.44927533541411474,0.4577026460622617,0.3673582512643851,0.4525375201811394,0.4765508247161818,0.4872435414525404,0.4118508268368599,0.4804473231879057,0.47029830391271793,0.47292617497504336,0.442660349636537,0.4411198734965532,0.4596055871763594,0.533457825652056,0.5592834550576677,0.527386537335649,3.9484215792656765,3.125626088027241,0.0
138,L,0.4233590897649746,0.39671791416760677,0.48153471811024723,0.4672173516327502,0.43468612020603237,0.4441102095329924,0.3911903233123706,0.41112589688863227,0.23850195296691207,0.379500827897199,0.46295838818691254,0.5015609079300374,0.4536249151034809,0.4727449424879864,0.44474452323769165,0.43486735269308935,0.42571511209671464,0.4868810764784265,0.5016515241735658,0.5085383586817289,0.5630893372858631,0.6430128640779667,4.2374873961214705,3.3286970897745247,0.0
139,M,0.3921871019911837,0.4059607710075099,0.4608742145857579,0.4222716948426331,0.4585181922540179,0.4227247760602754,0.3697142735961251,0.46295838818691254,0.4799036257267349,0.43486735269308935,0.4813534856231903,0.4835282754678734,0.5281114672838767,0.4359547476154308,0.5861058631420925,0.41629102276975455,0.4654956430057095,0.584656003245637,0.4627771556998556,0.6183652458382249,0.5767723900586609,0.46594872422335176,4.290226049855034,3.5501631889580856,0.0
140,N,0.3793195954101421,0.3978959253334768,0.43387057401427626,0.4684859790421487,0.41248514054155916,0.42716497199317005,0.3613775791915066,0.5050949414276473,0.4319676329001785,0.4458319181600332,0.40197365629225756,0.3574810807197827,0.49793625818889886,0.43903569989539853,0.4280711344284546,0.4955802358571589,0.41946259129325075,0.49820810691948425,0.5433349961966584,0.6141062823923872,0.6386632843886004,0.6031417169254433,4.726452646201051,3.762839512519386,0.0
141,O,0.38394102383009365,0.400886261369916,0.44492575572474863,0.44619438313414705,0.4858842977996134,0.49866118813712657,0.43749522375541466,0.3537658147351158,0.36672393755968585,0.482259648058475,0.4395793973565693,0.45444046129523713,0.44238850090595166,0.3863876624053621,0.4957614683442158,0.4317864004131216,0.5579242114047407,0.43115208670842237,0.5003828967641674,0.6221711280664203,0.6353104833780473,0.7368006761299247,4.814078553693074,4.027529559866023,0.0
142,P,0.37524186445136126,0.35367519849158735,0.3706204360314097,0.362827439087962,0.33228976501887025,0.3379079721176349,0.29903360364392473,0.3325616137494557,0.3039268807944617,0.3117198777379094,0.2864379457934685,0.27239242804655683,0.2933247803016316,0.3098169366238117,0.2866191782805254,0.39698976289819216,0.32159704828251173,0.33518948481178107,0.31008878535439705,0.3331959274541549,0.3833067101253944,0.7072597807396461,4.307714984856028,3.829895532730448,0.0
143,Plate information,,,,,,,,,,,,,,,,,,,,,,,,,
144,Plate,Repeat,Barcode,Measured height,Chamber temperature at start,Chamber temperature at end,Humidity at start,Humidity at end,Ambient temperature at start,Ambient temperature at end,Formula,Measurement date,,,,,,,,,,,,,,
145,4,1,"""=""""H2060760""""""",N/A,N/A,N/A,N/A,N/A,N/A,N/A,Calc 1: Z' = 1 - ((3 * SD(High) + 3 * SD(Low)) / Abs(Avg(High) - Avg(Low))) where Label: Jez US LUM 384 (cps)(1) channel 1  High = Z_High  Low = Z_Low,12/22/2022 2:45:25 PM,,,,,,,,,,,,,,
146,Background information,,,,,,,,,,,,,,,,,,,,,,,,,
147,Plate,Label,Result,Signal,Flashes/Time,Meastime,MeasInfo,,,,,,,,,,,,,,,,,,,
148,4,Jez US LUM 384 (cps),0,172,0.25,00:00:00.000,De=USLum Ex=N/A Em=N/A Wdw=N/A (12),,,,,,,,,,,,,,,,,,,
149,Calculated results: Calc 1: Z' = 1 - ((3 * SD(High) + 3 * SD(Low)) / Abs(Avg(High) - Avg(Low))) where Label: Jez US LUM 384 (cps)(1) channel 1  High = Z_High  Low = Z_Low,,,,,,,,,,,,,,,,,,,,,,,,,
150,,01,02,03,04,05,06,07,08,09,10,11,12,13,14,15,16,17,18,19,20,21,22,23,24,
151,A,0.67056811036,0.67056811036,,,,,,,,,,,,,,,,,,,,,0.67056811036,0.67056811036,
152,B,0.67056811036,0.67056811036,,,,,,,,,,,,,,,,,,,,,0.67056811036,0.67056811036,
153,C,0.67056811036,0.67056811036,,,,,,,,,,,,,,,,,,,,,0.67056811036,0.67056811036,
154,D,0.67056811036,0.67056811036,,,,,,,,,,,,,,,,,,,,,0.67056811036,0.67056811036,
155,E,0.67056811036,0.67056811036,,,,,,,,,,,,,,,,,,,,,0.67056811036,0.67056811036,
156,F,0.67056811036,0.67056811036,,,,,,,,,,,,,,,,,,,,,0.67056811036,0.67056811036,
157,G,0.67056811036,0.67056811036,,,,,,,,,,,,,,,,,,,,,0.67056811036,0.67056811036,
158,H,0.67056811036,0.67056811036,,,,,,,,,,,,,,,,,,,,,0.67056811036,0.67056811036,
159,I,0.67056811036,0.67056811036,,,,,,,,,,,,,,,,,,,,,0.67056811036,0.67056811036,
160,J,0.67056811036,0.67056811036,,,,,,,,,,,,,,,,,,,,,0.67056811036,0.67056811036,
161,K,0.67056811036,0.67056811036,,,,,,,,,,,,,,,,,,,,,0.67056811036,0.67056811036,
162,L,0.67056811036,0.67056811036,,,,,,,,,,,,,,,,,,,,,0.67056811036,0.67056811036,
163,M,0.67056811036,0.67056811036,,,,,,,,,,,,,,,,,,,,,0.67056811036,0.67056811036,
164,N,0.67056811036,0.67056811036,,,,,,,,,,,,,,,,,,,,,0.67056811036,0.67056811036,
165,O,0.67056811036,0.67056811036,,,,,,,,,,,,,,,,,,,,,0.67056811036,0.67056811036,
166,P,0.67056811036,0.67056811036,,,,,,,,,,,,,,,,,,,,,0.67056811036,0.67056811036,
167,Plate information,,,,,,,,,,,,,,,,,,,,,,,,,
168,Plate,Repeat,Barcode,Measured height,Chamber temperature at start,Chamber temperature at end,Humidity at start,Humidity at end,Ambient temperature at start,Ambient temperature at end,Group,Label,ScanX,ScanY,Measinfo,Kinetics,Measurement date,,,,,,,,,
169,4,1,"""=""""H2060760""""""",14.01,17.72,17.52,44.8,44.5,18.02,18.02,1,Jez US LUM 384 (cps)(1),0,0,De=USLum Ex=N/A Em=N/A Wdw=N/A (12),0,12/22/2022 2:45:25 PM,,,,,,,,,
170,Background information,,,,,,,,,,,,,,,,,,,,,,,,,
171,Plate,Label,Result,Signal,Flashes/Time,Meastime,MeasInfo,,,,,,,,,,,,,,,,,,,
172,4,Jez US LUM 384 (cps),0,172,0.25,00:00:00.000,De=USLum Ex=N/A Em=N/A Wdw=N/A (12),,,,,,,,,,,,,,,,,,,
173,Results for Jez US LUM 384 (cps)(1) - channel 0 (CPS),,,,,,,,,,,,,,,,,,,,,,,,,
174,,01,02,03,04,05,06,07,08,09,10,11,12,13,14,15,16,17,18,19,20,21,22,23,24,
175,A,0.3998228705543022,0.30029192559189144,0.36369483662365176,0.40617210424013434,0.43970678920051526,0.35591478971284335,0.3566301963253315,0.3692392378704348,0.39946516724805814,0.415740667682163,0.40205851621832756,0.38506760917173455,0.3617274684393094,0.4513321466534474,0.4127896154056495,0.4071557883323055,0.39079086207163954,0.4037576069229869,0.41904942326492056,0.43389411047404924,0.4082288982510377,0.40652980754637835,4.3034390515957694,4.245312264331108,0.0
176,B,0.3319486681944911,0.48128979855138765,0.18332294445008265,0.6900991035713598,0.49506137584178417,0.42548808277731376,0.4049201426682801,0.4145781319368698,0.4891592712887571,0.6443130803721198,0.5488062976049547,0.48012726280609447,0.4626892266266963,0.5213525688507228,0.4639411881985506,0.6378744208597266,0.43550377535214757,0.544692709583148,0.4808426694185826,0.5604316550578868,0.5607893583641308,0.5547084021579818,4.32382814005168,4.378109616774218,0.0
177,C,0.3268513960805132,0.44784453941756774,0.42682947017572903,0.48370429586853514,0.4803061144592165,0.43845482762866106,0.4871919031044147,0.5254661568725296,0.4748511390389945,0.40876545321040375,0.49738644733237053,0.5703579218061595,0.46483544646416075,0.4430155447832729,0.5471966327268565,0.5774225621044798,0.6139082993413743,0.6412726022690451,0.6284847090708199,0.5608787841906918,0.5246613244334805,0.5290431899349701,4.102052090180361,3.8797394853496754,0.0
178,D,0.3857830157842227,0.544692709583148,0.4253092311241917,0.3956198567059344,0.43693458857712375,0.5735772515623562,0.6312569096942114,0.20979298911214336,0.5758128972263815,0.5566757703423241,0.5066867332947163,0.4920208977387096,0.5763494521857476,0.5174178324820381,0.7144229283959562,0.6116726536773489,0.5151821868180128,0.47154238345623695,0.713796947610029,0.5513102207486632,0.7168374257131036,0.6132823185554471,3.9459145970048275,4.068070276087175,0.0
179,E,0.39177454616381074,0.42817085757414425,0.46698166630162513,0.5742032323482832,0.5488062976049547,0.5101743405305958,0.6163227966585217,0.561951894109424,0.5257344343522126,0.6334031295316758,0.70243986763678,0.836578607478304,0.48325716673573,0.7100410628944663,0.7772892844683503,0.5659760563046697,0.6611251357655906,0.6864326446823582,0.6155179642194726,0.8051901423553873,0.7376736433018203,0.7101304887210274,4.65211034935717,4.232077242000079,0.0
180,F,0.4413164540786136,0.5578383060876173,0.2723910677048545,0.409749137302575,0.5929826559260966,0.6233874369568421,0.2541481990864073,0.6412726022690451,0.6806199659558922,0.7184470905912019,0.5985270571728796,0.731056132136305,0.6802622626496482,0.6438659512393146,0.6803516884762092,0.8384565498360852,0.6956435048181429,0.7178211098052747,0.8121653568271466,0.7306090030035001,0.5802841885544323,0.7846222022463537,4.672499437813082,4.56581442672579,0.0
181,G,0.45303123735810663,0.5075809915603264,0.5722358641639409,0.6150708350866675,0.6621982456843228,0.6036243292868575,0.5127676895008653,0.6255336567943064,0.6490526491798535,0.7015456093711699,0.5659760563046697,0.7811345950104741,0.6317934646535774,0.708073694710124,0.735616849290917,0.7183576647646409,0.6704254217279363,0.7547539761749743,0.7838173698073047,0.6900096777447988,0.567049166223402,0.7421449346298711,4.657654750603953,4.164024187987145,0.0
182,H,0.3544839764878671,0.5606105067110088,0.5781379687169679,0.6593366192343705,0.7645013912701251,0.5675857211827681,0.6653281496139585,0.4802166886326555,0.696984892216558,0.6957329306447039,0.6777583395059397,0.6543287729469535,0.651467146497001,0.6361753301550672,0.7540385695624863,0.5868122738933864,0.3423220640755689,0.15515380908336263,0.685270108937065,0.7160325932740546,0.6252653793146232,0.8410498988063547,4.578960023230259,4.243344896146767,0.0
183,I,0.40223736787144965,0.5373597918051447,0.5776014137576019,0.6016569611025151,0.5609682100172528,0.584129499096556,0.5431724705316107,0.6005838511837829,0.5292220415880923,0.7120084310788088,0.5669597403968409,0.5218891238100889,0.6335819811847978,0.6511094431907569,0.7366899592096492,0.7101304887210274,0.7335600552800136,0.7048543649539275,2.9415731388980575,0.80366990330385,0.6723927899122788,0.724080917664546,4.292797378235008,3.682734389435758,0.0
184,J,0.4385442534552221,0.5233199370350652,0.5854708864949711,0.7382996240877474,0.5553343829439088,0.49890668638390784,0.6304520772551622,0.5750974906138934,0.5248401760866025,0.6072013623492981,0.6604097291531026,0.5778696912372848,0.5691953860608663,0.6703359959013753,0.18055074382669115,0.7425920637626763,0.7668264627607114,0.6203469588537674,0.6587106384484432,0.5977222247338304,0.7374947916486984,0.6832133149261617,4.284659628017956,4.077191710396399,0.0
185,K,0.3999122963808632,0.5628461523750342,0.5024837194463484,0.5071338624275212,0.387660958142004,0.6056811232977608,0.6001367220509778,0.6720350866060346,0.6542393471203924,0.6518248498032451,0.5793005044622611,0.8015236834663857,0.6612145615921518,0.7516240722453388,0.7109353211600766,0.7870366995635011,0.8174414805942465,0.6446707836783638,0.7735333997527877,0.6601414516734195,0.6322405937863825,0.8451634868281614,3.9225744562724025,3.6492891303019377,0.0
186,L,0.44337324808951695,0.5816255759528476,0.5573911769548122,0.14084567683360008,0.6383215499925315,0.4846879799607063,0.6823190566605515,0.5878853838121187,0.6148025576069844,0.32211182727277937,0.5709839025920866,0.7112035986397596,0.6319723163066995,0.6977897246556073,0.7539491437359253,0.6168593516178879,0.6728399190450838,0.6308097805614062,0.8727960672355154,0.7263165633285713,0.6966271889103139,0.8066209555803636,3.903347903561784,3.8752681940216247,0.0
187,M,0.4039364585761089,0.48808616137002486,0.6080061947883472,0.6464593002095841,0.24538446808342768,0.6490526491798535,0.5642769656000105,0.5207265880647958,0.4820052051638758,0.7287310606457187,0.5327990746505329,0.6504834624048298,0.5832352408309458,0.26470044662060715,0.7810451691839131,0.6442236545455587,0.7198779038161782,0.6276798766317708,0.881649224065056,0.7106670436803936,0.6801728368230872,0.768972682598176,4.440439417887245,3.646695781331668,0.0
188,N,0.41690320342745624,0.505613623375984,0.4804849661123386,0.5801947627278713,0.578406246196651,0.5945923208041949,0.48325716673573,0.5681222761421342,0.6317040388270164,0.6360859043285062,0.6119409311570319,0.6133717443820081,0.6941232657666055,0.6267856183661605,0.685359534763626,0.7670053144138336,0.7467950776110439,0.7293570414316459,0.7947273206477484,0.7402669922720897,0.7113824502928816,0.7457219676923117,4.321055939428289,4.07111075419025,0.0
189,O,0.38658784822327186,0.4567871220736693,0.5031991260588365,0.5693742377139883,0.5345875911817531,0.5845766282293611,0.5096377855712297,0.5473754843799784,0.6036243292868575,0.6664906853592516,0.6162333708319607,0.7456325418657507,0.6761486746278413,0.7224712527864476,0.7713871799153234,0.5326202229974109,0.7383890499143084,0.724259769317668,0.6241028435693301,0.7500144073672406,0.6505728882313908,0.837025736611109,4.41709927715482,3.635159849705297,0.0
190,P,0.3997334447277412,0.398481483155887,0.3660199081142382,0.36324770749084667,0.3619957459189925,0.3239003438039996,0.336867088655347,0.36011780356121115,0.4287968383600714,0.35797158372374677,0.4349672203927814,0.409749137302575,0.4528523857049846,0.5428147672253666,0.4457877454066644,0.45061674004095925,0.4571448253799134,0.49282573017775877,0.47672908139677583,0.4921103235652706,0.48093209524514363,0.5689271085811833,3.635517553011541,3.5761388041750264,0.0
191,Plate information,,,,,,,,,,,,,,,,,,,,,,,,,
192,Plate,Repeat,Barcode,Measured height,Chamber temperature at start,Chamber temperature at end,Humidity at start,Humidity at end,Ambient temperature at start,Ambient temperature at end,Formula,Measurement date,,,,,,,,,,,,,,
193,5,1,"""=""""H2060762""""""",N/A,N/A,N/A,N/A,N/A,N/A,N/A,Calc 1: Z' = 1 - ((3 * SD(High) + 3 * SD(Low)) / Abs(Avg(High) - Avg(Low))) where Label: Jez US LUM 384 (cps)(1) channel 1  High = Z_High  Low = Z_Low,12/22/2022 2:48:01 PM,,,,,,,,,,,,,,
194,Background information,,,,,,,,,,,,,,,,,,,,,,,,,
195,Plate,Label,Result,Signal,Flashes/Time,Meastime,MeasInfo,,,,,,,,,,,,,,,,,,,
196,5,Jez US LUM 384 (cps),0,80,0.25,00:00:00.000,De=USLum Ex=N/A Em=N/A Wdw=N/A (12),,,,,,,,,,,,,,,,,,,
197,Calculated results: Calc 1: Z' = 1 - ((3 * SD(High) + 3 * SD(Low)) / Abs(Avg(High) - Avg(Low))) where Label: Jez US LUM 384 (cps)(1) channel 1  High = Z_High  Low = Z_Low,,,,,,,,,,,,,,,,,,,,,,,,,
198,,01,02,03,04,05,06,07,08,09,10,11,12,13,14,15,16,17,18,19,20,21,22,23,24,
199,A,0.70636151612,0.70636151612,,,,,,,,,,,,,,,,,,,,,0.70636151612,0.70636151612,
200,B,0.70636151612,0.70636151612,,,,,,,,,,,,,,,,,,,,,0.70636151612,0.70636151612,
201,C,0.70636151612,0.70636151612,,,,,,,,,,,,,,,,,,,,,0.70636151612,0.70636151612,
202,D,0.70636151612,0.70636151612,,,,,,,,,,,,,,,,,,,,,0.70636151612,0.70636151612,
203,E,0.70636151612,0.70636151612,,,,,,,,,,,,,,,,,,,,,0.70636151612,0.70636151612,
204,F,0.70636151612,0.70636151612,,,,,,,,,,,,,,,,,,,,,0.70636151612,0.70636151612,
205,G,0.70636151612,0.70636151612,,,,,,,,,,,,,,,,,,,,,0.70636151612,0.70636151612,
206,H,0.70636151612,0.70636151612,,,,,,,,,,,,,,,,,,,,,0.70636151612,0.70636151612,
207,I,0.70636151612,0.70636151612,,,,,,,,,,,,,,,,,,,,,0.70636151612,0.70636151612,
208,J,0.70636151612,0.70636151612,,,,,,,,,,,,,,,,,,,,,0.70636151612,0.70636151612,
209,K,0.70636151612,0.70636151612,,,,,,,,,,,,,,,,,,,,,0.70636151612,0.70636151612,
210,L,0.70636151612,0.70636151612,,,,,,,,,,,,,,,,,,,,,0.70636151612,0.70636151612,
211,M,0.70636151612,0.70636151612,,,,,,,,,,,,,,,,,,,,,0.70636151612,0.70636151612,
212,N,0.70636151612,0.70636151612,,,,,,,,,,,,,,,,,,,,,0.70636151612,0.70636151612,
213,O,0.70636151612,0.70636151612,,,,,,,,,,,,,,,,,,,,,0.70636151612,0.70636151612,
214,P,0.70636151612,0.70636151612,,,,,,,,,,,,,,,,,,,,,0.70636151612,0.70636151612,
215,Plate information,,,,,,,,,,,,,,,,,,,,,,,,,
216,Plate,Repeat,Barcode,Measured height,Chamber temperature at start,Chamber temperature at end,Humidity at start,Humidity at end,Ambient temperature at start,Ambient temperature at end,Group,Label,ScanX,ScanY,Measinfo,Kinetics,Measurement date,,,,,,,,,
217,5,1,"""=""""H2060762""""""",14.01,17.52,17.62,44.5,44.5,18.02,17.92,1,Jez US LUM 384 (cps)(1),0,0,De=USLum Ex=N/A Em=N/A Wdw=N/A (12),0,12/22/2022 2:48:01 PM,,,,,,,,,
218,Background information,,,,,,,,,,,,,,,,,,,,,,,,,
219,Plate,Label,Result,Signal,Flashes/Time,Meastime,MeasInfo,,,,,,,,,,,,,,,,,,,
220,5,Jez US LUM 384 (cps),0,80,0.25,00:00:00.000,De=USLum Ex=N/A Em=N/A Wdw=N/A (12),,,,,,,,,,,,,,,,,,,
221,Results for Jez US LUM 384 (cps)(1) - channel 0 (CPS),,,,,,,,,,,,,,,,,,,,,,,,,
222,,01,02,03,04,05,06,07,08,09,10,11,12,13,14,15,16,17,18,19,20,21,22,23,24,
223,A,0.2699266272100133,0.24530904142721185,0.2882164532669539,0.2720936682120205,0.23152666065444627,0.2754742521751517,0.29047017590904134,0.25380384215507995,0.31820830073473316,0.22571899076906704,0.32080874993714176,0.2748674806945897,0.3473333318017095,0.33745162483255686,0.3336376326690242,0.32887014246460844,0.38382630227551034,0.35262091184660704,0.35782181025142423,0.352014140366045,0.3786254038706931,0.3776719058298099,4.03667729689888,3.799603011279295,0.0
224,B,0.2634255042039918,0.24435554338632873,0.27538757053507146,0.25215689099355454,0.2801550607394872,0.40948406773927526,0.28448914274350157,0.2160106470800749,0.2476494457093796,0.29749138875554454,0.3100602265671862,0.31205390428903274,0.35808185517166513,0.2948042579130557,0.3742913218666788,0.4413829112888208,0.3527075934866873,0.4113910638210415,0.38365293899534975,0.416071872385377,0.5225169264039693,0.5138487623959407,4.189843754920746,3.8957329501283335,0.0
225,C,0.26056501008134236,0.22736594193059248,0.25068330311218967,0.2536304788749194,0.25120339295267136,0.2570977444781309,0.23404042821677457,0.2478228089895402,0.19416687377984262,0.23386706493661402,0.21826436972216237,0.3394453025544034,0.29064353918920194,0.36440961489752605,0.3720375992245913,0.3182949823748134,0.2952376661134571,0.4250000813136466,0.40211612833245086,0.33901189435400203,0.40541003065550174,0.5136753991157801,3.9148895925860767,3.577784694313841,0.0
226,D,0.23143997901436597,0.20820929947284908,0.24738940078913876,0.24686931094865702,0.24296863714504413,0.2589180589198169,0.23421379149693516,0.2880430899867933,0.329043505744769,0.3480267849223518,0.27131353345129794,0.26879976588896964,0.3710841011837081,0.36146243913479625,0.28457582438358187,0.3867734780382401,0.791316692292939,0.4371355109248867,0.4003824955308451,0.3721242808646716,0.4374822374852079,0.46487363575057855,3.896859811449377,3.5996284676140733,0.0
227,E,0.20569553191052076,0.2608250550015832,0.2742607092140277,0.3221956561784264,0.3640628883372049,0.37559154646788306,0.2907302208292822,0.18584543633213507,0.30234556060004064,0.4183255950274645,0.40350303457373543,0.2780747013775603,0.4322813390803907,0.34247915995721345,0.45551201862190754,0.4104375657801584,0.5325719966532826,0.3790588120710945,0.46712735839266595,0.4730217099181255,0.5419336137819536,0.51064154171297,4.470952313701117,3.7366721405810064,0.0
228,F,0.3177748925343317,0.25675101791780974,0.3786254038706931,0.2525036175538757,0.34585974392034463,0.3383184412333597,0.35383445480773107,0.33173063658725793,0.37741186090956913,0.3334642693888636,0.4322813390803907,0.33086382018645505,0.39492155220578706,0.40731702673726805,0.3549613161287748,0.5561494027551206,0.44034273160785736,0.36874369690154035,0.4730217099181255,0.492785123856431,0.49399866681755494,0.4862840008504094,4.468005137938388,3.898940170811304,0.0
229,G,0.2626453694432692,0.23750769381998607,0.2955843926737783,0.29341735167177113,0.32427601554035324,0.3193351620557769,0.3412656169960895,0.264379002244875,0.32262906437882777,0.36154912077487655,0.24539572306729215,0.33511122055038906,0.26697945144728363,0.38425971047591173,0.46010614554616275,0.4162452356655376,0.27772797481723915,0.4980727039013284,0.44025604996777706,0.5303182740111951,0.4699011708752352,0.558056398836887,4.305477062787849,3.9024074364145154,0.0
230,H,0.22511221928850503,0.27972165253908576,0.2564042913574886,0.3516674138057239,0.2626453694432692,0.2980981602361066,0.30763314064493813,0.30355910356116467,0.3368448533519948,0.2427085922248033,0.3805323999524594,0.4312411593994272,0.3447328825993009,0.4816898739261542,0.44909757725596633,0.588915062705469,0.3676168355804967,0.5225169264039693,0.6130992402878691,0.5161024850380281,0.6573935583688957,0.6521059783239982,4.197298375967652,3.7739452458155305,0.0
231,I,0.24669594766849648,0.23239347705524915,0.2816286486208521,0.25857133235949575,0.22788603177107422,0.391280923322415,0.36831028870113897,0.2913369923098442,0.2577045159586929,0.34533965407986295,0.3745513667869196,0.22701921537027134,0.36250261881575974,0.49443207501795633,0.40012245061060425,0.5289313677699106,0.4563788350227104,0.3711707828237884,0.49373862189731405,0.45100457333773264,0.577733131135112,0.5399399360601069,3.986922035492795,3.4508827732363008,0.0
232,J,0.24894967031058393,0.3029523320806027,0.3216755663379446,0.25597088315708716,0.27538757053507146,0.2780747013775603,0.25796456087893377,0.27972165253908576,0.286742865385589,0.3436927029183375,0.6043443946397602,0.39630845844707163,0.4115644271012021,0.4575056963437542,0.5427137485426762,0.4388691437264925,0.445977038213076,0.16443507123230422,0.6356364667087437,0.38876715576008664,0.25813792415909437,0.5135887174756998,4.119978353016036,3.74369335342751,0.0
233,K,0.21705082676103835,0.24868962539034306,0.2608250550015832,0.2689731291691302,0.3026922871603618,0.24626253946809504,0.2828421915819761,0.33892521271392173,0.28431577946334097,0.265592545205999,0.42127277079019426,0.3575617653311834,0.2890832696677567,0.4698144892351549,0.5353458091358518,0.4525648428591778,0.5404600259005887,0.49503884649851837,0.4188456848679462,0.48931785825321944,0.5811137150982433,0.4576790596239147,3.7944887945145584,3.2646906103438447,0.0
234,L,0.294890939553136,0.2716602600116191,0.26793294948816676,0.2818020119010126,0.255017385116204,0.28310223650221694,0.32080874993714176,0.35617485908989877,0.30954013672670444,0.34187238847665147,0.0693453120642295,0.3400520740349654,0.3468999236013081,0.3436927029183375,0.4052366673753412,0.4624465498283305,0.02028350377878713,0.48550386608968676,0.4883643602123363,0.506134096428795,0.5360392622564941,0.1295023702799486,3.922517576913142,3.681629299130025,0.0
235,M,0.20500207878987847,0.3780186323901311,0.38269944095446656,0.26394559404447354,0.23369370165645342,0.286742865385589,0.31621462301288655,0.3399653923948851,0.2783347462978012,0.29662457235474166,0.3437793845584178,0.3867734780382401,0.48775758873177427,0.3441261111187389,0.4269937590354932,0.4319346125200695,0.4560321084623893,0.4963390710997227,0.5033602839462259,0.6606874606919466,0.5238171510051736,0.5395932094997858,4.5396908542847845,3.907088244978851,0.0
236,N,0.28032842401964775,0.2287528481718771,0.2944575313527345,0.2695799006496922,0.19408019213976233,0.3092800918064636,0.3028656504405224,0.14371815925311565,0.3145676718513611,0.3099735449271059,0.35374777316765077,0.32427601554035324,0.5091679538316051,0.38105248979294115,0.3733378238257956,0.5538089984729528,0.4570722881433527,0.44094950308841935,0.5038803737867076,0.3893739272406487,0.5380329399783407,0.5796401272168784,4.497216850645444,3.9972371506623494,0.0
237,O,0.21445037755862972,0.19590050658144836,0.23378038329653372,0.2798950158192463,0.2714868967314585,0.29766475203570514,0.307893185565179,0.30043856451827433,0.3175148476140908,0.39648182172723223,0.34308593143777544,0.39604841352683073,0.3401387556750457,0.4352285148431204,0.4445034503317111,0.4443300870515505,0.4190190481481068,0.5340455845346475,0.42864071019701866,0.4957322996191607,0.4508312100575721,0.31794825581449226,4.636254201334224,3.9310990592810904,0.0
238,P,0.17275650868001174,0.18246485236900387,0.24565576798753302,0.23820114694062836,0.23932800826167208,0.28050178729980835,0.27053339869057536,0.2709668068909768,0.27954828925892516,0.3449929275195418,0.29584443759401907,0.3478534216421913,0.33121054674677614,0.3322507264277396,0.3943147807252251,0.44034273160785736,0.3892005639604881,0.32878346082452814,0.31881507221529515,0.3541811813680522,0.34950037280371665,0.3403988005952866,4.262916377508429,3.896426403248976,0.0
239,Basic assay information,,,,,,,,,,,,,,,,,,,,,,,,,
240,Assay ID: ,,,,398,,,,,,,,,,,,,,,,,,,,,
241,Assay Started: ,,,,12/22/2022 2:35:03 PM,,,,,,,,,,,,,,,,,,,,,
242,Assay Finished: ,,,,12/22/2022 2:48:19 PM,,,,,,,,,,,,,,,,,,,,,
243,Assay Exported: ,,,,12/22/2022 2:48:19 PM,,,,,,,,,,,,,,,,,,,,,
244,Protocol ID: ,,,,100135,,,,,,,,,,,,,,,,,,,,,
245,Protocol Name: ,,,,Klein lab BTG,,,,,,,,,,,,,,,,,,,,,
246,Serial#: ,,,,"=""1051054""",,,,,,,,,,,,,,,,,,,,,
247,Protocol information,,,,,,,,,,,,,,,,,,,,,,,,,
248,Protocol:,,,,,,,,,,,,,,,,,,,,,,,,,
249,Protocol name,,,,Klein lab BTG,,,,,,,,,,,,,,,,,,,,,
250,Number of assay repeats,,,,1,,,,,,,,,,,,,,,,,,,,,
251,Start assay repeat each,,,,N/A,,,,,,,,,,,,,,,,,,,,,
252,Number of plate repeats,,,,1,,,,,,,,,,,,,,,,,,,,,
253,Start plate repeat each,,,,N/A,,,,,,,,,,,,,,,,,,,,,
254,Is label meas. height used,,,,Yes,,,,,,,,,,,,,,,,,,,,,
255,Height of measurement,,,,Defined in label,,,,,,,,,,,,,,,,,,,,,
256,Is gripper height used,,,,No,,,,,,,,,,,,,,,,,,,,,
257,Mode of measurement,,,,By Rows  bi-directional,,,,,,,,,,,,,,,,,,,,,
258,Rotated plate,,,,No,,,,,,,,,,,,,,,,,,,,,
259,Soft move,,,,No,,,,,,,,,,,,,,,,,,,,,
260,Protocol notes,,,,,,,,,,,,,,,,,,,,,,,,,
261,Plate type:,,,,,,,,,,,,,,,,,,,,,,,,,
262,Name of the plate type,,,,384 Nunc Maxisorp 460372,,,,,,,,,,,,,,,,,,,,,
263,Number of rows,,,,16,,,,,,,,,,,,,,,,,,,,,
264,Number of columns,,,,24,,,,,,,,,,,,,,,,,,,,,
265,Number of the wells in the plate,,,,384,,,,,,,,,,,,,,,,,,,,,
266,Height of the plate,,,,14.4 mm,,,,,,,,,,,,,,,,,,,,,
267,Coordinates of corners:,,,,,,,,,,,,,,,,,,,,,,,,,
268,384 Nunc Maxisorp 460372 + Jez US LUM 384 (cps),,,,,,,,,,,,,,,,,,,,,,,,,
269,11.88 mm x------------------------------------------------------ x 115.3 mm,,,,,,,,,,,,,,,,,,,,,,,,,
270,9.09 mm                                                            9.11 mm,,,,,,,,,,,,,,,,,,,,,,,,,
271,11.83 mm x------------------------------------------------------ x 115.43 mm,,,,,,,,,,,,,,,,,,,,,,,,,
272,76.51 mm                                                           76.32 mm,,,,,,,,,,,,,,,,,,,,,,,,,
273,Platemap:,,,,,,,,,,,,,,,,,,,,,,,,,
274,Plate,,,,1,,,,,,,,,,,,,,,,,,,,,
275,Group,,,,1,,,,,,,,,,,,,,,,,,,,,
276,,01,02,03,04,05,06,07,08,09,10,11,12,13,14,15,16,17,18,19,20,21,22,23,24,
277,A,ZL,ZL,- ,- ,- ,- ,- ,- ,- ,- ,- ,- ,- ,- ,- ,- ,- ,- ,- ,- ,- ,- ,ZH,ZH,
278,B,ZL,ZL,- ,- ,- ,- ,- ,- ,- ,- ,- ,- ,- ,- ,- ,- ,- ,- ,- ,- ,- ,- ,ZH,ZH,
279,C,ZL,ZL,- ,- ,- ,- ,- ,- ,- ,- ,- ,- ,- ,- ,- ,- ,- ,- ,- ,- ,- ,- ,ZH,ZH,
280,D,ZL,ZL,- ,- ,- ,- ,- ,- ,- ,- ,- ,- ,- ,- ,- ,- ,- ,- ,- ,- ,- ,- ,ZH,ZH,
281,E,ZL,ZL,- ,- ,- ,- ,- ,- ,- ,- ,- ,- ,- ,- ,- ,- ,- ,- ,- ,- ,- ,- ,ZH,ZH,
282,F,ZL,ZL,- ,- ,- ,- ,- ,- ,- ,- ,- ,- ,- ,- ,- ,- ,- ,- ,- ,- ,- ,- ,ZH,ZH,
283,G,ZL,ZL,- ,- ,- ,- ,- ,- ,- ,- ,- ,- ,- ,- ,- ,- ,- ,- ,- ,- ,- ,- ,ZH,ZH,
284,H,ZL,ZL,- ,- ,- ,- ,- ,- ,- ,- ,- ,- ,- ,- ,- ,- ,- ,- ,- ,- ,- ,- ,ZH,ZH,
285,I,ZL,ZL,- ,- ,- ,- ,- ,- ,- ,- ,- ,- ,- ,- ,- ,- ,- ,- ,- ,- ,- ,- ,ZH,ZH,
286,J,ZL,ZL,- ,- ,- ,- ,- ,- ,- ,- ,- ,- ,- ,- ,- ,- ,- ,- ,- ,- ,- ,- ,ZH,ZH,
287,K,ZL,ZL,- ,- ,- ,- ,- ,- ,- ,- ,- ,- ,- ,- ,- ,- ,- ,- ,- ,- ,- ,- ,ZH,ZH,
288,L,ZL,ZL,- ,- ,- ,- ,- ,- ,- ,- ,- ,- ,- ,- ,- ,- ,- ,- ,- ,- ,- ,- ,ZH,ZH,
289,M,ZL,ZL,- ,- ,- ,- ,- ,- ,- ,- ,- ,- ,- ,- ,- ,- ,- ,- ,- ,- ,- ,- ,ZH,ZH,
290,N,ZL,ZL,- ,- ,- ,- ,- ,- ,- ,- ,- ,- ,- ,- ,- ,- ,- ,- ,- ,- ,- ,- ,ZH,ZH,
291,O,ZL,ZL,- ,- ,- ,- ,- ,- ,- ,- ,- ,- ,- ,- ,- ,- ,- ,- ,- ,- ,- ,- ,ZH,ZH,
292,P,ZL,ZL,- ,- ,- ,- ,- ,- ,- ,- ,- ,- ,- ,- ,- ,- ,- ,- ,- ,- ,- ,- ,ZH,ZH,
293,ZL - Z_Low,,,,,,,,,,,,,,,,,,,,,,,,,
294,- - Undefined,,,,,,,,,,,,,,,,,,,,,,,,,
295,ZH - Z_High,,,,,,,,,,,,,,,,,,,,,,,,,
296,Calculations:,,,,,,,,,,,,,,,,,,,,,,,,,
297,Plate,,,,1,,,,,,,,,,,,,,,,,,,,,
298,Formula index,,,,Calc 1,,,,,,,,,,,,,,,,,,,,,
299,Formula name,,,,Z',,,,,,,,,,,,,,,,,,,,,
300,Formula,,,,1 - ((3 * SD(High) + 3 * SD(Low)) / Abs(Avg(High) - Avg(Low))) where Label: Jez US LUM 384 (cps)(1) channel 1  High = Z_High  Low = Z_Low,,,,,,,,,,,,,,,,,,,,,
301,Auto export parameters:,,,,,,,,,,,,,,,,,,,,,,,,,
302,Export format,,,,Plate2,,,,,,,,,,,,,,,,,,,,,
303,Include basic assay information,,,,Yes,,,,,,,,,,,,,,,,,,,,,
304,Place assay information at,,,,End of file,,,,,,,,,,,,,,,,,,,,,
305,Include basic plate information,,,,Yes,,,,,,,,,,,,,,,,,,,,,
306,Place plate information at,,,,Beginning of plate,,,,,,,,,,,,,,,,,,,,,
307,Include protocol information,,,,Yes,,,,,,,,,,,,,,,,,,,,,
308,Protocol info level,,,,Large,,,,,,,,,,,,,,,,,,,,,
309,Include error and warning information,,,,Yes,,,,,,,,,,,,,,,,,,,,,
310,Include background information,,,,Yes,,,,,,,,,,,,,,,,,,,,,
311,Add plate number to the file name,,,,Yes,,,,,,,,,,,,,,,,,,,,,
312,Each plate to separate file,,,,No,,,,,,,,,,,,,,,,,,,,,
313,Field separator to use,,,,System,,,,,,,,,,,,,,,,,,,,,
314,File name format,,,,<DefaultDataFolder>\<Date>\<ProtocolName>_<AssayID>.csv,,,,,,,,,,,,,,,,,,,,,
315,Operations:,,,,,,,,,,,,,,,,,,,,,,,,,
316,Plate 1,,,,,,,,,,,,,,,,,,,,,,,,,
317,Group 1,,,,,,,,,,,,,,,,,,,,,,,,,
318,Measurement,,,,,,,,,,,,,,,,,,,,,,,,,
319,Label,,,,Jez US LUM 384 (cps)(1),,,,,,,,,,,,,,,,,,,,,
320,Labels:,,,,,,,,,,,,,,,,,,,,,,,,,
321,Jez US LUM 384 (cps),,,,7000006,,,,,,,,,,,,,,,,,,,,,
322,Measurement height,,,,0 mm,,,,,,,,,,,,,,,,,,,,,
323,Measurement time,,,,0.25 s,,,,,,,,,,,,,,,,,,,,,
324,CT,,,,0,,,,,,,,,,,,,,,,,,,,,
325,Aperture,,,,384 Plate US Luminescence aperture,,,,,,,,,,,,,,,,,,,,,
326,Last edited,,,,4/16/2022 8:29:10 PM,,,,,,,,,,,,,,,,,,,,,
327,Last edited by,,,,EnVision,,,,,,,,,,,,,,,,,,,,,
328,Factory preset,,,,No,,,,,,,,,,,,,,,,,,,,,
329,Aperture:,,,,,,,,,,,,,,,,,,,,,,,,,
330,384 Plate US Luminescence aperture,,,,9,,,,,,,,,,,,,,,,,,,,,
331,Height,,,,4.2 mm,,,,,,,,,,,,,,,,,,,,,
332,Diameter,,,,3.7 mm,,,,,,,,,,,,,,,,,,,,,
333,Description,,,,Can also be used in 96 plate,,,,,,,,,,,,,,,,,,,,,
334,Last edited,,,,3/9/2022 5:22:33 PM,,,,,,,,,,,,,,,,,,,,,
335,Last edited by,,,,Installation,,,,,,,,,,,,,,,,,,,,,
336,Factory preset,,,,Yes,,,,,,,,,,,,,,,,,,,,,
337,Instrument:,,,,,,,,,,,,,,,,,,,,,,,,,
338,Serial number,,,,1051054,,,,,,,,,,,,,,,,,,,,,
339,Nickname,,,,EnVision#Alpha_680nm,,,,,,,,,,,,,,,,,,,,,
340,Normalization:,,,,,,,,,,,,,,,,,,,,,,,,,
341,Assay notifications:,,,,,,,,,,,,,,,,,,,,,,,,,
342,WARNING: Warning while loading plate. Stacker out of plates. Plate 5 Plate Repeat 1 Well P01,,,,,,,,,,,,,,,,,,,,,,,,,
343,Exported with EnVision Workstation version 1.14.3049.1193,,,,,,,,,,,,,,,,,,,,,,,,,
