,Unnamed: 0.1,Unnamed: 0,0,1,2,3,4,5,6,7,8,9,10,11,12,13,14,15,16,17,18,19,20,21,22,23,24,25
0,0,0,Plate,Repeat,Barcode,Measured height,Chamber temperature at start,Chamber temperature at end,Humidity at start,Humidity at end,Ambient temperature at start,Ambient temperature at end,Formula,Measurement date,,,,,,,,,,,,,,
1,1,1,1,1,"""=""""H2061394""""""",,,,,,,,Calc 1: Z' = 1 - ((3 * SD(High) + 3 * SD(Low)) / Abs(Avg(High) - Avg(Low))) where Label: Jez US LUM 384 (cps)(1) channel 1  High = Z_High  Low = Z_Low,3/22/2023 3:38:03 PM,,,,,,,,,,,,,,
2,2,2,Background information,,,,,,,,,,,,,,,,,,,,,,,,,
3,3,3,Plate,Label,Result,Signal,Flashes/Time,Meastime,MeasInfo,,,,,,,,,,,,,,,,,,,
4,4,4,1,Jez US LUM 384 (cps),0,16,0.1,00:00:00.000,De=USLum Ex=N/A Em=N/A Wdw=N/A (12),,,,,,,,,,,,,,,,,,,
5,5,5,Calculated results: Calc 1: Z' = 1 - ((3 * SD(High) + 3 * SD(Low)) / Abs(Avg(High) - Avg(Low))) where Label: Jez US LUM 384 (cps)(1) channel 1  High = Z_High  Low = Z_Low,,,,,,,,,,,,,,,,,,,,,,,,,
6,6,6,,01,02,03,04,05,06,07,08,09,10,11,12,13,14,15,16,17,18,19,20,21,22,23,24,
7,7,7,A,0.54733317777,0.54733317777,,,,,,,,,,,,,,,,,,,,,0.54733317777,0.54733317777,
8,8,8,B,0.54733317777,0.54733317777,,,,,,,,,,,,,,,,,,,,,0.54733317777,0.54733317777,
9,9,9,C,0.54733317777,0.54733317777,,,,,,,,,,,,,,,,,,,,,0.54733317777,0.54733317777,
10,10,10,D,0.54733317777,0.54733317777,,,,,,,,,,,,,,,,,,,,,0.54733317777,0.54733317777,
11,11,11,E,0.54733317777,0.54733317777,,,,,,,,,,,,,,,,,,,,,0.54733317777,0.54733317777,
12,12,12,F,0.54733317777,0.54733317777,,,,,,,,,,,,,,,,,,,,,0.54733317777,0.54733317777,
13,13,13,G,0.54733317777,0.54733317777,,,,,,,,,,,,,,,,,,,,,0.54733317777,0.54733317777,
14,14,14,H,0.54733317777,0.54733317777,,,,,,,,,,,,,,,,,,,,,0.54733317777,0.54733317777,
15,15,15,I,0.54733317777,0.54733317777,,,,,,,,,,,,,,,,,,,,,0.54733317777,0.54733317777,
16,16,16,J,0.54733317777,0.54733317777,,,,,,,,,,,,,,,,,,,,,0.54733317777,0.54733317777,
17,17,17,K,0.54733317777,0.54733317777,,,,,,,,,,,,,,,,,,,,,0.54733317777,0.54733317777,
18,18,18,L,0.54733317777,0.54733317777,,,,,,,,,,,,,,,,,,,,,0.54733317777,0.54733317777,
19,19,19,M,0.54733317777,0.54733317777,,,,,,,,,,,,,,,,,,,,,0.54733317777,0.54733317777,
20,20,20,N,0.54733317777,0.54733317777,,,,,,,,,,,,,,,,,,,,,0.54733317777,0.54733317777,
21,21,21,O,0.54733317777,0.54733317777,,,,,,,,,,,,,,,,,,,,,0.54733317777,0.54733317777,
22,22,22,P,0.54733317777,0.54733317777,,,,,,,,,,,,,,,,,,,,,0.54733317777,0.54733317777,
23,23,23,Plate information,,,,,,,,,,,,,,,,,,,,,,,,,
24,24,24,Plate,Repeat,Barcode,Measured height,Chamber temperature at start,Chamber temperature at end,Humidity at start,Humidity at end,Ambient temperature at start,Ambient temperature at end,Group,Label,ScanX,ScanY,Measinfo,Kinetics,Measurement date,,,,,,,,,
25,25,25,1,1,"""=""""H2061394""""""",14.01,17.7,17.82,45.9,46.2,18.1,18.02,1,Jez US LUM 384 (cps)(1),0,0,De=USLum Ex=N/A Em=N/A Wdw=N/A (12),0,3/22/2023 3:38:03 PM,,,,,,,,,
26,26,26,Background information,,,,,,,,,,,,,,,,,,,,,,,,,
27,27,27,Plate,Label,Result,Signal,Flashes/Time,Meastime,MeasInfo,,,,,,,,,,,,,,,,,,,
28,28,28,1,Jez US LUM 384 (cps),0,16,0.1,00:00:00.000,De=USLum Ex=N/A Em=N/A Wdw=N/A (12),,,,,,,,,,,,,,,,,,,
29,29,29,Results for Jez US LUM 384 (cps)(1) - channel 0 (CPS),,,,,,,,,,,,,,,,,,,,,,,,,
30,30,30,,01,02,03,04,05,06,07,08,09,10,11,12,13,14,15,16,17,18,19,20,21,22,23,24,
31,31,31,A,-0.3556946392548384,-0.34907962852867325,-0.37553967143333383,-0.382154682159499,-0.38876969288566415,-0.3623096499810035,-0.38876969288566415,-0.3689246607071687,-0.4218447465164899,-0.3093895641716824,-0.3226195856240127,-0.34246461780250814,-0.31600457489784756,-0.3556946392548384,-0.3292345963501778,-0.3689246607071687,-0.4218447465164899,-0.39538470361182926,-0.3556946392548384,-0.3623096499810035,-0.31600457489784756,-0.34907962852867325,2.700440316233459,2.713670337685789,
32,32,32,B,-0.34907962852867325,-0.3292345963501778,-0.39538470361182926,-0.3292345963501778,-0.3623096499810035,-0.30277455344551724,-0.31600457489784756,-0.3226195856240127,-0.2961595427193521,-0.3623096499810035,-0.2696994998146915,-0.34907962852867325,-0.3623096499810035,-0.2961595427193521,-0.31600457489784756,-0.30277455344551724,-0.34907962852867325,-0.3623096499810035,-0.34907962852867325,-0.4019997143379944,-0.3689246607071687,-0.34246461780250814,3.057650895446377,2.5482950695316604,
33,33,33,C,-0.26308448908852644,-0.335849607076343,-0.335849607076343,-0.382154682159499,-0.28954453199318697,-0.335849607076343,-0.26308448908852644,-0.3623096499810035,-0.38876969288566415,-0.31600457489784756,-0.24323945691003096,-0.3226195856240127,-0.2961595427193521,-0.4218447465164899,-0.3556946392548384,-0.2961595427193521,-0.37553967143333383,-0.37553967143333383,-0.4019997143379944,-0.30277455344551724,-0.24323945691003096,-0.39538470361182926,2.8988906380184134,2.614445176793312,
34,34,34,D,-0.3623096499810035,-0.382154682159499,-0.34907962852867325,-0.3093895641716824,-0.3093895641716824,-0.28954453199318697,-0.3556946392548384,-0.3226195856240127,-0.43507476796882016,-0.23000943545770067,-0.1704743389222143,-0.3093895641716824,-0.382154682159499,-0.2829295212670218,-0.3556946392548384,-0.2696994998146915,-0.3226195856240127,-0.23662444618386583,-0.34907962852867325,-0.335849607076343,-0.3226195856240127,-0.31600457489784756,3.1568760563388536,2.7401303805904496,
35,35,35,E,-0.2961595427193521,-0.2233944247315355,-0.28954453199318697,-0.26308448908852644,-0.3623096499810035,-0.20354939255304005,-0.28954453199318697,-0.21016440327920521,-0.5938350253967837,-0.26308448908852644,-0.2564694783623613,-0.2961595427193521,-0.1837043603745446,-0.2829295212670218,-0.19693438182687492,-0.19031937110070976,-0.27631451054085665,-0.23662444618386583,-0.2961595427193521,-0.2233944247315355,-0.23662444618386583,-0.30277455344551724,3.5008566140994413,2.806280487852101,
36,36,36,F,-0.24323945691003096,-0.2961595427193521,-0.19031937110070976,-0.2961595427193521,-0.24323945691003096,-0.19031937110070976,-0.26308448908852644,-0.21016440327920521,-0.27631451054085665,-0.2233944247315355,-0.27631451054085665,-0.24323945691003096,-0.23000943545770067,-0.2829295212670218,-0.20354939255304005,-0.6269100790276094,-0.23000943545770067,-0.28954453199318697,-0.2829295212670218,-0.23662444618386583,-0.19693438182687492,-0.27631451054085665,3.65300186080124,2.9055056487445783,
37,37,37,G,-0.2564694783623613,-0.34907962852867325,-0.2961595427193521,-0.382154682159499,-0.24985446763619612,-0.2961595427193521,-0.24323945691003096,-0.24323945691003096,-0.24985446763619612,-0.2564694783623613,-0.23662444618386583,-0.30277455344551724,-0.2564694783623613,-0.335849607076343,-0.30277455344551724,-0.26308448908852644,-0.34246461780250814,-0.2233944247315355,-0.34907962852867325,-0.3226195856240127,-0.2696994998146915,-0.3093895641716824,3.4611665497424506,2.6938253055072936,
38,38,38,H,-0.27631451054085665,-0.2961595427193521,-0.31600457489784756,-0.3292345963501778,-0.31600457489784756,-0.27631451054085665,-0.24985446763619612,-0.30277455344551724,-0.16385932819604923,-0.31600457489784756,-0.27631451054085665,-0.27631451054085665,-0.2233944247315355,-0.2961595427193521,-0.3093895641716824,-0.3556946392548384,-0.28954453199318697,-0.2961595427193521,-0.3623096499810035,-0.26308448908852644,-0.2961595427193521,-0.3093895641716824,3.514086635551772,2.9848857774585604,
39,39,39,I,-0.3556946392548384,-0.28954453199318697,-0.335849607076343,0.08751107939822642,-0.2696994998146915,-0.26308448908852644,-0.34246461780250814,-0.3689246607071687,-0.335849607076343,-0.31600457489784756,-0.27631451054085665,-0.31600457489784756,-0.28954453199318697,-0.2696994998146915,-0.34907962852867325,-0.382154682159499,-0.34907962852867325,-0.37553967143333383,-0.3292345963501778,-0.3623096499810035,-0.3689246607071687,-0.3226195856240127,3.4677815604686155,2.925350680923074,
40,40,40,J,-0.4218447465164899,-0.42845975724265506,-0.3093895641716824,-0.2961595427193521,-0.31600457489784756,-0.24985446763619612,-0.2961595427193521,-0.3623096499810035,-0.2564694783623613,-0.2564694783623613,-0.31600457489784756,-0.335849607076343,-0.3623096499810035,-0.335849607076343,-0.3292345963501778,-0.26308448908852644,-0.3226195856240127,-0.30277455344551724,-0.37553967143333383,-0.3556946392548384,-0.2961595427193521,-0.3226195856240127,3.7985320967768734,2.925350680923074,
41,41,41,K,-0.3093895641716824,-0.30277455344551724,-0.23662444618386583,-0.27631451054085665,-0.30277455344551724,-0.2564694783623613,-0.27631451054085665,-0.26308448908852644,-0.24323945691003096,-0.27631451054085665,-0.2564694783623613,-0.23000943545770067,-0.26308448908852644,-0.34907962852867325,-0.24985446763619612,-0.3226195856240127,-0.31600457489784756,-0.2564694783623613,-0.3093895641716824,-0.2696994998146915,-0.34246461780250814,-0.30277455344551724,3.8117621182292036,2.931965691649239,
42,42,42,L,-0.24323945691003096,-0.30277455344551724,-0.3093895641716824,-0.335849607076343,-0.2829295212670218,-0.24323945691003096,-0.24323945691003096,-0.3226195856240127,-0.382154682159499,-0.2961595427193521,-0.3093895641716824,-0.24985446763619612,-0.26308448908852644,-0.31600457489784756,-0.24323945691003096,-0.2696994998146915,-0.23662444618386583,-0.3556946392548384,0.25950135827852017,-0.27631451054085665,-0.34246461780250814,-0.3556946392548384,3.4545515390162853,3.051035884720212,
43,43,43,M,-0.30277455344551724,-0.335849607076343,-0.2564694783623613,-0.21677941400537037,-0.26308448908852644,-0.27631451054085665,-0.3556946392548384,-0.28954453199318697,-0.2829295212670218,-0.24323945691003096,-0.2233944247315355,-0.3226195856240127,-0.20354939255304005,-0.2961595427193521,-0.3226195856240127,-0.3093895641716824,-0.3226195856240127,-0.2696994998146915,-0.382154682159499,-0.28954453199318697,-0.27631451054085665,-0.28954453199318697,3.613311796444249,3.2362561850528353,
44,44,44,N,-0.2564694783623613,-0.31600457489784756,-0.3093895641716824,-0.23000943545770067,-0.21677941400537037,-0.27631451054085665,-0.23662444618386583,-0.24323945691003096,-0.24985446763619612,-0.23000943545770067,-0.335849607076343,-0.2829295212670218,-0.26308448908852644,-0.2829295212670218,-0.27631451054085665,-0.17708934964837947,-0.2829295212670218,-0.3292345963501778,-0.34907962852867325,-0.23662444618386583,-0.24323945691003096,-0.3093895641716824,4.1160526116328,3.520701646277937,
45,45,45,O,-0.3556946392548384,-0.34246461780250814,-0.3226195856240127,-0.3226195856240127,-0.20354939255304005,-0.1837043603745446,-0.3292345963501778,-0.20354939255304005,-0.2961595427193521,-0.20354939255304005,-0.3093895641716824,-0.26308448908852644,-0.30277455344551724,-0.21677941400537037,-0.23000943545770067,-0.21677941400537037,-0.27631451054085665,-0.28954453199318697,-0.28954453199318697,-0.21016440327920521,-0.24985446763619612,-0.3292345963501778,4.307887922691589,3.4347065068377898,
46,46,46,P,-0.34246461780250814,-0.3556946392548384,-0.37553967143333383,-0.3292345963501778,-0.23662444618386583,-0.27631451054085665,-0.2961595427193521,-0.2564694783623613,-0.23662444618386583,-0.28954453199318697,-0.3093895641716824,-0.24323945691003096,-0.2233944247315355,-0.34246461780250814,-0.21677941400537037,-0.23662444618386583,-0.23000943545770067,-0.31600457489784756,-0.23000943545770067,-0.34246461780250814,-0.2961595427193521,-0.31600457489784756,3.9639073649310013,4.208662761799112,
47,47,47,Plate information,,,,,,,,,,,,,,,,,,,,,,,,,
48,48,48,Plate,Repeat,Barcode,Measured height,Chamber temperature at start,Chamber temperature at end,Humidity at start,Humidity at end,Ambient temperature at start,Ambient temperature at end,Formula,Measurement date,,,,,,,,,,,,,,
49,49,49,2,1,"""=""""H2061396""""""",,,,,,,,Calc 1: Z' = 1 - ((3 * SD(High) + 3 * SD(Low)) / Abs(Avg(High) - Avg(Low))) where Label: Jez US LUM 384 (cps)(1) channel 1  High = Z_High  Low = Z_Low,3/22/2023 3:39:38 PM,,,,,,,,,,,,,,
50,50,50,Background information,,,,,,,,,,,,,,,,,,,,,,,,,
51,51,51,Plate,Label,Result,Signal,Flashes/Time,Meastime,MeasInfo,,,,,,,,,,,,,,,,,,,
52,52,52,2,Jez US LUM 384 (cps),0,8,0.1,00:00:00.000,De=USLum Ex=N/A Em=N/A Wdw=N/A (12),,,,,,,,,,,,,,,,,,,
53,53,53,Calculated results: Calc 1: Z' = 1 - ((3 * SD(High) + 3 * SD(Low)) / Abs(Avg(High) - Avg(Low))) where Label: Jez US LUM 384 (cps)(1) channel 1  High = Z_High  Low = Z_Low,,,,,,,,,,,,,,,,,,,,,,,,,
54,54,54,,01,02,03,04,05,06,07,08,09,10,11,12,13,14,15,16,17,18,19,20,21,22,23,24,
55,55,55,A,0.62390718116,0.62390718116,,,,,,,,,,,,,,,,,,,,,0.62390718116,0.62390718116,
56,56,56,B,0.62390718116,0.62390718116,,,,,,,,,,,,,,,,,,,,,0.62390718116,0.62390718116,
57,57,57,C,0.62390718116,0.62390718116,,,,,,,,,,,,,,,,,,,,,0.62390718116,0.62390718116,
58,58,58,D,0.62390718116,0.62390718116,,,,,,,,,,,,,,,,,,,,,0.62390718116,0.62390718116,
59,59,59,E,0.62390718116,0.62390718116,,,,,,,,,,,,,,,,,,,,,0.62390718116,0.62390718116,
60,60,60,F,0.62390718116,0.62390718116,,,,,,,,,,,,,,,,,,,,,0.62390718116,0.62390718116,
61,61,61,G,0.62390718116,0.62390718116,,,,,,,,,,,,,,,,,,,,,0.62390718116,0.62390718116,
62,62,62,H,0.62390718116,0.62390718116,,,,,,,,,,,,,,,,,,,,,0.62390718116,0.62390718116,
63,63,63,I,0.62390718116,0.62390718116,,,,,,,,,,,,,,,,,,,,,0.62390718116,0.62390718116,
64,64,64,J,0.62390718116,0.62390718116,,,,,,,,,,,,,,,,,,,,,0.62390718116,0.62390718116,
65,65,65,K,0.62390718116,0.62390718116,,,,,,,,,,,,,,,,,,,,,0.62390718116,0.62390718116,
66,66,66,L,0.62390718116,0.62390718116,,,,,,,,,,,,,,,,,,,,,0.62390718116,0.62390718116,
67,67,67,M,0.62390718116,0.62390718116,,,,,,,,,,,,,,,,,,,,,0.62390718116,0.62390718116,
68,68,68,N,0.62390718116,0.62390718116,,,,,,,,,,,,,,,,,,,,,0.62390718116,0.62390718116,
69,69,69,O,0.62390718116,0.62390718116,,,,,,,,,,,,,,,,,,,,,0.62390718116,0.62390718116,
70,70,70,P,0.62390718116,0.62390718116,,,,,,,,,,,,,,,,,,,,,0.62390718116,0.62390718116,
71,71,71,Plate information,,,,,,,,,,,,,,,,,,,,,,,,,
72,72,72,Plate,Repeat,Barcode,Measured height,Chamber temperature at start,Chamber temperature at end,Humidity at start,Humidity at end,Ambient temperature at start,Ambient temperature at end,Group,Label,ScanX,ScanY,Measinfo,Kinetics,Measurement date,,,,,,,,,
73,73,73,2,1,"""=""""H2061396""""""",14.01,17.8,17.62,46.6,47.2,18,18.11,1,Jez US LUM 384 (cps)(1),0,0,De=USLum Ex=N/A Em=N/A Wdw=N/A (12),0,3/22/2023 3:39:38 PM,,,,,,,,,
74,74,74,Background information,,,,,,,,,,,,,,,,,,,,,,,,,
75,75,75,Plate,Label,Result,Signal,Flashes/Time,Meastime,MeasInfo,,,,,,,,,,,,,,,,,,,
76,76,76,2,Jez US LUM 384 (cps),0,8,0.1,00:00:00.000,De=USLum Ex=N/A Em=N/A Wdw=N/A (12),,,,,,,,,,,,,,,,,,,
77,77,77,Results for Jez US LUM 384 (cps)(1) - channel 0 (CPS),,,,,,,,,,,,,,,,,,,,,,,,,
78,78,78,,01,02,03,04,05,06,07,08,09,10,11,12,13,14,15,16,17,18,19,20,21,22,23,24,
79,79,79,A,-0.38076657595754065,-0.33021612702894276,-0.30774926083845483,-0.3751498594099187,-0.34706627667180867,-0.33021612702894276,-0.3414495601241867,-0.3414495601241867,-0.3863832925051626,-0.3021325442908328,-0.4144668752432726,-0.33021612702894276,-0.36391642631467463,-0.3526829932194307,-0.3414495601241867,-0.28528239464796684,-0.29089911119558887,-0.3526829932194307,-0.34706627667180867,-0.39200000905278465,-0.38076657595754065,-0.4144668752432726,2.607326627377357,2.961179769877542,
80,80,80,B,-0.3695331428622967,-0.42008359179089455,-0.3526829932194307,-0.29651582774321084,-0.34706627667180867,-0.3526829932194307,-0.33021612702894276,-0.33583284357656473,-0.2796656781003448,-0.34706627667180867,-0.29089911119558887,-0.28528239464796684,-0.35829970976705267,-0.2684322450051009,-0.35829970976705267,-0.35829970976705267,-0.31898269393369877,-0.30774926083845483,-0.3695331428622967,-0.35829970976705267,-0.3021325442908328,-0.35829970976705267,2.489375579877295,2.6971940921393087,
81,81,81,C,-0.34706627667180867,-0.36391642631467463,-0.34706627667180867,-0.31898269393369877,-0.33021612702894276,-0.3751498594099187,-0.33583284357656473,-0.34706627667180867,-0.29089911119558887,-0.2796656781003448,-0.30774926083845483,-0.28528239464796684,-0.3863832925051626,-0.27404896155272285,-0.33583284357656473,-0.3414495601241867,-0.34706627667180867,-0.32459941048132074,-0.35829970976705267,-0.4032334421480286,-0.34706627667180867,-0.3751498594099187,2.8993958878537005,2.747744541067907,
82,82,82,D,-0.35829970976705267,-0.3021325442908328,-0.3863832925051626,-0.29651582774321084,-0.33583284357656473,-0.32459941048132074,-0.30774926083845483,-0.2796656781003448,-0.2515820953622349,-0.30774926083845483,-0.3133659773860768,-0.29089911119558887,-0.29651582774321084,-0.2628155284574789,-0.29089911119558887,-0.34706627667180867,-0.3133659773860768,-0.3751498594099187,-0.27404896155272285,-0.28528239464796684,-0.36391642631467463,-0.3414495601241867,2.8881624547584566,2.8825457382108346,
83,83,83,E,-0.34706627667180867,-0.2684322450051009,-0.33021612702894276,-0.22349851262412498,-0.22911522917174695,-0.16171463060028313,-0.217881796076503,-0.24596537881461292,-0.29651582774321084,-0.2628155284574789,-0.19541492988601503,-0.29089911119558887,-0.21226507952888102,-0.36391642631467463,-0.22349851262412498,-0.3021325442908328,-0.2515820953622349,-0.24034866226699095,-0.29089911119558887,-0.3133659773860768,-0.28528239464796684,-0.28528239464796684,3.3712000778539473,3.4105170936873015,
84,84,84,F,-0.2796656781003448,-0.3021325442908328,-0.33021612702894276,-0.22349851262412498,-0.22349851262412498,-0.2515820953622349,-0.24596537881461292,-0.22911522917174695,-0.13363104786217317,-0.28528239464796684,-0.1560979140526611,-0.2571988119098569,-0.2515820953622349,-0.2515820953622349,-0.17856478024314906,-0.22911522917174695,-0.3133659773860768,-0.28528239464796684,-0.2628155284574789,-0.3021325442908328,-0.2515820953622349,-0.3414495601241867,3.1802317152348,3.4779176922587647,
85,85,85,G,-0.3133659773860768,-0.2628155284574789,-0.3021325442908328,-0.2515820953622349,-0.32459941048132074,-0.31898269393369877,-0.2684322450051009,-0.22349851262412498,-0.29651582774321084,-0.22349851262412498,-0.2571988119098569,-0.28528239464796684,-0.27404896155272285,-0.23473194571936895,-0.217881796076503,-0.32459941048132074,-0.2684322450051009,-0.33583284357656473,-0.32459941048132074,-0.3414495601241867,-0.29651582774321084,-0.31898269393369877,3.3094161958301056,3.129681266306202,
86,86,86,H,-0.31898269393369877,-0.32459941048132074,-0.29089911119558887,-0.2684322450051009,-0.2628155284574789,-0.33021612702894276,-0.2571988119098569,-0.28528239464796684,-0.2628155284574789,-0.2571988119098569,-0.2571988119098569,-0.24596537881461292,-0.29089911119558887,-0.22911522917174695,-0.3021325442908328,-0.33021612702894276,-0.2796656781003448,-0.2628155284574789,-0.28528239464796684,-0.33021612702894276,-0.33021612702894276,-0.32459941048132074,3.489151125354009,3.388050227496813,
87,87,87,I,-0.2796656781003448,-0.34706627667180867,-0.33021612702894276,-0.32459941048132074,-0.34706627667180867,-0.3414495601241867,-0.217881796076503,-0.2684322450051009,-0.3133659773860768,-0.29651582774321084,-0.1673313471479051,-0.2684322450051009,-0.3133659773860768,-0.2571988119098569,-0.2628155284574789,-0.23473194571936895,-0.2515820953622349,-0.30774926083845483,-0.36391642631467463,-0.3695331428622967,-0.29651582774321084,-0.3526829932194307,3.1577648490443115,3.3768167944015697,
88,88,88,J,-0.33021612702894276,-0.33583284357656473,-0.3414495601241867,-0.30774926083845483,-0.38076657595754065,-0.3414495601241867,-0.29089911119558887,-0.2684322450051009,-0.30774926083845483,-0.2571988119098569,-0.2628155284574789,-0.28528239464796684,-0.3021325442908328,-0.2515820953622349,-0.3021325442908328,-0.3133659773860768,-0.217881796076503,-0.32459941048132074,-0.3133659773860768,-0.36391642631467463,-0.3133659773860768,-0.33583284357656473,3.3543499282110814,3.4442173929730333,
89,89,89,K,-0.33583284357656473,0.10227104713795028,-0.29089911119558887,-0.24596537881461292,-0.28528239464796684,-0.28528239464796684,-0.18979821333839306,-0.23473194571936895,-0.22911522917174695,-0.217881796076503,-0.2796656781003448,-0.24034866226699095,-0.22911522917174695,-0.2796656781003448,-0.27404896155272285,-0.36391642631467463,-0.2684322450051009,-0.28528239464796684,-0.2796656781003448,-0.31898269393369877,-0.33021612702894276,-0.3526829932194307,3.3431164951158374,3.539701574282607,
90,90,90,L,-0.36391642631467463,-0.32459941048132074,-0.3414495601241867,-0.21226507952888102,-0.27404896155272285,-0.33021612702894276,-0.2796656781003448,-0.2515820953622349,-0.29089911119558887,-0.29651582774321084,-0.24034866226699095,-0.2628155284574789,-0.23473194571936895,-0.2515820953622349,-0.30774926083845483,-0.27404896155272285,-0.27404896155272285,-0.33583284357656473,-0.2684322450051009,-0.36391642631467463,-0.32459941048132074,-0.3133659773860768,3.7419033699969986,3.506001274996875,
91,91,91,M,-0.35829970976705267,-0.34706627667180867,-0.32459941048132074,-0.3021325442908328,-0.23473194571936895,-0.2796656781003448,-0.30774926083845483,-0.3021325442908328,-0.2796656781003448,-0.18979821333839306,-0.27404896155272285,-0.28528239464796684,-0.28528239464796684,-0.2796656781003448,-0.2628155284574789,-0.30774926083845483,-0.24596537881461292,-0.2571988119098569,-0.32459941048132074,-0.23473194571936895,-0.30774926083845483,-0.35829970976705267,4.202474126902001,3.3712000778539473,
92,92,92,N,-0.3414495601241867,-0.3021325442908328,-0.3414495601241867,-0.2628155284574789,-0.3021325442908328,-0.3751498594099187,-0.2571988119098569,-0.3021325442908328,-0.24596537881461292,-0.3414495601241867,-0.2796656781003448,-0.2684322450051009,-0.2628155284574789,-0.2628155284574789,-0.32459941048132074,-0.29651582774321084,-0.33021612702894276,-0.38076657595754065,-0.2628155284574789,-0.3133659773860768,-0.2684322450051009,-0.35829970976705267,3.764370236187487,3.528468141187363,
93,93,93,O,-0.3526829932194307,-0.32459941048132074,-0.33583284357656473,-0.31898269393369877,-0.2684322450051009,-0.28528239464796684,-0.3133659773860768,-0.2796656781003448,-0.3133659773860768,-0.2628155284574789,-0.2684322450051009,-0.2796656781003448,-0.217881796076503,-0.29089911119558887,-0.23473194571936895,-0.29651582774321084,-0.22911522917174695,-0.27404896155272285,-0.3751498594099187,-0.29651582774321084,-0.36391642631467463,-0.2796656781003448,3.432983959877789,3.393666944044435,
94,94,94,P,-0.3863832925051626,-0.36391642631467463,-0.34706627667180867,-0.31898269393369877,-0.33583284357656473,-0.3133659773860768,-0.2684322450051009,-0.2515820953622349,-0.2684322450051009,-0.30774926083845483,-0.29089911119558887,-0.3021325442908328,-0.29651582774321084,-0.30774926083845483,-0.2628155284574789,-0.31898269393369877,-0.3133659773860768,-0.34706627667180867,-0.30774926083845483,-0.36391642631467463,-0.36391642631467463,-0.3414495601241867,3.556551723925473,3.6351857555921807,
95,95,95,Plate information,,,,,,,,,,,,,,,,,,,,,,,,,
96,96,96,Plate,Repeat,Barcode,Measured height,Chamber temperature at start,Chamber temperature at end,Humidity at start,Humidity at end,Ambient temperature at start,Ambient temperature at end,Formula,Measurement date,,,,,,,,,,,,,,
97,97,97,3,1,"""=""""H2061398""""""",,,,,,,,Calc 1: Z' = 1 - ((3 * SD(High) + 3 * SD(Low)) / Abs(Avg(High) - Avg(Low))) where Label: Jez US LUM 384 (cps)(1) channel 1  High = Z_High  Low = Z_Low,3/22/2023 3:41:14 PM,,,,,,,,,,,,,,
98,98,98,Background information,,,,,,,,,,,,,,,,,,,,,,,,,
99,99,99,Plate,Label,Result,Signal,Flashes/Time,Meastime,MeasInfo,,,,,,,,,,,,,,,,,,,
100,100,100,3,Jez US LUM 384 (cps),0,4,0.1,00:00:00.000,De=USLum Ex=N/A Em=N/A Wdw=N/A (12),,,,,,,,,,,,,,,,,,,
101,101,101,Calculated results: Calc 1: Z' = 1 - ((3 * SD(High) + 3 * SD(Low)) / Abs(Avg(High) - Avg(Low))) where Label: Jez US LUM 384 (cps)(1) channel 1  High = Z_High  Low = Z_Low,,,,,,,,,,,,,,,,,,,,,,,,,
102,102,102,,01,02,03,04,05,06,07,08,09,10,11,12,13,14,15,16,17,18,19,20,21,22,23,24,
103,103,103,A,0.68540263357,0.68540263357,,,,,,,,,,,,,,,,,,,,,0.68540263357,0.68540263357,
104,104,104,B,0.68540263357,0.68540263357,,,,,,,,,,,,,,,,,,,,,0.68540263357,0.68540263357,
105,105,105,C,0.68540263357,0.68540263357,,,,,,,,,,,,,,,,,,,,,0.68540263357,0.68540263357,
106,106,106,D,0.68540263357,0.68540263357,,,,,,,,,,,,,,,,,,,,,0.68540263357,0.68540263357,
107,107,107,E,0.68540263357,0.68540263357,,,,,,,,,,,,,,,,,,,,,0.68540263357,0.68540263357,
108,108,108,F,0.68540263357,0.68540263357,,,,,,,,,,,,,,,,,,,,,0.68540263357,0.68540263357,
109,109,109,G,0.68540263357,0.68540263357,,,,,,,,,,,,,,,,,,,,,0.68540263357,0.68540263357,
110,110,110,H,0.68540263357,0.68540263357,,,,,,,,,,,,,,,,,,,,,0.68540263357,0.68540263357,
111,111,111,I,0.68540263357,0.68540263357,,,,,,,,,,,,,,,,,,,,,0.68540263357,0.68540263357,
112,112,112,J,0.68540263357,0.68540263357,,,,,,,,,,,,,,,,,,,,,0.68540263357,0.68540263357,
113,113,113,K,0.68540263357,0.68540263357,,,,,,,,,,,,,,,,,,,,,0.68540263357,0.68540263357,
114,114,114,L,0.68540263357,0.68540263357,,,,,,,,,,,,,,,,,,,,,0.68540263357,0.68540263357,
115,115,115,M,0.68540263357,0.68540263357,,,,,,,,,,,,,,,,,,,,,0.68540263357,0.68540263357,
116,116,116,N,0.68540263357,0.68540263357,,,,,,,,,,,,,,,,,,,,,0.68540263357,0.68540263357,
117,117,117,O,0.68540263357,0.68540263357,,,,,,,,,,,,,,,,,,,,,0.68540263357,0.68540263357,
118,118,118,P,0.68540263357,0.68540263357,,,,,,,,,,,,,,,,,,,,,0.68540263357,0.68540263357,
119,119,119,Plate information,,,,,,,,,,,,,,,,,,,,,,,,,
120,120,120,Plate,Repeat,Barcode,Measured height,Chamber temperature at start,Chamber temperature at end,Humidity at start,Humidity at end,Ambient temperature at start,Ambient temperature at end,Group,Label,ScanX,ScanY,Measinfo,Kinetics,Measurement date,,,,,,,,,
121,121,121,3,1,"""=""""H2061398""""""",14.01,17.62,17.72,47.2,47.4,18.11,18.11,1,Jez US LUM 384 (cps)(1),0,0,De=USLum Ex=N/A Em=N/A Wdw=N/A (12),0,3/22/2023 3:41:14 PM,,,,,,,,,
122,122,122,Background information,,,,,,,,,,,,,,,,,,,,,,,,,
123,123,123,Plate,Label,Result,Signal,Flashes/Time,Meastime,MeasInfo,,,,,,,,,,,,,,,,,,,
124,124,124,3,Jez US LUM 384 (cps),0,4,0.1,00:00:00.000,De=USLum Ex=N/A Em=N/A Wdw=N/A (12),,,,,,,,,,,,,,,,,,,
125,125,125,Results for Jez US LUM 384 (cps)(1) - channel 0 (CPS),,,,,,,,,,,,,,,,,,,,,,,,,
126,126,126,,01,02,03,04,05,06,07,08,09,10,11,12,13,14,15,16,17,18,19,20,21,22,23,24,
127,127,127,A,-0.5035855982557682,-0.4689592040101764,-0.24388764141382968,-0.4516460068873805,-0.4516460068873805,-0.4343328097645846,-0.4689592040101764,-0.3593089555658024,-0.3823932183961969,-0.38816428410379555,-0.33045362702780917,-0.2727429699518229,-0.365080021273401,-0.3823932183961969,-0.39970641551899283,-0.3362246927354078,-0.32468256132021056,-0.34199575844300645,-0.3593089555658024,-0.45741707259497916,-0.3939353498113942,-0.38816428410379555,2.7974639864906505,2.647416278093086,
128,128,128,B,-0.4227906783493874,-0.4978145325481696,-0.4516460068873805,-0.4747302697177751,-0.4054774812265915,-0.4054774812265915,-0.32468256132021056,-0.39970641551899283,-0.3073693641974147,-0.3189114956126119,-0.3535378898582038,-0.2958272327822174,-0.34776682415060506,-0.3362246927354078,-0.3131404299050133,-0.365080021273401,-0.37085108698099967,-0.3362246927354078,-0.33045362702780917,-0.34776682415060506,-0.2958272327822174,-0.44010387547218327,2.9532827605958136,3.0109934176718,
129,129,129,C,-0.3939353498113942,-0.3939353498113942,-0.4227906783493874,-0.2785140356594215,-0.38816428410379555,-0.3593089555658024,-0.3766221526885983,-0.2900561670746188,-0.32468256132021056,-0.2900561670746188,-0.3131404299050133,-0.24965870712142835,-0.3189114956126119,-0.3535378898582038,-0.26697190424422423,-0.3939353498113942,-0.34776682415060506,-0.2785140356594215,-0.34776682415060506,-0.33045362702780917,-0.33045362702780917,-0.365080021273401,2.693584803753875,2.75706652653746,
130,130,130,D,-0.3766221526885983,-0.4170196126417887,-0.37085108698099967,-0.3823932183961969,-0.34776682415060506,-0.365080021273401,-0.301598298489816,-0.3131404299050133,-0.3131404299050133,-0.3189114956126119,-0.301598298489816,-0.21503231287583652,-0.26120083853662557,-0.2323455099986324,-0.33045362702780917,-0.33045362702780917,-0.26697190424422423,-0.39970641551899283,-0.3073693641974147,-0.3535378898582038,-0.4054774812265915,-0.3593089555658024,3.1148726004085754,2.959053826303412,
131,131,131,E,-0.3766221526885983,-0.2727429699518229,-0.3131404299050133,-0.33045362702780917,-0.2958272327822174,-0.24965870712142835,-0.18617698433784333,-0.19194805004544194,-0.21503231287583652,-0.24965870712142835,-0.20349018146063927,-0.24388764141382968,-0.2092612471682379,-0.2785140356594215,-0.19194805004544194,-0.25542977282902696,-0.22080337858343516,-0.2900561670746188,-0.33045362702780917,-0.2727429699518229,-0.2900561670746188,-0.2727429699518229,3.3630284258353167,3.495762937110085,
132,132,132,F,-0.3073693641974147,-0.3073693641974147,-0.3131404299050133,-0.2842851013670201,-0.3189114956126119,-0.24965870712142835,-0.33045362702780917,-0.2092612471682379,-0.21503231287583652,-0.20349018146063927,-0.16886378721504744,-0.17463485292264605,-0.24388764141382968,-0.22080337858343516,-0.20349018146063927,-0.25542977282902696,-0.1630927215074488,-0.301598298489816,-0.2323455099986324,-0.2785140356594215,-0.301598298489816,-0.23811657570623104,3.720834499706432,3.7900872881976158,
133,133,133,G,-0.32468256132021056,-0.32468256132021056,-0.23811657570623104,-0.3073693641974147,-0.26120083853662557,-0.2785140356594215,-0.22080337858343516,-0.22080337858343516,-0.23811657570623104,-0.32468256132021056,-0.2900561670746188,-0.23811657570623104,-0.23811657570623104,-0.20349018146063927,-0.25542977282902696,-0.2785140356594215,-0.25542977282902696,-0.34199575844300645,-0.3189114956126119,-0.32468256132021056,-0.3189114956126119,-0.3593089555658024,3.247607111683344,3.3687994915429154,
134,134,134,H,-0.2958272327822174,-0.25542977282902696,-0.3073693641974147,-0.3189114956126119,-0.22080337858343516,-0.19194805004544194,-0.23811657570623104,-0.3131404299050133,-0.2092612471682379,-0.2265744442910338,-0.301598298489816,-0.24965870712142835,-0.3073693641974147,-0.26120083853662557,-0.24965870712142835,-0.2727429699518229,-0.26120083853662557,-0.34776682415060506,-0.2900561670746188,-0.301598298489816,-0.3131404299050133,-0.2900561670746188,3.495762937110085,3.1610411260693647,
135,135,135,I,-0.34776682415060506,-0.2842851013670201,-0.3939353498113942,-0.3131404299050133,-0.34199575844300645,-0.2958272327822174,-0.24388764141382968,-0.2785140356594215,-0.2727429699518229,-0.32468256132021056,-0.2727429699518229,-0.2323455099986324,-0.428561744056986,-0.26120083853662557,-0.2958272327822174,-0.33045362702780917,-0.25542977282902696,-0.34776682415060506,-0.3362246927354078,-0.2900561670746188,-0.3189114956126119,-0.3189114956126119,3.2706913745137385,3.4438233457416976,
136,136,136,J,-0.34776682415060506,-0.2785140356594215,-0.3823932183961969,-0.3131404299050133,-0.301598298489816,-0.2842851013670201,-0.21503231287583652,-0.3073693641974147,-0.23811657570623104,-0.2900561670746188,-0.2842851013670201,-0.24965870712142835,-0.2900561670746188,-0.26697190424422423,-0.25542977282902696,-0.25542977282902696,-0.24965870712142835,-0.3362246927354078,-0.2900561670746188,-0.34776682415060506,-0.34776682415060506,-0.34776682415060506,3.4091969514961056,3.3284020315897247,
137,137,137,K,-0.26120083853662557,-0.3073693641974147,-0.2727429699518229,-0.2323455099986324,-0.24965870712142835,-0.25542977282902696,-0.26120083853662557,-0.21503231287583652,-0.2727429699518229,-0.2265744442910338,-0.19771911575304058,-0.23811657570623104,-0.2727429699518229,-0.2900561670746188,-0.2727429699518229,-0.24965870712142835,-0.26697190424422423,-0.2785140356594215,-0.3131404299050133,-0.33045362702780917,-0.3535378898582038,-0.2842851013670201,3.3457152287125207,3.201438586022555,
138,138,138,L,-0.2958272327822174,-0.3189114956126119,-0.3073693641974147,-0.2323455099986324,-0.2265744442910338,-0.26697190424422423,-0.2092612471682379,-0.24388764141382968,-0.22080337858343516,-0.25542977282902696,-0.17463485292264605,-0.2785140356594215,-0.26120083853662557,-0.3073693641974147,-0.4458749411797819,-0.3189114956126119,-0.2900561670746188,-0.3131404299050133,-0.24388764141382968,-0.365080021273401,-0.3362246927354078,-0.3189114956126119,3.1668121917769634,3.4322812143265002,
139,139,139,M,-0.301598298489816,-0.24388764141382968,-0.2958272327822174,-0.2900561670746188,-0.26697190424422423,-0.32468256132021056,-0.24965870712142835,-0.2323455099986324,-0.25542977282902696,-0.24388764141382968,-0.2265744442910338,-0.301598298489816,-0.2785140356594215,-0.301598298489816,-0.24388764141382968,-0.3362246927354078,-0.19771911575304058,-0.3362246927354078,-0.2958272327822174,-0.3593089555658024,-0.33045362702780917,-0.2900561670746188,3.357257360127718,3.4495944114492962,
140,140,140,N,-0.39970641551899283,-0.26697190424422423,-0.3189114956126119,-0.2958272327822174,-0.3189114956126119,-0.3073693641974147,-0.2092612471682379,-0.26120083853662557,-0.24965870712142835,-0.2265744442910338,-0.2092612471682379,-0.22080337858343516,-0.26697190424422423,-0.19194805004544194,-0.2727429699518229,-0.26697190424422423,-0.2842851013670201,-0.24388764141382968,-0.2785140356594215,-0.301598298489816,-0.3362246927354078,-0.2785140356594215,3.293775637344133,3.3514862944201194,
141,141,141,O,-0.34199575844300645,-0.26697190424422423,-0.3362246927354078,-0.24965870712142835,-0.2727429699518229,-0.22080337858343516,-0.2323455099986324,-0.24965870712142835,-0.23811657570623104,-0.24965870712142835,-0.26697190424422423,-0.2842851013670201,-0.22080337858343516,-0.24388764141382968,-0.2727429699518229,-0.24388764141382968,-0.23811657570623104,-0.2785140356594215,-0.3766221526885983,-0.33045362702780917,-0.38816428410379555,-0.3189114956126119,3.68620810546084,3.4899918714024865,
142,142,142,P,-0.33045362702780917,-0.301598298489816,-0.3535378898582038,-0.3189114956126119,-0.2958272327822174,-0.3535378898582038,-0.2900561670746188,-0.3189114956126119,-0.26120083853662557,-0.2785140356594215,-0.2958272327822174,-0.2958272327822174,-0.2842851013670201,-0.2842851013670201,-0.32468256132021056,-0.301598298489816,-0.3362246927354078,-0.2958272327822174,-0.3362246927354078,-0.34776682415060506,-0.32468256132021056,-0.3593089555658024,3.8420268795660033,3.749689828244425,
143,143,143,Plate information,,,,,,,,,,,,,,,,,,,,,,,,,
144,144,144,Plate,Repeat,Barcode,Measured height,Chamber temperature at start,Chamber temperature at end,Humidity at start,Humidity at end,Ambient temperature at start,Ambient temperature at end,Formula,Measurement date,,,,,,,,,,,,,,
145,145,145,4,1,"""=""""H2061400""""""",,,,,,,,Calc 1: Z' = 1 - ((3 * SD(High) + 3 * SD(Low)) / Abs(Avg(High) - Avg(Low))) where Label: Jez US LUM 384 (cps)(1) channel 1  High = Z_High  Low = Z_Low,3/22/2023 3:42:51 PM,,,,,,,,,,,,,,
146,146,146,Background information,,,,,,,,,,,,,,,,,,,,,,,,,
147,147,147,Plate,Label,Result,Signal,Flashes/Time,Meastime,MeasInfo,,,,,,,,,,,,,,,,,,,
148,148,148,4,Jez US LUM 384 (cps),0,8,0.1,00:00:00.000,De=USLum Ex=N/A Em=N/A Wdw=N/A (12),,,,,,,,,,,,,,,,,,,
149,149,149,Calculated results: Calc 1: Z' = 1 - ((3 * SD(High) + 3 * SD(Low)) / Abs(Avg(High) - Avg(Low))) where Label: Jez US LUM 384 (cps)(1) channel 1  High = Z_High  Low = Z_Low,,,,,,,,,,,,,,,,,,,,,,,,,
150,150,150,,01,02,03,04,05,06,07,08,09,10,11,12,13,14,15,16,17,18,19,20,21,22,23,24,
151,151,151,A,0.75257885877,0.75257885877,,,,,,,,,,,,,,,,,,,,,0.75257885877,0.75257885877,
152,152,152,B,0.75257885877,0.75257885877,,,,,,,,,,,,,,,,,,,,,0.75257885877,0.75257885877,
153,153,153,C,0.75257885877,0.75257885877,,,,,,,,,,,,,,,,,,,,,0.75257885877,0.75257885877,
154,154,154,D,0.75257885877,0.75257885877,,,,,,,,,,,,,,,,,,,,,0.75257885877,0.75257885877,
155,155,155,E,0.75257885877,0.75257885877,,,,,,,,,,,,,,,,,,,,,0.75257885877,0.75257885877,
156,156,156,F,0.75257885877,0.75257885877,,,,,,,,,,,,,,,,,,,,,0.75257885877,0.75257885877,
157,157,157,G,0.75257885877,0.75257885877,,,,,,,,,,,,,,,,,,,,,0.75257885877,0.75257885877,
158,158,158,H,0.75257885877,0.75257885877,,,,,,,,,,,,,,,,,,,,,0.75257885877,0.75257885877,
159,159,159,I,0.75257885877,0.75257885877,,,,,,,,,,,,,,,,,,,,,0.75257885877,0.75257885877,
160,160,160,J,0.75257885877,0.75257885877,,,,,,,,,,,,,,,,,,,,,0.75257885877,0.75257885877,
161,161,161,K,0.75257885877,0.75257885877,,,,,,,,,,,,,,,,,,,,,0.75257885877,0.75257885877,
162,162,162,L,0.75257885877,0.75257885877,,,,,,,,,,,,,,,,,,,,,0.75257885877,0.75257885877,
163,163,163,M,0.75257885877,0.75257885877,,,,,,,,,,,,,,,,,,,,,0.75257885877,0.75257885877,
164,164,164,N,0.75257885877,0.75257885877,,,,,,,,,,,,,,,,,,,,,0.75257885877,0.75257885877,
165,165,165,O,0.75257885877,0.75257885877,,,,,,,,,,,,,,,,,,,,,0.75257885877,0.75257885877,
166,166,166,P,0.75257885877,0.75257885877,,,,,,,,,,,,,,,,,,,,,0.75257885877,0.75257885877,
167,167,167,Plate information,,,,,,,,,,,,,,,,,,,,,,,,,
168,168,168,Plate,Repeat,Barcode,Measured height,Chamber temperature at start,Chamber temperature at end,Humidity at start,Humidity at end,Ambient temperature at start,Ambient temperature at end,Group,Label,ScanX,ScanY,Measinfo,Kinetics,Measurement date,,,,,,,,,
169,169,169,4,1,"""=""""H2061400""""""",14.01,17.7,17.82,47.5,47.5,18.1,18.11,1,Jez US LUM 384 (cps)(1),0,0,De=USLum Ex=N/A Em=N/A Wdw=N/A (12),0,3/22/2023 3:42:51 PM,,,,,,,,,
170,170,170,Background information,,,,,,,,,,,,,,,,,,,,,,,,,
171,171,171,Plate,Label,Result,Signal,Flashes/Time,Meastime,MeasInfo,,,,,,,,,,,,,,,,,,,
172,172,172,4,Jez US LUM 384 (cps),0,8,0.1,00:00:00.000,De=USLum Ex=N/A Em=N/A Wdw=N/A (12),,,,,,,,,,,,,,,,,,,
173,173,173,Results for Jez US LUM 384 (cps)(1) - channel 0 (CPS),,,,,,,,,,,,,,,,,,,,,,,,,
174,174,174,,01,02,03,04,05,06,07,08,09,10,11,12,13,14,15,16,17,18,19,20,21,22,23,24,
175,175,175,A,-0.3807084523738027,-0.3861073756957445,-0.3591127590860355,-0.3267192191543847,-0.3969052223396281,-0.33751706579826823,-0.3267192191543847,-0.31052244918855926,-0.3213202958324428,-0.3699106057299191,-0.3699106057299191,-0.2835278325788502,-0.34831491244215185,-0.3267192191543847,-0.33751706579826823,-0.3807084523738027,-0.2943256792227338,-0.3267192191543847,-0.33211814247632643,-0.4238998389493372,-0.3861073756957445,-0.36451168240797727,2.891039080722932,3.187979863429731,
176,176,176,B,-0.4023041456615699,-0.3861073756957445,-0.3699106057299191,-0.33751706579826823,-0.33751706579826823,-0.36451168240797727,-0.31052244918855926,-0.33751706579826823,-0.31052244918855926,-0.3213202958324428,-0.33211814247632643,0.002615103484065553,-0.2943256792227338,-0.2835278325788502,-0.2781289092569084,-0.2943256792227338,-0.34831491244215185,-0.2835278325788502,-0.42929876227127894,-0.36451168240797727,-0.35371383576409365,-0.315921372510501,2.9450283139423497,2.750667074352445,
177,177,177,C,-0.3591127590860355,-0.3807084523738027,-0.3591127590860355,-0.3699106057299191,-0.34831491244215185,-0.2997246025446756,-0.3051235258666174,-0.3591127590860355,-0.33211814247632643,-0.3213202958324428,-0.3267192191543847,-0.2511342926471994,-0.3051235258666174,-0.31052244918855926,-0.31052244918855926,-0.3051235258666174,-0.2997246025446756,-0.31052244918855926,-0.3699106057299191,-0.39150629901768635,-0.3969052223396281,-0.3861073756957445,3.139389553532255,2.9288315439765245,
178,178,178,D,-0.31052244918855926,-0.3267192191543847,-0.33211814247632643,-0.34831491244215185,-0.2835278325788502,-0.3591127590860355,-0.2835278325788502,-0.31052244918855926,-0.33211814247632643,-0.33751706579826823,-0.3051235258666174,-0.315921372510501,-0.36451168240797727,-0.2673310626130248,-0.2673310626130248,-0.35371383576409365,-0.36451168240797727,-0.33211814247632643,-0.33211814247632643,-0.3051235258666174,-0.37530952905186094,-0.3429159891202101,2.9018369273668156,2.918033697332641,
179,179,179,E,-0.2781289092569084,-0.2565332159691412,-0.37530952905186094,-0.0999644396328288,-0.2781289092569084,-0.2673310626130248,-0.2079429060716649,-0.24573536932525755,-0.24573536932525755,-0.22953859935943213,-0.2727299859349666,-0.24033644600331575,-0.22413967603749033,-0.2511342926471994,-0.315921372510501,-0.2835278325788502,-0.24573536932525755,-0.23493752268137394,-0.26193213929108294,-0.31052244918855926,-0.315921372510501,-0.2835278325788502,3.1177938602444875,3.6846808090483774,
180,180,180,F,-0.2943256792227338,-0.2781289092569084,-0.33751706579826823,-0.3051235258666174,-0.2565332159691412,-0.2727299859349666,-0.2025439827497231,-0.22953859935943213,-0.22413967603749033,-0.24033644600331575,-0.2997246025446756,-0.15935259617418862,-0.23493752268137394,-0.24573536932525755,-0.2025439827497231,-0.2997246025446756,-0.24033644600331575,-0.2781289092569084,-0.24033644600331575,-0.2565332159691412,-0.3267192191543847,-0.2943256792227338,3.171783093463906,3.4795217228145887,
181,181,181,G,-0.31052244918855926,-0.315921372510501,-0.33751706579826823,-0.2727299859349666,-0.26193213929108294,-0.3213202958324428,-0.24573536932525755,-0.2727299859349666,-0.2511342926471994,-0.23493752268137394,-0.23493752268137394,-0.2835278325788502,-0.26193213929108294,-0.24033644600331575,-0.2781289092569084,-0.13775690288642142,-0.24033644600331575,-0.36451168240797727,-0.315921372510501,-0.31052244918855926,-0.315921372510501,-0.33751706579826823,3.193378786751673,3.447128182882938,
182,182,182,H,-0.3429159891202101,-0.2835278325788502,-0.26193213929108294,-0.2781289092569084,-0.2511342926471994,-0.2835278325788502,-0.2511342926471994,-0.2943256792227338,-0.2673310626130248,-0.26193213929108294,-0.1917461361058395,-0.2673310626130248,-0.24033644600331575,-0.2025439827497231,-0.2997246025446756,-0.26193213929108294,-0.2943256792227338,-0.2511342926471994,-0.3213202958324428,-0.2835278325788502,-0.315921372510501,-0.3699106057299191,3.587500189253425,3.6198937291850757,
183,183,183,I,-0.36451168240797727,-0.3969052223396281,-0.31052244918855926,-0.2997246025446756,-0.288926755900792,-0.2673310626130248,-0.315921372510501,-0.33751706579826823,-0.24573536932525755,-0.2997246025446756,-0.288926755900792,-0.3051235258666174,-0.3213202958324428,-0.3051235258666174,-0.22953859935943213,-0.24573536932525755,-0.3267192191543847,-0.3267192191543847,-0.26193213929108294,-0.3429159891202101,-0.34831491244215185,-0.3591127590860355,3.247368019971091,3.360745409731869,
184,184,184,J,-0.33211814247632643,-0.35371383576409365,-0.3699106057299191,-0.3267192191543847,-0.288926755900792,-0.3213202958324428,-0.31052244918855926,-0.3051235258666174,-0.26193213929108294,0.12679033988872707,-0.2943256792227338,-0.23493752268137394,-0.2781289092569084,-0.315921372510501,-0.2511342926471994,-0.3213202958324428,-0.315921372510501,-0.3213202958324428,-0.36451168240797727,-0.315921372510501,-0.3591127590860355,-0.37530952905186094,3.4039367963074034,3.3337507931221597,
185,185,185,K,-0.33211814247632643,-0.31052244918855926,-0.35371383576409365,-0.288926755900792,-0.33211814247632643,-0.33211814247632643,-0.21874075271554852,-0.2997246025446756,-0.2133418293936067,-0.2727299859349666,-0.3051235258666174,-0.2565332159691412,-0.22953859935943213,-0.2727299859349666,-0.2835278325788502,-0.2673310626130248,-0.24033644600331575,-0.288926755900792,-0.288926755900792,-0.315921372510501,-0.34831491244215185,-0.2511342926471994,3.66308511576061,3.355346486409927,
186,186,186,L,-0.3429159891202101,-0.36451168240797727,-0.315921372510501,-0.36451168240797727,-0.3051235258666174,-0.33211814247632643,-0.2079429060716649,-0.2781289092569084,-0.3051235258666174,-0.2835278325788502,-0.2943256792227338,-0.2727299859349666,-0.3429159891202101,-0.2835278325788502,-0.2835278325788502,-0.2781289092569084,-0.2565332159691412,-0.33211814247632643,-0.2727299859349666,-0.33211814247632643,-0.3591127590860355,-0.2727299859349666,3.5173141860681816,3.4795217228145887,
187,187,187,M,-0.34831491244215185,-0.31052244918855926,-0.26193213929108294,-0.2781289092569084,-0.2835278325788502,-0.315921372510501,-0.26193213929108294,-0.2781289092569084,-0.2727299859349666,-0.23493752268137394,-0.2781289092569084,-0.2835278325788502,-0.2565332159691412,-0.2781289092569084,-0.33211814247632643,-0.3591127590860355,-0.2997246025446756,-0.3213202958324428,-0.2565332159691412,-0.2997246025446756,-0.2673310626130248,-0.3591127590860355,3.5982980358973085,3.3013572531905093,
188,188,188,N,-0.315921372510501,-0.2781289092569084,-0.315921372510501,-0.3267192191543847,-0.2997246025446756,-0.2727299859349666,-0.2511342926471994,-0.2997246025446756,-0.315921372510501,-0.21874075271554852,-0.2943256792227338,-0.2079429060716649,-0.315921372510501,-0.2997246025446756,-0.2673310626130248,-0.3213202958324428,-0.2727299859349666,-0.2835278325788502,-0.31052244918855926,-0.2943256792227338,-0.315921372510501,-0.33751706579826823,3.3661443330538106,3.080001396990895,
189,189,189,O,-0.3213202958324428,-0.31052244918855926,-0.33211814247632643,-0.288926755900792,-0.24033644600331575,-0.3429159891202101,-0.315921372510501,-0.26193213929108294,-0.26193213929108294,-0.2997246025446756,-0.288926755900792,-0.2511342926471994,-0.2943256792227338,-0.24573536932525755,-0.33751706579826823,-0.2997246025446756,-0.3429159891202101,-0.2781289092569084,-0.23493752268137394,-0.36451168240797727,-0.26193213929108294,-0.3267192191543847,3.328351869800218,3.528112032712065,
190,190,190,P,-0.3699106057299191,-0.33751706579826823,-0.31052244918855926,-0.35371383576409365,-0.3267192191543847,-0.2727299859349666,-0.3213202958324428,-0.2943256792227338,-0.3267192191543847,-0.31052244918855926,-0.2943256792227338,-0.31052244918855926,-0.3051235258666174,-0.31052244918855926,-0.2673310626130248,-0.3699106057299191,-0.2781289092569084,-0.26193213929108294,-0.3213202958324428,-0.3051235258666174,-0.37530952905186094,-0.3591127590860355,3.328351869800218,3.700877579014203,
191,191,191,Plate information,,,,,,,,,,,,,,,,,,,,,,,,,
192,192,192,Plate,Repeat,Barcode,Measured height,Chamber temperature at start,Chamber temperature at end,Humidity at start,Humidity at end,Ambient temperature at start,Ambient temperature at end,Formula,Measurement date,,,,,,,,,,,,,,
193,193,193,5,1,"""=""""H2061402""""""",,,,,,,,Calc 1: Z' = 1 - ((3 * SD(High) + 3 * SD(Low)) / Abs(Avg(High) - Avg(Low))) where Label: Jez US LUM 384 (cps)(1) channel 1  High = Z_High  Low = Z_Low,3/22/2023 3:44:27 PM,,,,,,,,,,,,,,
194,194,194,Background information,,,,,,,,,,,,,,,,,,,,,,,,,
195,195,195,Plate,Label,Result,Signal,Flashes/Time,Meastime,MeasInfo,,,,,,,,,,,,,,,,,,,
196,196,196,5,Jez US LUM 384 (cps),0,0,0.1,00:00:00.000,De=USLum Ex=N/A Em=N/A Wdw=N/A (12),,,,,,,,,,,,,,,,,,,
197,197,197,Calculated results: Calc 1: Z' = 1 - ((3 * SD(High) + 3 * SD(Low)) / Abs(Avg(High) - Avg(Low))) where Label: Jez US LUM 384 (cps)(1) channel 1  High = Z_High  Low = Z_Low,,,,,,,,,,,,,,,,,,,,,,,,,
198,198,198,,01,02,03,04,05,06,07,08,09,10,11,12,13,14,15,16,17,18,19,20,21,22,23,24,
199,199,199,A,0.71362459761,0.71362459761,,,,,,,,,,,,,,,,,,,,,0.71362459761,0.71362459761,
200,200,200,B,0.71362459761,0.71362459761,,,,,,,,,,,,,,,,,,,,,0.71362459761,0.71362459761,
201,201,201,C,0.71362459761,0.71362459761,,,,,,,,,,,,,,,,,,,,,0.71362459761,0.71362459761,
202,202,202,D,0.71362459761,0.71362459761,,,,,,,,,,,,,,,,,,,,,0.71362459761,0.71362459761,
203,203,203,E,0.71362459761,0.71362459761,,,,,,,,,,,,,,,,,,,,,0.71362459761,0.71362459761,
204,204,204,F,0.71362459761,0.71362459761,,,,,,,,,,,,,,,,,,,,,0.71362459761,0.71362459761,
205,205,205,G,0.71362459761,0.71362459761,,,,,,,,,,,,,,,,,,,,,0.71362459761,0.71362459761,
206,206,206,H,0.71362459761,0.71362459761,,,,,,,,,,,,,,,,,,,,,0.71362459761,0.71362459761,
207,207,207,I,0.71362459761,0.71362459761,,,,,,,,,,,,,,,,,,,,,0.71362459761,0.71362459761,
208,208,208,J,0.71362459761,0.71362459761,,,,,,,,,,,,,,,,,,,,,0.71362459761,0.71362459761,
209,209,209,K,0.71362459761,0.71362459761,,,,,,,,,,,,,,,,,,,,,0.71362459761,0.71362459761,
210,210,210,L,0.71362459761,0.71362459761,,,,,,,,,,,,,,,,,,,,,0.71362459761,0.71362459761,
211,211,211,M,0.71362459761,0.71362459761,,,,,,,,,,,,,,,,,,,,,0.71362459761,0.71362459761,
212,212,212,N,0.71362459761,0.71362459761,,,,,,,,,,,,,,,,,,,,,0.71362459761,0.71362459761,
213,213,213,O,0.71362459761,0.71362459761,,,,,,,,,,,,,,,,,,,,,0.71362459761,0.71362459761,
214,214,214,P,0.71362459761,0.71362459761,,,,,,,,,,,,,,,,,,,,,0.71362459761,0.71362459761,
215,215,215,Plate information,,,,,,,,,,,,,,,,,,,,,,,,,
216,216,216,Plate,Repeat,Barcode,Measured height,Chamber temperature at start,Chamber temperature at end,Humidity at start,Humidity at end,Ambient temperature at start,Ambient temperature at end,Group,Label,ScanX,ScanY,Measinfo,Kinetics,Measurement date,,,,,,,,,
217,217,217,5,1,"""=""""H2061402""""""",14.01,17.8,17.82,47.5,48,18.2,18.21,1,Jez US LUM 384 (cps)(1),0,0,De=USLum Ex=N/A Em=N/A Wdw=N/A (12),0,3/22/2023 3:44:27 PM,,,,,,,,,
218,218,218,Background information,,,,,,,,,,,,,,,,,,,,,,,,,
219,219,219,Plate,Label,Result,Signal,Flashes/Time,Meastime,MeasInfo,,,,,,,,,,,,,,,,,,,
220,220,220,5,Jez US LUM 384 (cps),0,0,0.1,00:00:00.000,De=USLum Ex=N/A Em=N/A Wdw=N/A (12),,,,,,,,,,,,,,,,,,,
221,221,221,Results for Jez US LUM 384 (cps)(1) - channel 0 (CPS),,,,,,,,,,,,,,,,,,,,,,,,,
222,222,222,,01,02,03,04,05,06,07,08,09,10,11,12,13,14,15,16,17,18,19,20,21,22,23,24,
223,223,223,A,-0.31963170289996884,-0.31963170289996884,-0.35511406919199473,-0.2892182460782323,-0.38045861654344193,-0.2942871555485217,-0.33483843131083707,-0.31963170289996884,-0.2942871555485217,-0.3399073407811265,-0.3297695218405477,-0.35004515972170536,-0.3297695218405477,-0.35511406919199473,-0.3145627934296794,-0.3145627934296794,-0.3399073407811265,-0.3601829786622842,-0.2993560650188112,-0.34497625025141593,-0.38045861654344193,-0.32470061237025827,2.6862316129816586,2.4175794110563182,
224,224,224,B,-0.2993560650188112,-0.36525188813257364,-0.35004515972170536,-0.3399073407811265,-0.33483843131083707,-0.2841493366079429,-0.3399073407811265,-0.26894260819707466,-0.35511406919199473,-0.31963170289996884,-0.2892182460782323,-0.3044249744891006,-0.30949388395939,-0.3601829786622842,-0.27908042713765346,-0.3297695218405477,-0.32470061237025827,-0.36525188813257364,-0.36525188813257364,-0.34497625025141593,-0.370320797602863,-0.3855275260137313,2.554439966754133,2.488544143640371,
225,225,225,C,-0.34497625025141593,-0.3855275260137313,-0.3601829786622842,-0.31963170289996884,-0.3399073407811265,-0.27401151766736404,-0.3145627934296794,-0.26894260819707466,-0.2841493366079429,-0.3145627934296794,-0.2892182460782323,-0.3044249744891006,-0.34497625025141593,-0.33483843131083707,-0.3855275260137313,-0.2993560650188112,-0.3399073407811265,-0.30949388395939,-0.33483843131083707,-0.33483843131083707,-0.2993560650188112,-0.3044249744891006,2.3618214068831347,2.382097044764292,
226,226,226,D,-0.36525188813257364,-0.34497625025141593,-0.33483843131083707,-0.34497625025141593,-0.3044249744891006,-0.3297695218405477,-0.3145627934296794,-0.2892182460782323,-0.27908042713765346,-0.2841493366079429,-0.2942871555485217,-0.34497625025141593,-0.3145627934296794,-0.26894260819707466,-0.31963170289996884,-0.3399073407811265,-0.3399073407811265,-0.2892182460782323,-0.37538970707315245,-0.36525188813257364,-0.33483843131083707,-0.3601829786622842,2.5037508720512385,2.5443021478135543,
227,227,227,E,-0.2841493366079429,-0.2841493366079429,-0.2993560650188112,-0.2334602419050487,-0.20304678508331211,-0.213184604023891,-0.19290896614273328,-0.24866697031591695,-0.2385291513753381,-0.2334602419050487,-0.20811569455360157,-0.213184604023891,-0.2892182460782323,-0.18784005667244388,-0.24359806084562752,-0.2334602419050487,-0.24866697031591695,-0.27908042713765346,-0.3044249744891006,-0.30949388395939,-0.2537358797862064,-0.2537358797862064,2.7521274360954204,3.0613309137830753,
228,228,228,F,-0.24866697031591695,-0.2993560650188112,-0.25880478925649575,-0.2993560650188112,-0.24866697031591695,-0.213184604023891,-0.25880478925649575,-0.2638736987267852,-0.2942871555485217,-0.22839133243475923,-0.2537358797862064,-0.2537358797862064,-0.22839133243475923,-0.213184604023891,-0.20304678508331211,-0.2638736987267852,-0.2182535134941804,-0.2385291513753381,-0.25880478925649575,-0.27908042713765346,-0.2537358797862064,-0.31963170289996884,3.010641819080181,2.9244703580852613,
229,229,229,G,-0.3145627934296794,-0.36525188813257364,-0.2841493366079429,-0.27401151766736404,-0.2993560650188112,-0.2182535134941804,-0.24866697031591695,-0.2638736987267852,-0.27908042713765346,-0.24359806084562752,-0.1726333282615756,-0.2993560650188112,-0.2942871555485217,-0.26894260819707466,-0.2385291513753381,-0.2385291513753381,-0.2841493366079429,-0.2841493366079429,-0.32470061237025827,-0.33483843131083707,-0.30949388395939,-0.34497625025141593,2.8332299876200513,2.6862316129816586,
230,230,230,H,-0.2892182460782323,-0.30949388395939,-0.2892182460782323,-0.2942871555485217,-0.20811569455360157,-0.2993560650188112,-0.2993560650188112,-0.27401151766736404,-0.27401151766736404,-0.2537358797862064,-0.2537358797862064,-0.31963170289996884,-0.2182535134941804,-0.213184604023891,-0.36525188813257364,-0.3399073407811265,-0.2942871555485217,-0.2841493366079429,-0.2942871555485217,-0.30949388395939,-0.38045861654344193,-0.2993560650188112,2.6507492466896325,2.8737812633823667,
231,231,231,I,-0.30949388395939,-0.33483843131083707,-0.3145627934296794,-0.3297695218405477,-0.33483843131083707,-0.2638736987267852,-0.31963170289996884,-0.20304678508331211,-0.2334602419050487,-0.2892182460782323,-0.25880478925649575,-0.2334602419050487,-0.2942871555485217,-0.27401151766736404,-0.2841493366079429,-0.2841493366079429,-0.3297695218405477,-0.26894260819707466,-0.27401151766736404,-0.3145627934296794,-0.27908042713765346,-0.370320797602863,2.6456803372193427,2.6659559751005,
232,232,232,J,-0.31963170289996884,-0.32470061237025827,-0.34497625025141593,-0.27401151766736404,-0.2942871555485217,-0.2537358797862064,-0.3297695218405477,-0.2334602419050487,-0.2537358797862064,-0.27908042713765346,-0.2892182460782323,-0.2638736987267852,-0.3145627934296794,-0.27908042713765346,-0.2537358797862064,-0.24359806084562752,-0.30949388395939,-0.2892182460782323,-0.30949388395939,-0.3044249744891006,-0.2942871555485217,-0.2841493366079429,2.7267828887439736,3.041055275901918,
233,233,233,K,-0.27908042713765346,-0.30949388395939,-0.3145627934296794,-0.31963170289996884,-0.24866697031591695,-0.22332242296446983,-0.2638736987267852,-0.2182535134941804,-0.2537358797862064,-0.2385291513753381,-0.1979778756130227,-0.2334602419050487,9.94490997443611,-0.24359806084562752,-0.2841493366079429,-0.2942871555485217,-0.3044249744891006,-0.2993560650188112,-0.2841493366079429,-0.31963170289996884,-0.27401151766736404,-0.30949388395939,2.57978451410558,2.9244703580852613,
234,234,234,L,-0.3044249744891006,-0.3297695218405477,0.08588105472318486,-0.35004515972170536,-0.2537358797862064,-0.2334602419050487,-0.3044249744891006,-0.2638736987267852,-0.2537358797862064,-0.25880478925649575,-0.25880478925649575,-0.3399073407811265,-0.17770223773186505,-0.2537358797862064,-0.24359806084562752,-0.2638736987267852,-0.2537358797862064,-0.26894260819707466,-0.2942871555485217,-0.31963170289996884,-0.31963170289996884,-0.2892182460782323,2.975159452788155,3.0157107285504705,
235,235,235,M,-0.2385291513753381,-0.213184604023891,-0.2942871555485217,-0.20811569455360157,-0.2638736987267852,-0.2385291513753381,-0.2638736987267852,-0.2638736987267852,-0.2334602419050487,-0.25880478925649575,-0.27401151766736404,-0.213184604023891,-0.27908042713765346,-0.26894260819707466,-0.3044249744891006,-0.2993560650188112,-0.2385291513753381,-0.30949388395939,-0.2993560650188112,-0.2993560650188112,-0.24359806084562752,-0.3044249744891006,3.0005040001396024,3.0157107285504705,
236,236,236,N,-0.2942871555485217,-0.2638736987267852,-0.25880478925649575,-0.26894260819707466,-0.2385291513753381,-0.24866697031591695,-0.24359806084562752,-0.2334602419050487,-0.2537358797862064,-0.2334602419050487,-0.2638736987267852,-0.3145627934296794,-0.1979778756130227,-0.3044249744891006,-0.2385291513753381,-0.26894260819707466,-0.2892182460782323,-0.2334602419050487,-0.2892182460782323,-0.2841493366079429,-0.31963170289996884,-0.25880478925649575,3.269156202064942,3.0562620043127855,
237,237,237,O,-0.24866697031591695,-0.27908042713765346,-0.20811569455360157,-0.26894260819707466,-0.2892182460782323,-0.3044249744891006,-0.2638736987267852,-0.2334602419050487,-0.2942871555485217,-0.15235769038041794,-0.24866697031591695,-0.24359806084562752,-0.1675644187912862,-0.26894260819707466,-0.26894260819707466,-0.22839133243475923,-0.27908042713765346,-0.2334602419050487,-0.27908042713765346,-0.22839133243475923,-0.25880478925649575,-0.27401151766736404,2.8737812633823667,2.939677086496129,
238,238,238,P,-0.3044249744891006,-0.31963170289996884,-0.34497625025141593,-0.2892182460782323,-0.26894260819707466,-0.2892182460782323,-0.20304678508331211,-0.2638736987267852,-0.25880478925649575,-0.2841493366079429,-0.2638736987267852,-0.26894260819707466,-0.26894260819707466,-0.22332242296446983,-0.24866697031591695,-0.27401151766736404,-0.20304678508331211,-0.2993560650188112,-0.33483843131083707,-0.2993560650188112,-0.2892182460782323,-0.34497625025141593,3.380672210411309,3.0968132800751014,
239,239,239,Basic assay information,,,,,,,,,,,,,,,,,,,,,,,,,
240,240,240,Assay ID: ,,,,540,,,,,,,,,,,,,,,,,,,,,
241,241,241,Assay Started: ,,,,3/22/2023 3:36:25 PM,,,,,,,,,,,,,,,,,,,,,
242,242,242,Assay Finished: ,,,,3/22/2023 3:44:45 PM,,,,,,,,,,,,,,,,,,,,,
243,243,243,Assay Exported: ,,,,3/23/2023 7:04:16 PM,,,,,,,,,,,,,,,,,,,,,
244,244,244,Protocol ID: ,,,,100135,,,,,,,,,,,,,,,,,,,,,
245,245,245,Protocol Name: ,,,,Klein lab BTG,,,,,,,,,,,,,,,,,,,,,
246,246,246,Serial#: ,,,,,,,,,,,,,,,,,,,,,,,,,
247,247,247,Protocol information,,,,,,,,,,,,,,,,,,,,,,,,,
248,248,248,Protocol:,,,,,,,,,,,,,,,,,,,,,,,,,
249,249,249,Protocol name,,,,Klein lab BTG,,,,,,,,,,,,,,,,,,,,,
250,250,250,Number of assay repeats,,,,1,,,,,,,,,,,,,,,,,,,,,
251,251,251,Start assay repeat each,,,,,,,,,,,,,,,,,,,,,,,,,
252,252,252,Number of plate repeats,,,,1,,,,,,,,,,,,,,,,,,,,,
253,253,253,Start plate repeat each,,,,,,,,,,,,,,,,,,,,,,,,,
254,254,254,Is label meas. height used,,,,Yes,,,,,,,,,,,,,,,,,,,,,
255,255,255,Height of measurement,,,,Defined in label,,,,,,,,,,,,,,,,,,,,,
256,256,256,Is gripper height used,,,,No,,,,,,,,,,,,,,,,,,,,,
257,257,257,Mode of measurement,,,,By Rows  bi-directional,,,,,,,,,,,,,,,,,,,,,
258,258,258,Rotated plate,,,,No,,,,,,,,,,,,,,,,,,,,,
259,259,259,Soft move,,,,No,,,,,,,,,,,,,,,,,,,,,
260,260,260,Protocol notes,,,,,,,,,,,,,,,,,,,,,,,,,
261,261,261,Plate type:,,,,,,,,,,,,,,,,,,,,,,,,,
262,262,262,Name of the plate type,,,,384 Nunc Maxisorp 460372,,,,,,,,,,,,,,,,,,,,,
263,263,263,Number of rows,,,,16,,,,,,,,,,,,,,,,,,,,,
264,264,264,Number of columns,,,,24,,,,,,,,,,,,,,,,,,,,,
265,265,265,Number of the wells in the plate,,,,384,,,,,,,,,,,,,,,,,,,,,
266,266,266,Height of the plate,,,,14.4 mm,,,,,,,,,,,,,,,,,,,,,
267,267,267,Coordinates of corners:,,,,,,,,,,,,,,,,,,,,,,,,,
268,268,268,384 Nunc Maxisorp 460372 + Jez US LUM 384 (cps),,,,,,,,,,,,,,,,,,,,,,,,,
269,269,269,11.88 mm x------------------------------------------------------ x 115.3 mm,,,,,,,,,,,,,,,,,,,,,,,,,
270,270,270,9.09 mm                                                            9.11 mm,,,,,,,,,,,,,,,,,,,,,,,,,
271,271,271,11.83 mm x------------------------------------------------------ x 115.43 mm,,,,,,,,,,,,,,,,,,,,,,,,,
272,272,272,76.51 mm                                                           76.32 mm,,,,,,,,,,,,,,,,,,,,,,,,,
273,273,273,Platemap:,,,,,,,,,,,,,,,,,,,,,,,,,
274,274,274,Plate,,,,1,,,,,,,,,,,,,,,,,,,,,
275,275,275,Group,,,,1,,,,,,,,,,,,,,,,,,,,,
276,276,276,,01,02,03,04,05,06,07,08,09,10,11,12,13,14,15,16,17,18,19,20,21,22,23,24,
277,277,277,A,ZL,ZL,- ,- ,- ,- ,- ,- ,- ,- ,- ,- ,- ,- ,- ,- ,- ,- ,- ,- ,- ,- ,ZH,ZH,
278,278,278,B,ZL,ZL,- ,- ,- ,- ,- ,- ,- ,- ,- ,- ,- ,- ,- ,- ,- ,- ,- ,- ,- ,- ,ZH,ZH,
279,279,279,C,ZL,ZL,- ,- ,- ,- ,- ,- ,- ,- ,- ,- ,- ,- ,- ,- ,- ,- ,- ,- ,- ,- ,ZH,ZH,
280,280,280,D,ZL,ZL,- ,- ,- ,- ,- ,- ,- ,- ,- ,- ,- ,- ,- ,- ,- ,- ,- ,- ,- ,- ,ZH,ZH,
281,281,281,E,ZL,ZL,- ,- ,- ,- ,- ,- ,- ,- ,- ,- ,- ,- ,- ,- ,- ,- ,- ,- ,- ,- ,ZH,ZH,
282,282,282,F,ZL,ZL,- ,- ,- ,- ,- ,- ,- ,- ,- ,- ,- ,- ,- ,- ,- ,- ,- ,- ,- ,- ,ZH,ZH,
283,283,283,G,ZL,ZL,- ,- ,- ,- ,- ,- ,- ,- ,- ,- ,- ,- ,- ,- ,- ,- ,- ,- ,- ,- ,ZH,ZH,
284,284,284,H,ZL,ZL,- ,- ,- ,- ,- ,- ,- ,- ,- ,- ,- ,- ,- ,- ,- ,- ,- ,- ,- ,- ,ZH,ZH,
285,285,285,I,ZL,ZL,- ,- ,- ,- ,- ,- ,- ,- ,- ,- ,- ,- ,- ,- ,- ,- ,- ,- ,- ,- ,ZH,ZH,
286,286,286,J,ZL,ZL,- ,- ,- ,- ,- ,- ,- ,- ,- ,- ,- ,- ,- ,- ,- ,- ,- ,- ,- ,- ,ZH,ZH,
287,287,287,K,ZL,ZL,- ,- ,- ,- ,- ,- ,- ,- ,- ,- ,- ,- ,- ,- ,- ,- ,- ,- ,- ,- ,ZH,ZH,
288,288,288,L,ZL,ZL,- ,- ,- ,- ,- ,- ,- ,- ,- ,- ,- ,- ,- ,- ,- ,- ,- ,- ,- ,- ,ZH,ZH,
289,289,289,M,ZL,ZL,- ,- ,- ,- ,- ,- ,- ,- ,- ,- ,- ,- ,- ,- ,- ,- ,- ,- ,- ,- ,ZH,ZH,
290,290,290,N,ZL,ZL,- ,- ,- ,- ,- ,- ,- ,- ,- ,- ,- ,- ,- ,- ,- ,- ,- ,- ,- ,- ,ZH,ZH,
291,291,291,O,ZL,ZL,- ,- ,- ,- ,- ,- ,- ,- ,- ,- ,- ,- ,- ,- ,- ,- ,- ,- ,- ,- ,ZH,ZH,
292,292,292,P,ZL,ZL,- ,- ,- ,- ,- ,- ,- ,- ,- ,- ,- ,- ,- ,- ,- ,- ,- ,- ,- ,- ,ZH,ZH,
293,293,293,ZL - Z_Low,,,,,,,,,,,,,,,,,,,,,,,,,
294,294,294,- - Undefined,,,,,,,,,,,,,,,,,,,,,,,,,
295,295,295,ZH - Z_High,,,,,,,,,,,,,,,,,,,,,,,,,
296,296,296,Calculations:,,,,,,,,,,,,,,,,,,,,,,,,,
297,297,297,Plate,,,,1,,,,,,,,,,,,,,,,,,,,,
298,298,298,Formula index,,,,Calc 1,,,,,,,,,,,,,,,,,,,,,
299,299,299,Formula name,,,,Z',,,,,,,,,,,,,,,,,,,,,
300,300,300,Formula,,,,1 - ((3 * SD(High) + 3 * SD(Low)) / Abs(Avg(High) - Avg(Low))) where Label: Jez US LUM 384 (cps)(1) channel 1  High = Z_High  Low = Z_Low,,,,,,,,,,,,,,,,,,,,,
301,301,301,Auto export parameters:,,,,,,,,,,,,,,,,,,,,,,,,,
302,302,302,Export format,,,,Plate2,,,,,,,,,,,,,,,,,,,,,
303,303,303,Include basic assay information,,,,Yes,,,,,,,,,,,,,,,,,,,,,
304,304,304,Place assay information at,,,,End of file,,,,,,,,,,,,,,,,,,,,,
305,305,305,Include basic plate information,,,,Yes,,,,,,,,,,,,,,,,,,,,,
306,306,306,Place plate information at,,,,Beginning of plate,,,,,,,,,,,,,,,,,,,,,
307,307,307,Include protocol information,,,,Yes,,,,,,,,,,,,,,,,,,,,,
308,308,308,Protocol info level,,,,Large,,,,,,,,,,,,,,,,,,,,,
309,309,309,Include error and warning information,,,,Yes,,,,,,,,,,,,,,,,,,,,,
310,310,310,Include background information,,,,Yes,,,,,,,,,,,,,,,,,,,,,
311,311,311,Add plate number to the file name,,,,Yes,,,,,,,,,,,,,,,,,,,,,
312,312,312,Each plate to separate file,,,,No,,,,,,,,,,,,,,,,,,,,,
313,313,313,Field separator to use,,,,System,,,,,,,,,,,,,,,,,,,,,
314,314,314,File name format,,,,<DefaultDataFolder>\<Date>\<ProtocolName>_<AssayID>.csv,,,,,,,,,,,,,,,,,,,,,
315,315,315,Operations:,,,,,,,,,,,,,,,,,,,,,,,,,
316,316,316,Plate 1,,,,,,,,,,,,,,,,,,,,,,,,,
317,317,317,Group 1,,,,,,,,,,,,,,,,,,,,,,,,,
318,318,318,Measurement,,,,,,,,,,,,,,,,,,,,,,,,,
319,319,319,Label,,,,Jez US LUM 384 (cps)(1),,,,,,,,,,,,,,,,,,,,,
320,320,320,Labels:,,,,,,,,,,,,,,,,,,,,,,,,,
321,321,321,Jez US LUM 384 (cps),,,,7000006,,,,,,,,,,,,,,,,,,,,,
322,322,322,Measurement height,,,,0 mm,,,,,,,,,,,,,,,,,,,,,
323,323,323,Measurement time,,,,0.1 s,,,,,,,,,,,,,,,,,,,,,
324,324,324,CT,,,,0,,,,,,,,,,,,,,,,,,,,,
325,325,325,Aperture,,,,384 Plate US Luminescence aperture,,,,,,,,,,,,,,,,,,,,,
326,326,326,Last edited,,,,3/2/2023 11:21:54 AM,,,,,,,,,,,,,,,,,,,,,
327,327,327,Last edited by,,,,EnVision,,,,,,,,,,,,,,,,,,,,,
328,328,328,Factory preset,,,,No,,,,,,,,,,,,,,,,,,,,,
329,329,329,Aperture:,,,,,,,,,,,,,,,,,,,,,,,,,
330,330,330,384 Plate US Luminescence aperture,,,,9,,,,,,,,,,,,,,,,,,,,,
331,331,331,Height,,,,4.2 mm,,,,,,,,,,,,,,,,,,,,,
332,332,332,Diameter,,,,3.7 mm,,,,,,,,,,,,,,,,,,,,,
333,333,333,Description,,,,Can also be used in 96 plate,,,,,,,,,,,,,,,,,,,,,
334,334,334,Last edited,,,,3/9/2022 5:22:33 PM,,,,,,,,,,,,,,,,,,,,,
335,335,335,Last edited by,,,,Installation,,,,,,,,,,,,,,,,,,,,,
336,336,336,Factory preset,,,,Yes,,,,,,,,,,,,,,,,,,,,,
337,337,337,Instrument:,,,,,,,,,,,,,,,,,,,,,,,,,
338,338,338,Serial number,,,,1051054,,,,,,,,,,,,,,,,,,,,,
339,339,339,Nickname,,,,EnVision#Alpha_680nm,,,,,,,,,,,,,,,,,,,,,
340,340,340,Normalization:,,,,,,,,,,,,,,,,,,,,,,,,,
341,341,341,Assay notifications:,,,,,,,,,,,,,,,,,,,,,,,,,
342,342,342,WARNING: Warning while loading plate. Stacker out of plates. Plate 5 Plate Repeat 1 Well P01,,,,,,,,,,,,,,,,,,,,,,,,,
343,343,343,Exported with EnVision Workstation version 1.14.3049.1193,,,,,,,,,,,,,,,,,,,,,,,,,
