,Unnamed: 0,0,1,2,3,4,5,6,7,8,9,10,11,12,13,14,15,16,17,18,19,20,21,22,23,24,25
0,0,Plate,Repeat,Barcode,Measured height,Chamber temperature at start,Chamber temperature at end,Humidity at start,Humidity at end,Ambient temperature at start,Ambient temperature at end,Formula,Measurement date,,,,,,,,,,,,,,
1,1,1,1,"""=""""H2061394""""""",,,,,,,,Calc 1: Z' = 1 - ((3 * SD(High) + 3 * SD(Low)) / Abs(Avg(High) - Avg(Low))) where Label: Jez US LUM 384 (cps)(1) channel 1  High = Z_High  Low = Z_Low,3/22/2023 3:38:03 PM,,,,,,,,,,,,,,
2,2,Background information,,,,,,,,,,,,,,,,,,,,,,,,,
3,3,Plate,Label,Result,Signal,Flashes/Time,Meastime,MeasInfo,,,,,,,,,,,,,,,,,,,
4,4,1,Jez US LUM 384 (cps),0,16,0.1,00:00:00.000,De=USLum Ex=N/A Em=N/A Wdw=N/A (12),,,,,,,,,,,,,,,,,,,
5,5,Calculated results: Calc 1: Z' = 1 - ((3 * SD(High) + 3 * SD(Low)) / Abs(Avg(High) - Avg(Low))) where Label: Jez US LUM 384 (cps)(1) channel 1  High = Z_High  Low = Z_Low,,,,,,,,,,,,,,,,,,,,,,,,,
6,6,,01,02,03,04,05,06,07,08,09,10,11,12,13,14,15,16,17,18,19,20,21,22,23,24,
7,7,A,0.54733317777,0.54733317777,,,,,,,,,,,,,,,,,,,,,0.54733317777,0.54733317777,
8,8,B,0.54733317777,0.54733317777,,,,,,,,,,,,,,,,,,,,,0.54733317777,0.54733317777,
9,9,C,0.54733317777,0.54733317777,,,,,,,,,,,,,,,,,,,,,0.54733317777,0.54733317777,
10,10,D,0.54733317777,0.54733317777,,,,,,,,,,,,,,,,,,,,,0.54733317777,0.54733317777,
11,11,E,0.54733317777,0.54733317777,,,,,,,,,,,,,,,,,,,,,0.54733317777,0.54733317777,
12,12,F,0.54733317777,0.54733317777,,,,,,,,,,,,,,,,,,,,,0.54733317777,0.54733317777,
13,13,G,0.54733317777,0.54733317777,,,,,,,,,,,,,,,,,,,,,0.54733317777,0.54733317777,
14,14,H,0.54733317777,0.54733317777,,,,,,,,,,,,,,,,,,,,,0.54733317777,0.54733317777,
15,15,I,0.54733317777,0.54733317777,,,,,,,,,,,,,,,,,,,,,0.54733317777,0.54733317777,
16,16,J,0.54733317777,0.54733317777,,,,,,,,,,,,,,,,,,,,,0.54733317777,0.54733317777,
17,17,K,0.54733317777,0.54733317777,,,,,,,,,,,,,,,,,,,,,0.54733317777,0.54733317777,
18,18,L,0.54733317777,0.54733317777,,,,,,,,,,,,,,,,,,,,,0.54733317777,0.54733317777,
19,19,M,0.54733317777,0.54733317777,,,,,,,,,,,,,,,,,,,,,0.54733317777,0.54733317777,
20,20,N,0.54733317777,0.54733317777,,,,,,,,,,,,,,,,,,,,,0.54733317777,0.54733317777,
21,21,O,0.54733317777,0.54733317777,,,,,,,,,,,,,,,,,,,,,0.54733317777,0.54733317777,
22,22,P,0.54733317777,0.54733317777,,,,,,,,,,,,,,,,,,,,,0.54733317777,0.54733317777,
23,23,Plate information,,,,,,,,,,,,,,,,,,,,,,,,,
24,24,Plate,Repeat,Barcode,Measured height,Chamber temperature at start,Chamber temperature at end,Humidity at start,Humidity at end,Ambient temperature at start,Ambient temperature at end,Group,Label,ScanX,ScanY,Measinfo,Kinetics,Measurement date,,,,,,,,,
25,25,1,1,"""=""""H2061394""""""",14.01,17.7,17.82,45.9,46.2,18.1,18.02,1,Jez US LUM 384 (cps)(1),0,0,De=USLum Ex=N/A Em=N/A Wdw=N/A (12),0,3/22/2023 3:38:03 PM,,,,,,,,,
26,26,Background information,,,,,,,,,,,,,,,,,,,,,,,,,
27,27,Plate,Label,Result,Signal,Flashes/Time,Meastime,MeasInfo,,,,,,,,,,,,,,,,,,,
28,28,1,Jez US LUM 384 (cps),0,16,0.1,00:00:00.000,De=USLum Ex=N/A Em=N/A Wdw=N/A (12),,,,,,,,,,,,,,,,,,,
29,29,Results for Jez US LUM 384 (cps)(1) - channel 0 (CPS),,,,,,,,,,,,,,,,,,,,,,,,,
30,30,,01,02,03,04,05,06,07,08,09,10,11,12,13,14,15,16,17,18,19,20,21,22,23,24,
31,31,A,0.054959785522788206,0.05630026809651475,0.05093833780160858,0.049597855227882036,0.04825737265415549,0.05361930294906166,0.04825737265415549,0.05227882037533512,0.04155495978552279,0.064343163538874,0.06166219839142091,0.057640750670241284,0.06300268096514745,0.054959785522788206,0.06032171581769437,0.05227882037533512,0.04155495978552279,0.04691689008042895,0.054959785522788206,0.05361930294906166,0.06300268096514745,0.05630026809651475,0.6742627345844504,0.6769436997319035,
32,32,B,0.05630026809651475,0.06032171581769437,0.04691689008042895,0.06032171581769437,0.05361930294906166,0.06568364611260054,0.06300268096514745,0.06166219839142091,0.06702412868632708,0.05361930294906166,0.07238605898123325,0.05630026809651475,0.05361930294906166,0.06702412868632708,0.06300268096514745,0.06568364611260054,0.05630026809651475,0.05361930294906166,0.05630026809651475,0.045576407506702415,0.05227882037533512,0.057640750670241284,0.7466487935656837,0.6434316353887399,
33,33,C,0.07372654155495978,0.058981233243967826,0.058981233243967826,0.049597855227882036,0.06836461126005362,0.058981233243967826,0.07372654155495978,0.05361930294906166,0.04825737265415549,0.06300268096514745,0.0777479892761394,0.06166219839142091,0.06702412868632708,0.04155495978552279,0.054959785522788206,0.06702412868632708,0.05093833780160858,0.05093833780160858,0.045576407506702415,0.06568364611260054,0.0777479892761394,0.04691689008042895,0.7144772117962467,0.6568364611260054,
34,34,D,0.05361930294906166,0.049597855227882036,0.05630026809651475,0.064343163538874,0.064343163538874,0.06836461126005362,0.054959785522788206,0.06166219839142091,0.0388739946380697,0.08042895442359249,0.09249329758713137,0.064343163538874,0.049597855227882036,0.06970509383378017,0.054959785522788206,0.07238605898123325,0.06166219839142091,0.07908847184986595,0.05630026809651475,0.058981233243967826,0.06166219839142091,0.06300268096514745,0.7667560321715817,0.6823056300268097,
35,35,E,0.06702412868632708,0.08176943699731903,0.06836461126005362,0.07372654155495978,0.05361930294906166,0.08579088471849866,0.06836461126005362,0.08445040214477212,0.006702412868632708,0.07372654155495978,0.07506702412868632,0.06702412868632708,0.08981233243967829,0.06970509383378017,0.0871313672922252,0.08847184986595175,0.07104557640750671,0.07908847184986595,0.06702412868632708,0.08176943699731903,0.07908847184986595,0.06568364611260054,0.8364611260053619,0.6957104557640751,
36,36,F,0.0777479892761394,0.06702412868632708,0.08847184986595175,0.06702412868632708,0.0777479892761394,0.08847184986595175,0.07372654155495978,0.08445040214477212,0.07104557640750671,0.08176943699731903,0.07104557640750671,0.0777479892761394,0.08042895442359249,0.06970509383378017,0.08579088471849866,0.0,0.08042895442359249,0.06836461126005362,0.06970509383378017,0.07908847184986595,0.0871313672922252,0.07104557640750671,0.8672922252010724,0.7158176943699732,
37,37,G,0.07506702412868632,0.05630026809651475,0.06702412868632708,0.049597855227882036,0.07640750670241286,0.06702412868632708,0.0777479892761394,0.0777479892761394,0.07640750670241286,0.07506702412868632,0.07908847184986595,0.06568364611260054,0.07506702412868632,0.058981233243967826,0.06568364611260054,0.07372654155495978,0.057640750670241284,0.08176943699731903,0.05630026809651475,0.06166219839142091,0.07238605898123325,0.064343163538874,0.8284182305630027,0.6729222520107239,
38,38,H,0.07104557640750671,0.06702412868632708,0.06300268096514745,0.06032171581769437,0.06300268096514745,0.07104557640750671,0.07640750670241286,0.06568364611260054,0.0938337801608579,0.06300268096514745,0.07104557640750671,0.07104557640750671,0.08176943699731903,0.06702412868632708,0.064343163538874,0.054959785522788206,0.06836461126005362,0.06702412868632708,0.05361930294906166,0.07372654155495978,0.06702412868632708,0.064343163538874,0.839142091152815,0.7319034852546917,
39,39,I,0.054959785522788206,0.06836461126005362,0.058981233243967826,0.1447721179624665,0.07238605898123325,0.07372654155495978,0.057640750670241284,0.05227882037533512,0.058981233243967826,0.06300268096514745,0.07104557640750671,0.06300268096514745,0.06836461126005362,0.07238605898123325,0.05630026809651475,0.049597855227882036,0.05630026809651475,0.05093833780160858,0.06032171581769437,0.05361930294906166,0.05227882037533512,0.06166219839142091,0.8297587131367292,0.7198391420911529,
40,40,J,0.04155495978552279,0.040214477211796246,0.064343163538874,0.06702412868632708,0.06300268096514745,0.07640750670241286,0.06702412868632708,0.05361930294906166,0.07506702412868632,0.07506702412868632,0.06300268096514745,0.058981233243967826,0.05361930294906166,0.058981233243967826,0.06032171581769437,0.07372654155495978,0.06166219839142091,0.06568364611260054,0.05093833780160858,0.054959785522788206,0.06702412868632708,0.06166219839142091,0.8967828418230563,0.7198391420911529,
41,41,K,0.064343163538874,0.06568364611260054,0.07908847184986595,0.07104557640750671,0.06568364611260054,0.07506702412868632,0.07104557640750671,0.07372654155495978,0.0777479892761394,0.07104557640750671,0.07506702412868632,0.08042895442359249,0.07372654155495978,0.05630026809651475,0.07640750670241286,0.06166219839142091,0.06300268096514745,0.07506702412868632,0.064343163538874,0.07238605898123325,0.057640750670241284,0.06568364611260054,0.8994638069705094,0.7211796246648794,
42,42,L,0.0777479892761394,0.06568364611260054,0.064343163538874,0.058981233243967826,0.06970509383378017,0.0777479892761394,0.0777479892761394,0.06166219839142091,0.049597855227882036,0.06702412868632708,0.064343163538874,0.07640750670241286,0.07372654155495978,0.06300268096514745,0.0777479892761394,0.07238605898123325,0.07908847184986595,0.054959785522788206,0.17962466487935658,0.07104557640750671,0.057640750670241284,0.054959785522788206,0.8270777479892761,0.7453083109919572,
43,43,M,0.06568364611260054,0.058981233243967826,0.07506702412868632,0.08310991957104558,0.07372654155495978,0.07104557640750671,0.054959785522788206,0.06836461126005362,0.06970509383378017,0.0777479892761394,0.08176943699731903,0.06166219839142091,0.08579088471849866,0.06702412868632708,0.06166219839142091,0.064343163538874,0.06166219839142091,0.07238605898123325,0.049597855227882036,0.06836461126005362,0.07104557640750671,0.06836461126005362,0.8592493297587132,0.7828418230563002,
44,44,N,0.07506702412868632,0.06300268096514745,0.064343163538874,0.08042895442359249,0.08310991957104558,0.07104557640750671,0.07908847184986595,0.0777479892761394,0.07640750670241286,0.08042895442359249,0.058981233243967826,0.06970509383378017,0.07372654155495978,0.06970509383378017,0.07104557640750671,0.09115281501340483,0.06970509383378017,0.06032171581769437,0.05630026809651475,0.07908847184986595,0.0777479892761394,0.064343163538874,0.9611260053619303,0.8404825737265416,
45,45,O,0.054959785522788206,0.057640750670241284,0.06166219839142091,0.06166219839142091,0.08579088471849866,0.08981233243967829,0.06032171581769437,0.08579088471849866,0.06702412868632708,0.08579088471849866,0.064343163538874,0.07372654155495978,0.06568364611260054,0.08310991957104558,0.08042895442359249,0.08310991957104558,0.07104557640750671,0.06836461126005362,0.06836461126005362,0.08445040214477212,0.07640750670241286,0.06032171581769437,1.0,0.8230563002680965,
46,46,P,0.057640750670241284,0.054959785522788206,0.05093833780160858,0.06032171581769437,0.07908847184986595,0.07104557640750671,0.06702412868632708,0.07506702412868632,0.07908847184986595,0.06836461126005362,0.064343163538874,0.0777479892761394,0.08176943699731903,0.057640750670241284,0.08310991957104558,0.07908847184986595,0.08042895442359249,0.06300268096514745,0.08042895442359249,0.057640750670241284,0.06702412868632708,0.06300268096514745,0.9302949061662198,0.9798927613941019,
47,47,Plate information,,,,,,,,,,,,,,,,,,,,,,,,,
48,48,Plate,Repeat,Barcode,Measured height,Chamber temperature at start,Chamber temperature at end,Humidity at start,Humidity at end,Ambient temperature at start,Ambient temperature at end,Formula,Measurement date,,,,,,,,,,,,,,
49,49,2,1,"""=""""H2061396""""""",,,,,,,,Calc 1: Z' = 1 - ((3 * SD(High) + 3 * SD(Low)) / Abs(Avg(High) - Avg(Low))) where Label: Jez US LUM 384 (cps)(1) channel 1  High = Z_High  Low = Z_Low,3/22/2023 3:39:38 PM,,,,,,,,,,,,,,
50,50,Background information,,,,,,,,,,,,,,,,,,,,,,,,,
51,51,Plate,Label,Result,Signal,Flashes/Time,Meastime,MeasInfo,,,,,,,,,,,,,,,,,,,
52,52,2,Jez US LUM 384 (cps),0,8,0.1,00:00:00.000,De=USLum Ex=N/A Em=N/A Wdw=N/A (12),,,,,,,,,,,,,,,,,,,
53,53,Calculated results: Calc 1: Z' = 1 - ((3 * SD(High) + 3 * SD(Low)) / Abs(Avg(High) - Avg(Low))) where Label: Jez US LUM 384 (cps)(1) channel 1  High = Z_High  Low = Z_Low,,,,,,,,,,,,,,,,,,,,,,,,,
54,54,,01,02,03,04,05,06,07,08,09,10,11,12,13,14,15,16,17,18,19,20,21,22,23,24,
55,55,A,0.62390718116,0.62390718116,,,,,,,,,,,,,,,,,,,,,0.62390718116,0.62390718116,
56,56,B,0.62390718116,0.62390718116,,,,,,,,,,,,,,,,,,,,,0.62390718116,0.62390718116,
57,57,C,0.62390718116,0.62390718116,,,,,,,,,,,,,,,,,,,,,0.62390718116,0.62390718116,
58,58,D,0.62390718116,0.62390718116,,,,,,,,,,,,,,,,,,,,,0.62390718116,0.62390718116,
59,59,E,0.62390718116,0.62390718116,,,,,,,,,,,,,,,,,,,,,0.62390718116,0.62390718116,
60,60,F,0.62390718116,0.62390718116,,,,,,,,,,,,,,,,,,,,,0.62390718116,0.62390718116,
61,61,G,0.62390718116,0.62390718116,,,,,,,,,,,,,,,,,,,,,0.62390718116,0.62390718116,
62,62,H,0.62390718116,0.62390718116,,,,,,,,,,,,,,,,,,,,,0.62390718116,0.62390718116,
63,63,I,0.62390718116,0.62390718116,,,,,,,,,,,,,,,,,,,,,0.62390718116,0.62390718116,
64,64,J,0.62390718116,0.62390718116,,,,,,,,,,,,,,,,,,,,,0.62390718116,0.62390718116,
65,65,K,0.62390718116,0.62390718116,,,,,,,,,,,,,,,,,,,,,0.62390718116,0.62390718116,
66,66,L,0.62390718116,0.62390718116,,,,,,,,,,,,,,,,,,,,,0.62390718116,0.62390718116,
67,67,M,0.62390718116,0.62390718116,,,,,,,,,,,,,,,,,,,,,0.62390718116,0.62390718116,
68,68,N,0.62390718116,0.62390718116,,,,,,,,,,,,,,,,,,,,,0.62390718116,0.62390718116,
69,69,O,0.62390718116,0.62390718116,,,,,,,,,,,,,,,,,,,,,0.62390718116,0.62390718116,
70,70,P,0.62390718116,0.62390718116,,,,,,,,,,,,,,,,,,,,,0.62390718116,0.62390718116,
71,71,Plate information,,,,,,,,,,,,,,,,,,,,,,,,,
72,72,Plate,Repeat,Barcode,Measured height,Chamber temperature at start,Chamber temperature at end,Humidity at start,Humidity at end,Ambient temperature at start,Ambient temperature at end,Group,Label,ScanX,ScanY,Measinfo,Kinetics,Measurement date,,,,,,,,,
73,73,2,1,"""=""""H2061396""""""",14.01,17.8,17.62,46.6,47.2,18,18.11,1,Jez US LUM 384 (cps)(1),0,0,De=USLum Ex=N/A Em=N/A Wdw=N/A (12),0,3/22/2023 3:39:38 PM,,,,,,,,,
74,74,Background information,,,,,,,,,,,,,,,,,,,,,,,,,
75,75,Plate,Label,Result,Signal,Flashes/Time,Meastime,MeasInfo,,,,,,,,,,,,,,,,,,,
76,76,2,Jez US LUM 384 (cps),0,8,0.1,00:00:00.000,De=USLum Ex=N/A Em=N/A Wdw=N/A (12),,,,,,,,,,,,,,,,,,,
77,77,Results for Jez US LUM 384 (cps)(1) - channel 0 (CPS),,,,,,,,,,,,,,,,,,,,,,,,,
78,78,,01,02,03,04,05,06,07,08,09,10,11,12,13,14,15,16,17,18,19,20,21,22,23,24,
79,79,A,0.00850546780072904,0.019441069258809233,0.024301336573511544,0.009720534629404616,0.015795868772782502,0.019441069258809233,0.01701093560145808,0.01701093560145808,0.007290400972053463,0.02551640340218712,0.001215066828675577,0.019441069258809233,0.012150668286755772,0.014580801944106925,0.01701093560145808,0.02916160388821385,0.027946537059538274,0.014580801944106925,0.015795868772782502,0.006075334143377886,0.00850546780072904,0.001215066828675577,0.6549210206561361,0.7314702308626975,
80,80,B,0.010935601458080195,0.0,0.014580801944106925,0.026731470230862697,0.015795868772782502,0.014580801944106925,0.019441069258809233,0.018226002430133656,0.030376670716889428,0.015795868772782502,0.027946537059538274,0.02916160388821385,0.013365735115431349,0.032806804374240585,0.013365735115431349,0.013365735115431349,0.02187120291616039,0.024301336573511544,0.010935601458080195,0.013365735115431349,0.02551640340218712,0.013365735115431349,0.6294046172539489,0.6743620899149453,
81,81,C,0.015795868772782502,0.012150668286755772,0.015795868772782502,0.02187120291616039,0.019441069258809233,0.009720534629404616,0.018226002430133656,0.015795868772782502,0.027946537059538274,0.030376670716889428,0.024301336573511544,0.02916160388821385,0.007290400972053463,0.031591737545565005,0.018226002430133656,0.01701093560145808,0.015795868772782502,0.020656136087484813,0.013365735115431349,0.0036452004860267314,0.015795868772782502,0.009720534629404616,0.7181044957472661,0.6852976913730255,
82,82,D,0.013365735115431349,0.02551640340218712,0.007290400972053463,0.026731470230862697,0.018226002430133656,0.020656136087484813,0.024301336573511544,0.030376670716889428,0.03645200486026731,0.024301336573511544,0.023086269744835967,0.027946537059538274,0.026731470230862697,0.03402187120291616,0.027946537059538274,0.015795868772782502,0.023086269744835967,0.009720534629404616,0.031591737545565005,0.02916160388821385,0.012150668286755772,0.01701093560145808,0.715674362089915,0.7144592952612394,
83,83,E,0.015795868772782502,0.032806804374240585,0.019441069258809233,0.0425273390036452,0.041312272174969626,0.05589307411907655,0.04374240583232078,0.03766707168894289,0.026731470230862697,0.03402187120291616,0.04860267314702309,0.027946537059538274,0.04495747266099635,0.012150668286755772,0.0425273390036452,0.02551640340218712,0.03645200486026731,0.038882138517618466,0.027946537059538274,0.023086269744835967,0.02916160388821385,0.02916160388821385,0.8201701093560145,0.8286755771567437,
84,84,F,0.030376670716889428,0.02551640340218712,0.019441069258809233,0.0425273390036452,0.0425273390036452,0.03645200486026731,0.03766707168894289,0.041312272174969626,0.061968408262454436,0.02916160388821385,0.05710814094775213,0.03523693803159174,0.03645200486026731,0.03645200486026731,0.05224787363304982,0.041312272174969626,0.023086269744835967,0.02916160388821385,0.03402187120291616,0.02551640340218712,0.03645200486026731,0.01701093560145808,0.778857837181045,0.8432563791008505,
85,85,G,0.023086269744835967,0.03402187120291616,0.02551640340218712,0.03645200486026731,0.020656136087484813,0.02187120291616039,0.032806804374240585,0.0425273390036452,0.026731470230862697,0.0425273390036452,0.03523693803159174,0.02916160388821385,0.031591737545565005,0.040097205346294046,0.04374240583232078,0.020656136087484813,0.032806804374240585,0.018226002430133656,0.020656136087484813,0.01701093560145808,0.026731470230862697,0.02187120291616039,0.8068043742405833,0.7679222357229648,
86,86,H,0.02187120291616039,0.020656136087484813,0.027946537059538274,0.032806804374240585,0.03402187120291616,0.019441069258809233,0.03523693803159174,0.02916160388821385,0.03402187120291616,0.03523693803159174,0.03523693803159174,0.03766707168894289,0.027946537059538274,0.041312272174969626,0.02551640340218712,0.019441069258809233,0.030376670716889428,0.03402187120291616,0.02916160388821385,0.019441069258809233,0.019441069258809233,0.020656136087484813,0.8456865127582017,0.8238153098420413,
87,87,I,0.030376670716889428,0.015795868772782502,0.019441069258809233,0.020656136087484813,0.015795868772782502,0.01701093560145808,0.04374240583232078,0.032806804374240585,0.023086269744835967,0.026731470230862697,0.054678007290400975,0.032806804374240585,0.023086269744835967,0.03523693803159174,0.03402187120291616,0.040097205346294046,0.03645200486026731,0.024301336573511544,0.012150668286755772,0.010935601458080195,0.026731470230862697,0.014580801944106925,0.7739975698663426,0.8213851761846902,
88,88,J,0.019441069258809233,0.018226002430133656,0.01701093560145808,0.024301336573511544,0.00850546780072904,0.01701093560145808,0.027946537059538274,0.032806804374240585,0.024301336573511544,0.03523693803159174,0.03402187120291616,0.02916160388821385,0.02551640340218712,0.03645200486026731,0.02551640340218712,0.023086269744835967,0.04374240583232078,0.020656136087484813,0.023086269744835967,0.012150668286755772,0.023086269744835967,0.018226002430133656,0.8165249088699879,0.8359659781287971,
89,89,K,0.018226002430133656,0.11300121506682867,0.027946537059538274,0.03766707168894289,0.02916160388821385,0.02916160388821385,0.04981773997569866,0.040097205346294046,0.041312272174969626,0.04374240583232078,0.030376670716889428,0.038882138517618466,0.041312272174969626,0.030376670716889428,0.031591737545565005,0.012150668286755772,0.032806804374240585,0.02916160388821385,0.030376670716889428,0.02187120291616039,0.019441069258809233,0.014580801944106925,0.8140947752126367,0.8566221142162819,
90,90,L,0.012150668286755772,0.020656136087484813,0.01701093560145808,0.04495747266099635,0.031591737545565005,0.019441069258809233,0.030376670716889428,0.03645200486026731,0.027946537059538274,0.026731470230862697,0.038882138517618466,0.03402187120291616,0.040097205346294046,0.03645200486026731,0.024301336573511544,0.031591737545565005,0.031591737545565005,0.018226002430133656,0.032806804374240585,0.012150668286755772,0.020656136087484813,0.023086269744835967,0.9003645200486027,0.8493317132442284,
91,91,M,0.013365735115431349,0.015795868772782502,0.020656136087484813,0.02551640340218712,0.040097205346294046,0.030376670716889428,0.024301336573511544,0.02551640340218712,0.030376670716889428,0.04981773997569866,0.031591737545565005,0.02916160388821385,0.02916160388821385,0.030376670716889428,0.03402187120291616,0.024301336573511544,0.03766707168894289,0.03523693803159174,0.020656136087484813,0.040097205346294046,0.024301336573511544,0.013365735115431349,1.0,0.8201701093560145,
92,92,N,0.01701093560145808,0.02551640340218712,0.01701093560145808,0.03402187120291616,0.02551640340218712,0.009720534629404616,0.03523693803159174,0.02551640340218712,0.03766707168894289,0.01701093560145808,0.030376670716889428,0.032806804374240585,0.03402187120291616,0.03402187120291616,0.020656136087484813,0.026731470230862697,0.019441069258809233,0.00850546780072904,0.03402187120291616,0.023086269744835967,0.032806804374240585,0.013365735115431349,0.905224787363305,0.8541919805589308,
93,93,O,0.014580801944106925,0.020656136087484813,0.018226002430133656,0.02187120291616039,0.032806804374240585,0.02916160388821385,0.023086269744835967,0.030376670716889428,0.023086269744835967,0.03402187120291616,0.032806804374240585,0.030376670716889428,0.04374240583232078,0.027946537059538274,0.040097205346294046,0.026731470230862697,0.041312272174969626,0.031591737545565005,0.009720534629404616,0.026731470230862697,0.012150668286755772,0.030376670716889428,0.8335358444714459,0.8250303766707169,
94,94,P,0.007290400972053463,0.012150668286755772,0.015795868772782502,0.02187120291616039,0.018226002430133656,0.023086269744835967,0.032806804374240585,0.03645200486026731,0.032806804374240585,0.024301336573511544,0.027946537059538274,0.02551640340218712,0.026731470230862697,0.024301336573511544,0.03402187120291616,0.02187120291616039,0.023086269744835967,0.015795868772782502,0.024301336573511544,0.012150668286755772,0.012150668286755772,0.01701093560145808,0.8602673147023087,0.8772782503037667,
95,95,Plate information,,,,,,,,,,,,,,,,,,,,,,,,,
96,96,Plate,Repeat,Barcode,Measured height,Chamber temperature at start,Chamber temperature at end,Humidity at start,Humidity at end,Ambient temperature at start,Ambient temperature at end,Formula,Measurement date,,,,,,,,,,,,,,
97,97,3,1,"""=""""H2061398""""""",,,,,,,,Calc 1: Z' = 1 - ((3 * SD(High) + 3 * SD(Low)) / Abs(Avg(High) - Avg(Low))) where Label: Jez US LUM 384 (cps)(1) channel 1  High = Z_High  Low = Z_Low,3/22/2023 3:41:14 PM,,,,,,,,,,,,,,
98,98,Background information,,,,,,,,,,,,,,,,,,,,,,,,,
99,99,Plate,Label,Result,Signal,Flashes/Time,Meastime,MeasInfo,,,,,,,,,,,,,,,,,,,
100,100,3,Jez US LUM 384 (cps),0,4,0.1,00:00:00.000,De=USLum Ex=N/A Em=N/A Wdw=N/A (12),,,,,,,,,,,,,,,,,,,
101,101,Calculated results: Calc 1: Z' = 1 - ((3 * SD(High) + 3 * SD(Low)) / Abs(Avg(High) - Avg(Low))) where Label: Jez US LUM 384 (cps)(1) channel 1  High = Z_High  Low = Z_Low,,,,,,,,,,,,,,,,,,,,,,,,,
102,102,,01,02,03,04,05,06,07,08,09,10,11,12,13,14,15,16,17,18,19,20,21,22,23,24,
103,103,A,0.68540263357,0.68540263357,,,,,,,,,,,,,,,,,,,,,0.68540263357,0.68540263357,
104,104,B,0.68540263357,0.68540263357,,,,,,,,,,,,,,,,,,,,,0.68540263357,0.68540263357,
105,105,C,0.68540263357,0.68540263357,,,,,,,,,,,,,,,,,,,,,0.68540263357,0.68540263357,
106,106,D,0.68540263357,0.68540263357,,,,,,,,,,,,,,,,,,,,,0.68540263357,0.68540263357,
107,107,E,0.68540263357,0.68540263357,,,,,,,,,,,,,,,,,,,,,0.68540263357,0.68540263357,
108,108,F,0.68540263357,0.68540263357,,,,,,,,,,,,,,,,,,,,,0.68540263357,0.68540263357,
109,109,G,0.68540263357,0.68540263357,,,,,,,,,,,,,,,,,,,,,0.68540263357,0.68540263357,
110,110,H,0.68540263357,0.68540263357,,,,,,,,,,,,,,,,,,,,,0.68540263357,0.68540263357,
111,111,I,0.68540263357,0.68540263357,,,,,,,,,,,,,,,,,,,,,0.68540263357,0.68540263357,
112,112,J,0.68540263357,0.68540263357,,,,,,,,,,,,,,,,,,,,,0.68540263357,0.68540263357,
113,113,K,0.68540263357,0.68540263357,,,,,,,,,,,,,,,,,,,,,0.68540263357,0.68540263357,
114,114,L,0.68540263357,0.68540263357,,,,,,,,,,,,,,,,,,,,,0.68540263357,0.68540263357,
115,115,M,0.68540263357,0.68540263357,,,,,,,,,,,,,,,,,,,,,0.68540263357,0.68540263357,
116,116,N,0.68540263357,0.68540263357,,,,,,,,,,,,,,,,,,,,,0.68540263357,0.68540263357,
117,117,O,0.68540263357,0.68540263357,,,,,,,,,,,,,,,,,,,,,0.68540263357,0.68540263357,
118,118,P,0.68540263357,0.68540263357,,,,,,,,,,,,,,,,,,,,,0.68540263357,0.68540263357,
119,119,Plate information,,,,,,,,,,,,,,,,,,,,,,,,,
120,120,Plate,Repeat,Barcode,Measured height,Chamber temperature at start,Chamber temperature at end,Humidity at start,Humidity at end,Ambient temperature at start,Ambient temperature at end,Group,Label,ScanX,ScanY,Measinfo,Kinetics,Measurement date,,,,,,,,,
121,121,3,1,"""=""""H2061398""""""",14.01,17.62,17.72,47.2,47.4,18.11,18.11,1,Jez US LUM 384 (cps)(1),0,0,De=USLum Ex=N/A Em=N/A Wdw=N/A (12),0,3/22/2023 3:41:14 PM,,,,,,,,,
122,122,Background information,,,,,,,,,,,,,,,,,,,,,,,,,
123,123,Plate,Label,Result,Signal,Flashes/Time,Meastime,MeasInfo,,,,,,,,,,,,,,,,,,,
124,124,3,Jez US LUM 384 (cps),0,4,0.1,00:00:00.000,De=USLum Ex=N/A Em=N/A Wdw=N/A (12),,,,,,,,,,,,,,,,,,,
125,125,Results for Jez US LUM 384 (cps)(1) - channel 0 (CPS),,,,,,,,,,,,,,,,,,,,,,,,,
126,126,,01,02,03,04,05,06,07,08,09,10,11,12,13,14,15,16,17,18,19,20,21,22,23,24,
127,127,A,0.0,0.00796812749003984,0.05976095617529881,0.01195219123505976,0.01195219123505976,0.01593625498007968,0.00796812749003984,0.033200531208499334,0.027888446215139442,0.02656042496679947,0.0398406374501992,0.05312084993359894,0.03187250996015936,0.027888446215139442,0.02390438247011952,0.03851261620185923,0.041168658698539175,0.03718459495351926,0.033200531208499334,0.010624169986719787,0.025232403718459494,0.02656042496679947,0.7596281540504648,0.7250996015936255,
128,128,B,0.01859229747675963,0.0013280212483399733,0.01195219123505976,0.006640106241699867,0.02257636122177955,0.02257636122177955,0.041168658698539175,0.02390438247011952,0.0451527224435591,0.04249667994687915,0.034528552456839307,0.04780876494023904,0.035856573705179286,0.03851261620185923,0.043824701195219126,0.03187250996015936,0.03054448871181939,0.03851261620185923,0.0398406374501992,0.035856573705179286,0.04780876494023904,0.014608233731739707,0.795484727755644,0.8087649402390438,
129,129,C,0.025232403718459494,0.025232403718459494,0.01859229747675963,0.05179282868525897,0.02656042496679947,0.033200531208499334,0.029216467463479414,0.049136786188579015,0.041168658698539175,0.049136786188579015,0.043824701195219126,0.05843293492695883,0.04249667994687915,0.034528552456839307,0.05444887118193891,0.025232403718459494,0.035856573705179286,0.05179282868525897,0.035856573705179286,0.0398406374501992,0.0398406374501992,0.03187250996015936,0.7357237715803453,0.750332005312085,
130,130,D,0.029216467463479414,0.0199203187250996,0.03054448871181939,0.027888446215139442,0.035856573705179286,0.03187250996015936,0.04648074369189907,0.043824701195219126,0.043824701195219126,0.04249667994687915,0.04648074369189907,0.06640106241699867,0.055776892430278883,0.06241699867197875,0.0398406374501992,0.0398406374501992,0.05444887118193891,0.02390438247011952,0.0451527224435591,0.034528552456839307,0.02257636122177955,0.033200531208499334,0.8326693227091634,0.796812749003984,
131,131,E,0.029216467463479414,0.05312084993359894,0.043824701195219126,0.0398406374501992,0.04780876494023904,0.05843293492695883,0.07304116865869854,0.07171314741035857,0.06640106241699867,0.05843293492695883,0.06905710491367861,0.05976095617529881,0.06772908366533864,0.05179282868525897,0.07171314741035857,0.057104913678618856,0.0650730411686587,0.049136786188579015,0.0398406374501992,0.05312084993359894,0.049136786188579015,0.05312084993359894,0.8897742363877822,0.9203187250996016,
132,132,F,0.0451527224435591,0.0451527224435591,0.043824701195219126,0.05046480743691899,0.04249667994687915,0.05843293492695883,0.0398406374501992,0.06772908366533864,0.06640106241699867,0.06905710491367861,0.07702523240371846,0.07569721115537849,0.05976095617529881,0.0650730411686587,0.06905710491367861,0.057104913678618856,0.07835325365205843,0.04648074369189907,0.06241699867197875,0.05179282868525897,0.04648074369189907,0.06108897742363878,0.9721115537848606,0.9880478087649402,
133,133,G,0.041168658698539175,0.041168658698539175,0.06108897742363878,0.0451527224435591,0.055776892430278883,0.05179282868525897,0.0650730411686587,0.0650730411686587,0.06108897742363878,0.041168658698539175,0.049136786188579015,0.06108897742363878,0.06108897742363878,0.06905710491367861,0.057104913678618856,0.05179282868525897,0.057104913678618856,0.03718459495351926,0.04249667994687915,0.041168658698539175,0.04249667994687915,0.033200531208499334,0.8632138114209827,0.8911022576361222,
134,134,H,0.04780876494023904,0.057104913678618856,0.0451527224435591,0.04249667994687915,0.0650730411686587,0.07171314741035857,0.06108897742363878,0.043824701195219126,0.06772908366533864,0.06374501992031872,0.04648074369189907,0.05843293492695883,0.0451527224435591,0.055776892430278883,0.05843293492695883,0.05312084993359894,0.055776892430278883,0.035856573705179286,0.049136786188579015,0.04648074369189907,0.043824701195219126,0.049136786188579015,0.9203187250996016,0.8432934926958832,
135,135,I,0.035856573705179286,0.05046480743691899,0.025232403718459494,0.043824701195219126,0.03718459495351926,0.04780876494023904,0.05976095617529881,0.05179282868525897,0.05312084993359894,0.041168658698539175,0.05312084993359894,0.06241699867197875,0.017264276228419653,0.055776892430278883,0.04780876494023904,0.0398406374501992,0.057104913678618856,0.035856573705179286,0.03851261620185923,0.049136786188579015,0.04249667994687915,0.04249667994687915,0.8685258964143426,0.9083665338645418,
136,136,J,0.035856573705179286,0.05179282868525897,0.027888446215139442,0.043824701195219126,0.04648074369189907,0.05046480743691899,0.06640106241699867,0.0451527224435591,0.06108897742363878,0.049136786188579015,0.05046480743691899,0.05843293492695883,0.049136786188579015,0.05444887118193891,0.057104913678618856,0.057104913678618856,0.05843293492695883,0.03851261620185923,0.049136786188579015,0.035856573705179286,0.035856573705179286,0.035856573705179286,0.900398406374502,0.8818061088977424,
137,137,K,0.055776892430278883,0.0451527224435591,0.05312084993359894,0.06241699867197875,0.05843293492695883,0.057104913678618856,0.055776892430278883,0.06640106241699867,0.05312084993359894,0.06374501992031872,0.0703851261620186,0.06108897742363878,0.05312084993359894,0.049136786188579015,0.05312084993359894,0.05843293492695883,0.05444887118193891,0.05179282868525897,0.043824701195219126,0.0398406374501992,0.034528552456839307,0.05046480743691899,0.8857901726427623,0.852589641434263,
138,138,L,0.04780876494023904,0.04249667994687915,0.0451527224435591,0.06241699867197875,0.06374501992031872,0.05444887118193891,0.06772908366533864,0.05976095617529881,0.0650730411686587,0.057104913678618856,0.07569721115537849,0.05179282868525897,0.055776892430278883,0.0451527224435591,0.013280212483399735,0.04249667994687915,0.049136786188579015,0.043824701195219126,0.05976095617529881,0.03187250996015936,0.03851261620185923,0.04249667994687915,0.8446215139442231,0.9057104913678619,
139,139,M,0.04648074369189907,0.05976095617529881,0.04780876494023904,0.049136786188579015,0.05444887118193891,0.041168658698539175,0.05843293492695883,0.06241699867197875,0.057104913678618856,0.05976095617529881,0.06374501992031872,0.04648074369189907,0.05179282868525897,0.04648074369189907,0.05976095617529881,0.03851261620185923,0.0703851261620186,0.03851261620185923,0.04780876494023904,0.033200531208499334,0.0398406374501992,0.049136786188579015,0.8884462151394422,0.9096945551128818,
140,140,N,0.02390438247011952,0.05444887118193891,0.04249667994687915,0.04780876494023904,0.04249667994687915,0.0451527224435591,0.06772908366533864,0.055776892430278883,0.05843293492695883,0.06374501992031872,0.06772908366533864,0.0650730411686587,0.05444887118193891,0.07171314741035857,0.05312084993359894,0.05444887118193891,0.05046480743691899,0.05976095617529881,0.05179282868525897,0.04648074369189907,0.03851261620185923,0.05179282868525897,0.8738379814077025,0.8871181938911022,
141,141,O,0.03718459495351926,0.05444887118193891,0.03851261620185923,0.05843293492695883,0.05312084993359894,0.0650730411686587,0.06241699867197875,0.05843293492695883,0.06108897742363878,0.05843293492695883,0.05444887118193891,0.05046480743691899,0.0650730411686587,0.05976095617529881,0.05312084993359894,0.05976095617529881,0.06108897742363878,0.05179282868525897,0.029216467463479414,0.0398406374501992,0.02656042496679947,0.04249667994687915,0.9641434262948207,0.9189907038512616,
142,142,P,0.0398406374501992,0.04648074369189907,0.034528552456839307,0.04249667994687915,0.04780876494023904,0.034528552456839307,0.049136786188579015,0.04249667994687915,0.055776892430278883,0.05179282868525897,0.04780876494023904,0.04780876494023904,0.05046480743691899,0.05046480743691899,0.041168658698539175,0.04648074369189907,0.03851261620185923,0.04780876494023904,0.03851261620185923,0.035856573705179286,0.041168658698539175,0.033200531208499334,1.0,0.9787516600265604,
143,143,Plate information,,,,,,,,,,,,,,,,,,,,,,,,,
144,144,Plate,Repeat,Barcode,Measured height,Chamber temperature at start,Chamber temperature at end,Humidity at start,Humidity at end,Ambient temperature at start,Ambient temperature at end,Formula,Measurement date,,,,,,,,,,,,,,
145,145,4,1,"""=""""H2061400""""""",,,,,,,,Calc 1: Z' = 1 - ((3 * SD(High) + 3 * SD(Low)) / Abs(Avg(High) - Avg(Low))) where Label: Jez US LUM 384 (cps)(1) channel 1  High = Z_High  Low = Z_Low,3/22/2023 3:42:51 PM,,,,,,,,,,,,,,
146,146,Background information,,,,,,,,,,,,,,,,,,,,,,,,,
147,147,Plate,Label,Result,Signal,Flashes/Time,Meastime,MeasInfo,,,,,,,,,,,,,,,,,,,
148,148,4,Jez US LUM 384 (cps),0,8,0.1,00:00:00.000,De=USLum Ex=N/A Em=N/A Wdw=N/A (12),,,,,,,,,,,,,,,,,,,
149,149,Calculated results: Calc 1: Z' = 1 - ((3 * SD(High) + 3 * SD(Low)) / Abs(Avg(High) - Avg(Low))) where Label: Jez US LUM 384 (cps)(1) channel 1  High = Z_High  Low = Z_Low,,,,,,,,,,,,,,,,,,,,,,,,,
150,150,,01,02,03,04,05,06,07,08,09,10,11,12,13,14,15,16,17,18,19,20,21,22,23,24,
151,151,A,0.75257885877,0.75257885877,,,,,,,,,,,,,,,,,,,,,0.75257885877,0.75257885877,
152,152,B,0.75257885877,0.75257885877,,,,,,,,,,,,,,,,,,,,,0.75257885877,0.75257885877,
153,153,C,0.75257885877,0.75257885877,,,,,,,,,,,,,,,,,,,,,0.75257885877,0.75257885877,
154,154,D,0.75257885877,0.75257885877,,,,,,,,,,,,,,,,,,,,,0.75257885877,0.75257885877,
155,155,E,0.75257885877,0.75257885877,,,,,,,,,,,,,,,,,,,,,0.75257885877,0.75257885877,
156,156,F,0.75257885877,0.75257885877,,,,,,,,,,,,,,,,,,,,,0.75257885877,0.75257885877,
157,157,G,0.75257885877,0.75257885877,,,,,,,,,,,,,,,,,,,,,0.75257885877,0.75257885877,
158,158,H,0.75257885877,0.75257885877,,,,,,,,,,,,,,,,,,,,,0.75257885877,0.75257885877,
159,159,I,0.75257885877,0.75257885877,,,,,,,,,,,,,,,,,,,,,0.75257885877,0.75257885877,
160,160,J,0.75257885877,0.75257885877,,,,,,,,,,,,,,,,,,,,,0.75257885877,0.75257885877,
161,161,K,0.75257885877,0.75257885877,,,,,,,,,,,,,,,,,,,,,0.75257885877,0.75257885877,
162,162,L,0.75257885877,0.75257885877,,,,,,,,,,,,,,,,,,,,,0.75257885877,0.75257885877,
163,163,M,0.75257885877,0.75257885877,,,,,,,,,,,,,,,,,,,,,0.75257885877,0.75257885877,
164,164,N,0.75257885877,0.75257885877,,,,,,,,,,,,,,,,,,,,,0.75257885877,0.75257885877,
165,165,O,0.75257885877,0.75257885877,,,,,,,,,,,,,,,,,,,,,0.75257885877,0.75257885877,
166,166,P,0.75257885877,0.75257885877,,,,,,,,,,,,,,,,,,,,,0.75257885877,0.75257885877,
167,167,Plate information,,,,,,,,,,,,,,,,,,,,,,,,,
168,168,Plate,Repeat,Barcode,Measured height,Chamber temperature at start,Chamber temperature at end,Humidity at start,Humidity at end,Ambient temperature at start,Ambient temperature at end,Group,Label,ScanX,ScanY,Measinfo,Kinetics,Measurement date,,,,,,,,,
169,169,4,1,"""=""""H2061400""""""",14.01,17.7,17.82,47.5,47.5,18.1,18.11,1,Jez US LUM 384 (cps)(1),0,0,De=USLum Ex=N/A Em=N/A Wdw=N/A (12),0,3/22/2023 3:42:51 PM,,,,,,,,,
170,170,Background information,,,,,,,,,,,,,,,,,,,,,,,,,
171,171,Plate,Label,Result,Signal,Flashes/Time,Meastime,MeasInfo,,,,,,,,,,,,,,,,,,,
172,172,4,Jez US LUM 384 (cps),0,8,0.1,00:00:00.000,De=USLum Ex=N/A Em=N/A Wdw=N/A (12),,,,,,,,,,,,,,,,,,,
173,173,Results for Jez US LUM 384 (cps)(1) - channel 0 (CPS),,,,,,,,,,,,,,,,,,,,,,,,,
174,174,,01,02,03,04,05,06,07,08,09,10,11,12,13,14,15,16,17,18,19,20,21,22,23,24,
175,175,A,0.011764705882352941,0.01045751633986928,0.01699346405228758,0.02483660130718954,0.00784313725490196,0.022222222222222223,0.02483660130718954,0.02875816993464052,0.026143790849673203,0.01437908496732026,0.01437908496732026,0.03529411764705882,0.0196078431372549,0.02483660130718954,0.022222222222222223,0.011764705882352941,0.032679738562091505,0.02483660130718954,0.023529411764705882,0.00130718954248366,0.01045751633986928,0.01568627450980392,0.803921568627451,0.8758169934640523,
176,176,B,0.006535947712418301,0.01045751633986928,0.01437908496732026,0.022222222222222223,0.022222222222222223,0.01568627450980392,0.02875816993464052,0.022222222222222223,0.02875816993464052,0.026143790849673203,0.023529411764705882,0.10457516339869281,0.032679738562091505,0.03529411764705882,0.036601307189542485,0.032679738562091505,0.0196078431372549,0.03529411764705882,0.0,0.01568627450980392,0.018300653594771243,0.027450980392156862,0.8169934640522876,0.7699346405228759,
177,177,C,0.01699346405228758,0.011764705882352941,0.01699346405228758,0.01437908496732026,0.0196078431372549,0.03137254901960784,0.030065359477124184,0.01699346405228758,0.023529411764705882,0.026143790849673203,0.02483660130718954,0.043137254901960784,0.030065359477124184,0.02875816993464052,0.02875816993464052,0.030065359477124184,0.03137254901960784,0.02875816993464052,0.01437908496732026,0.009150326797385621,0.00784313725490196,0.01045751633986928,0.8640522875816994,0.8130718954248366,
178,178,D,0.02875816993464052,0.02483660130718954,0.023529411764705882,0.0196078431372549,0.03529411764705882,0.01699346405228758,0.03529411764705882,0.02875816993464052,0.023529411764705882,0.022222222222222223,0.030065359477124184,0.027450980392156862,0.01568627450980392,0.0392156862745098,0.0392156862745098,0.018300653594771243,0.01568627450980392,0.023529411764705882,0.023529411764705882,0.030065359477124184,0.013071895424836602,0.02091503267973856,0.8065359477124183,0.8104575163398693,
179,179,E,0.036601307189542485,0.04183006535947712,0.013071895424836602,0.07973856209150326,0.036601307189542485,0.0392156862745098,0.05359477124183006,0.044444444444444446,0.044444444444444446,0.048366013071895426,0.03790849673202614,0.0457516339869281,0.04967320261437908,0.043137254901960784,0.027450980392156862,0.03529411764705882,0.044444444444444446,0.047058823529411764,0.040522875816993466,0.02875816993464052,0.027450980392156862,0.03529411764705882,0.8588235294117647,0.996078431372549,
180,180,F,0.032679738562091505,0.036601307189542485,0.022222222222222223,0.030065359477124184,0.04183006535947712,0.03790849673202614,0.054901960784313725,0.048366013071895426,0.04967320261437908,0.0457516339869281,0.03137254901960784,0.06535947712418301,0.047058823529411764,0.044444444444444446,0.054901960784313725,0.03137254901960784,0.0457516339869281,0.036601307189542485,0.0457516339869281,0.04183006535947712,0.02483660130718954,0.032679738562091505,0.8718954248366013,0.9464052287581699,
181,181,G,0.02875816993464052,0.027450980392156862,0.022222222222222223,0.03790849673202614,0.040522875816993466,0.026143790849673203,0.044444444444444446,0.03790849673202614,0.043137254901960784,0.047058823529411764,0.047058823529411764,0.03529411764705882,0.040522875816993466,0.0457516339869281,0.036601307189542485,0.07058823529411765,0.0457516339869281,0.01568627450980392,0.027450980392156862,0.02875816993464052,0.027450980392156862,0.022222222222222223,0.8771241830065359,0.938562091503268,
182,182,H,0.02091503267973856,0.03529411764705882,0.040522875816993466,0.036601307189542485,0.043137254901960784,0.03529411764705882,0.043137254901960784,0.032679738562091505,0.0392156862745098,0.040522875816993466,0.05751633986928104,0.0392156862745098,0.0457516339869281,0.054901960784313725,0.03137254901960784,0.040522875816993466,0.032679738562091505,0.043137254901960784,0.026143790849673203,0.03529411764705882,0.027450980392156862,0.01437908496732026,0.9725490196078431,0.9803921568627451,
183,183,I,0.01568627450980392,0.00784313725490196,0.02875816993464052,0.03137254901960784,0.03398692810457516,0.0392156862745098,0.027450980392156862,0.022222222222222223,0.044444444444444446,0.03137254901960784,0.03398692810457516,0.030065359477124184,0.026143790849673203,0.030065359477124184,0.048366013071895426,0.044444444444444446,0.02483660130718954,0.02483660130718954,0.040522875816993466,0.02091503267973856,0.0196078431372549,0.01699346405228758,0.8901960784313725,0.9176470588235294,
184,184,J,0.023529411764705882,0.018300653594771243,0.01437908496732026,0.02483660130718954,0.03398692810457516,0.026143790849673203,0.02875816993464052,0.030065359477124184,0.040522875816993466,0.134640522875817,0.032679738562091505,0.047058823529411764,0.036601307189542485,0.027450980392156862,0.043137254901960784,0.026143790849673203,0.027450980392156862,0.026143790849673203,0.01568627450980392,0.027450980392156862,0.01699346405228758,0.013071895424836602,0.9281045751633987,0.9111111111111111,
185,185,K,0.023529411764705882,0.02875816993464052,0.018300653594771243,0.03398692810457516,0.023529411764705882,0.023529411764705882,0.050980392156862744,0.03137254901960784,0.05228758169934641,0.03790849673202614,0.030065359477124184,0.04183006535947712,0.048366013071895426,0.03790849673202614,0.03529411764705882,0.0392156862745098,0.0457516339869281,0.03398692810457516,0.03398692810457516,0.027450980392156862,0.0196078431372549,0.043137254901960784,0.9908496732026144,0.9163398692810457,
186,186,L,0.02091503267973856,0.01568627450980392,0.027450980392156862,0.01568627450980392,0.030065359477124184,0.023529411764705882,0.05359477124183006,0.036601307189542485,0.030065359477124184,0.03529411764705882,0.032679738562091505,0.03790849673202614,0.02091503267973856,0.03529411764705882,0.03529411764705882,0.036601307189542485,0.04183006535947712,0.023529411764705882,0.03790849673202614,0.023529411764705882,0.01699346405228758,0.03790849673202614,0.9555555555555556,0.9464052287581699,
187,187,M,0.0196078431372549,0.02875816993464052,0.040522875816993466,0.036601307189542485,0.03529411764705882,0.027450980392156862,0.040522875816993466,0.036601307189542485,0.03790849673202614,0.047058823529411764,0.036601307189542485,0.03529411764705882,0.04183006535947712,0.036601307189542485,0.023529411764705882,0.01699346405228758,0.03137254901960784,0.026143790849673203,0.04183006535947712,0.03137254901960784,0.0392156862745098,0.01699346405228758,0.9751633986928104,0.9032679738562092,
188,188,N,0.027450980392156862,0.036601307189542485,0.027450980392156862,0.02483660130718954,0.03137254901960784,0.03790849673202614,0.043137254901960784,0.03137254901960784,0.027450980392156862,0.050980392156862744,0.032679738562091505,0.05359477124183006,0.027450980392156862,0.03137254901960784,0.0392156862745098,0.026143790849673203,0.03790849673202614,0.03529411764705882,0.02875816993464052,0.032679738562091505,0.027450980392156862,0.022222222222222223,0.918954248366013,0.8496732026143791,
189,189,O,0.026143790849673203,0.02875816993464052,0.023529411764705882,0.03398692810457516,0.0457516339869281,0.02091503267973856,0.027450980392156862,0.040522875816993466,0.040522875816993466,0.03137254901960784,0.03398692810457516,0.043137254901960784,0.032679738562091505,0.044444444444444446,0.022222222222222223,0.03137254901960784,0.02091503267973856,0.036601307189542485,0.047058823529411764,0.01568627450980392,0.040522875816993466,0.02483660130718954,0.9098039215686274,0.9581699346405229,
190,190,P,0.01437908496732026,0.022222222222222223,0.02875816993464052,0.018300653594771243,0.02483660130718954,0.03790849673202614,0.026143790849673203,0.032679738562091505,0.02483660130718954,0.02875816993464052,0.032679738562091505,0.02875816993464052,0.030065359477124184,0.02875816993464052,0.0392156862745098,0.01437908496732026,0.036601307189542485,0.040522875816993466,0.026143790849673203,0.030065359477124184,0.013071895424836602,0.01699346405228758,0.9098039215686274,1.0,
191,191,Plate information,,,,,,,,,,,,,,,,,,,,,,,,,
192,192,Plate,Repeat,Barcode,Measured height,Chamber temperature at start,Chamber temperature at end,Humidity at start,Humidity at end,Ambient temperature at start,Ambient temperature at end,Formula,Measurement date,,,,,,,,,,,,,,
193,193,5,1,"""=""""H2061402""""""",,,,,,,,Calc 1: Z' = 1 - ((3 * SD(High) + 3 * SD(Low)) / Abs(Avg(High) - Avg(Low))) where Label: Jez US LUM 384 (cps)(1) channel 1  High = Z_High  Low = Z_Low,3/22/2023 3:44:27 PM,,,,,,,,,,,,,,
194,194,Background information,,,,,,,,,,,,,,,,,,,,,,,,,
195,195,Plate,Label,Result,Signal,Flashes/Time,Meastime,MeasInfo,,,,,,,,,,,,,,,,,,,
196,196,5,Jez US LUM 384 (cps),0,0,0.1,00:00:00.000,De=USLum Ex=N/A Em=N/A Wdw=N/A (12),,,,,,,,,,,,,,,,,,,
197,197,Calculated results: Calc 1: Z' = 1 - ((3 * SD(High) + 3 * SD(Low)) / Abs(Avg(High) - Avg(Low))) where Label: Jez US LUM 384 (cps)(1) channel 1  High = Z_High  Low = Z_Low,,,,,,,,,,,,,,,,,,,,,,,,,
198,198,,01,02,03,04,05,06,07,08,09,10,11,12,13,14,15,16,17,18,19,20,21,22,23,24,
199,199,A,0.71362459761,0.71362459761,,,,,,,,,,,,,,,,,,,,,0.71362459761,0.71362459761,
200,200,B,0.71362459761,0.71362459761,,,,,,,,,,,,,,,,,,,,,0.71362459761,0.71362459761,
201,201,C,0.71362459761,0.71362459761,,,,,,,,,,,,,,,,,,,,,0.71362459761,0.71362459761,
202,202,D,0.71362459761,0.71362459761,,,,,,,,,,,,,,,,,,,,,0.71362459761,0.71362459761,
203,203,E,0.71362459761,0.71362459761,,,,,,,,,,,,,,,,,,,,,0.71362459761,0.71362459761,
204,204,F,0.71362459761,0.71362459761,,,,,,,,,,,,,,,,,,,,,0.71362459761,0.71362459761,
205,205,G,0.71362459761,0.71362459761,,,,,,,,,,,,,,,,,,,,,0.71362459761,0.71362459761,
206,206,H,0.71362459761,0.71362459761,,,,,,,,,,,,,,,,,,,,,0.71362459761,0.71362459761,
207,207,I,0.71362459761,0.71362459761,,,,,,,,,,,,,,,,,,,,,0.71362459761,0.71362459761,
208,208,J,0.71362459761,0.71362459761,,,,,,,,,,,,,,,,,,,,,0.71362459761,0.71362459761,
209,209,K,0.71362459761,0.71362459761,,,,,,,,,,,,,,,,,,,,,0.71362459761,0.71362459761,
210,210,L,0.71362459761,0.71362459761,,,,,,,,,,,,,,,,,,,,,0.71362459761,0.71362459761,
211,211,M,0.71362459761,0.71362459761,,,,,,,,,,,,,,,,,,,,,0.71362459761,0.71362459761,
212,212,N,0.71362459761,0.71362459761,,,,,,,,,,,,,,,,,,,,,0.71362459761,0.71362459761,
213,213,O,0.71362459761,0.71362459761,,,,,,,,,,,,,,,,,,,,,0.71362459761,0.71362459761,
214,214,P,0.71362459761,0.71362459761,,,,,,,,,,,,,,,,,,,,,0.71362459761,0.71362459761,
215,215,Plate information,,,,,,,,,,,,,,,,,,,,,,,,,
216,216,Plate,Repeat,Barcode,Measured height,Chamber temperature at start,Chamber temperature at end,Humidity at start,Humidity at end,Ambient temperature at start,Ambient temperature at end,Group,Label,ScanX,ScanY,Measinfo,Kinetics,Measurement date,,,,,,,,,
217,217,5,1,"""=""""H2061402""""""",14.01,17.8,17.82,47.5,48,18.2,18.21,1,Jez US LUM 384 (cps)(1),0,0,De=USLum Ex=N/A Em=N/A Wdw=N/A (12),0,3/22/2023 3:44:27 PM,,,,,,,,,
218,218,Background information,,,,,,,,,,,,,,,,,,,,,,,,,
219,219,Plate,Label,Result,Signal,Flashes/Time,Meastime,MeasInfo,,,,,,,,,,,,,,,,,,,
220,220,5,Jez US LUM 384 (cps),0,0,0.1,00:00:00.000,De=USLum Ex=N/A Em=N/A Wdw=N/A (12),,,,,,,,,,,,,,,,,,,
221,221,Results for Jez US LUM 384 (cps)(1) - channel 0 (CPS),,,,,,,,,,,,,,,,,,,,,,,,,
222,222,,01,02,03,04,05,06,07,08,09,10,11,12,13,14,15,16,17,18,19,20,21,22,23,24,
223,223,A,0.006378802747791953,0.006378802747791953,0.002944062806673209,0.009322865554465163,0.0004906771344455348,0.008832188420019628,0.004906771344455349,0.006378802747791953,0.008832188420019628,0.004416094210009814,0.005397448478900883,0.0034347399411187437,0.005397448478900883,0.002944062806673209,0.0068694798822374874,0.0068694798822374874,0.004416094210009814,0.0024533856722276743,0.008341511285574092,0.003925417075564278,0.0004906771344455348,0.005888125613346418,0.29735034347399414,0.27134445534838075,
224,224,B,0.008341511285574092,0.001962708537782139,0.0034347399411187437,0.004416094210009814,0.004906771344455349,0.009813542688910697,0.004416094210009814,0.011285574092247301,0.002944062806673209,0.006378802747791953,0.009322865554465163,0.007850834151128557,0.007360157016683023,0.0024533856722276743,0.010304219823356232,0.005397448478900883,0.005888125613346418,0.001962708537782139,0.001962708537782139,0.003925417075564278,0.0014720314033366045,0.0,0.2845927379784102,0.27821393523061827,
225,225,C,0.003925417075564278,0.0,0.0024533856722276743,0.006378802747791953,0.004416094210009814,0.010794896957801767,0.0068694798822374874,0.011285574092247301,0.009813542688910697,0.0068694798822374874,0.009322865554465163,0.007850834151128557,0.003925417075564278,0.004906771344455349,0.0,0.008341511285574092,0.004416094210009814,0.007360157016683023,0.004906771344455349,0.004906771344455349,0.008341511285574092,0.007850834151128557,0.26594700686947986,0.267909715407262,
226,226,D,0.001962708537782139,0.003925417075564278,0.004906771344455349,0.003925417075564278,0.007850834151128557,0.005397448478900883,0.0068694798822374874,0.009322865554465163,0.010304219823356232,0.009813542688910697,0.008832188420019628,0.003925417075564278,0.0068694798822374874,0.011285574092247301,0.006378802747791953,0.004416094210009814,0.004416094210009814,0.009322865554465163,0.0009813542688910696,0.001962708537782139,0.004906771344455349,0.0024533856722276743,0.27968596663395484,0.28361138370951916,
227,227,E,0.009813542688910697,0.009813542688910697,0.008341511285574092,0.014720314033366046,0.017664376840039256,0.016683022571148183,0.018645731108930325,0.01324828263002944,0.01422963689892051,0.014720314033366046,0.01717369970559372,0.016683022571148183,0.009322865554465163,0.019136408243375858,0.013738959764474975,0.014720314033366046,0.01324828263002944,0.010304219823356232,0.007850834151128557,0.007360157016683023,0.012757605495583905,0.012757605495583905,0.30372914622178604,0.3336604514229637,
228,228,F,0.01324828263002944,0.008341511285574092,0.01226692836113837,0.008341511285574092,0.01324828263002944,0.016683022571148183,0.01226692836113837,0.011776251226692836,0.008832188420019628,0.01521099116781158,0.012757605495583905,0.012757605495583905,0.01521099116781158,0.016683022571148183,0.017664376840039256,0.011776251226692836,0.01619234543670265,0.01422963689892051,0.01226692836113837,0.010304219823356232,0.012757605495583905,0.006378802747791953,0.32875368007850836,0.32041216879293427,
229,229,G,0.0068694798822374874,0.001962708537782139,0.009813542688910697,0.010794896957801767,0.008341511285574092,0.01619234543670265,0.01324828263002944,0.011776251226692836,0.010304219823356232,0.013738959764474975,0.020608439646712464,0.008341511285574092,0.008832188420019628,0.011285574092247301,0.01422963689892051,0.01422963689892051,0.009813542688910697,0.009813542688910697,0.005888125613346418,0.004906771344455349,0.007360157016683023,0.003925417075564278,0.3115799803729146,0.29735034347399414,
230,230,H,0.009322865554465163,0.007360157016683023,0.009322865554465163,0.008832188420019628,0.01717369970559372,0.008341511285574092,0.008341511285574092,0.010794896957801767,0.010794896957801767,0.012757605495583905,0.012757605495583905,0.006378802747791953,0.01619234543670265,0.016683022571148183,0.001962708537782139,0.004416094210009814,0.008832188420019628,0.009813542688910697,0.008832188420019628,0.007360157016683023,0.0004906771344455348,0.008341511285574092,0.2939156035328754,0.3155053974484789,
231,231,I,0.007360157016683023,0.004906771344455349,0.0068694798822374874,0.005397448478900883,0.004906771344455349,0.011776251226692836,0.006378802747791953,0.017664376840039256,0.014720314033366046,0.009322865554465163,0.01226692836113837,0.014720314033366046,0.008832188420019628,0.010794896957801767,0.009813542688910697,0.009813542688910697,0.005397448478900883,0.011285574092247301,0.010794896957801767,0.0068694798822374874,0.010304219823356232,0.0014720314033366045,0.2934249263984298,0.29538763493621195,
232,232,J,0.006378802747791953,0.005888125613346418,0.003925417075564278,0.010794896957801767,0.008832188420019628,0.012757605495583905,0.005397448478900883,0.014720314033366046,0.012757605495583905,0.010304219823356232,0.009322865554465163,0.011776251226692836,0.0068694798822374874,0.010304219823356232,0.012757605495583905,0.013738959764474975,0.007360157016683023,0.009322865554465163,0.007360157016683023,0.007850834151128557,0.008832188420019628,0.009813542688910697,0.3012757605495584,0.33169774288518156,
233,233,K,0.010304219823356232,0.007360157016683023,0.0068694798822374874,0.006378802747791953,0.01324828263002944,0.015701668302257114,0.011776251226692836,0.01619234543670265,0.012757605495583905,0.01422963689892051,0.01815505397448479,0.014720314033366046,1.0,0.013738959764474975,0.009813542688910697,0.008832188420019628,0.007850834151128557,0.008341511285574092,0.009813542688910697,0.006378802747791953,0.010794896957801767,0.007360157016683023,0.28704612365063786,0.32041216879293427,
234,234,L,0.007850834151128557,0.005397448478900883,0.04563297350343474,0.0034347399411187437,0.012757605495583905,0.014720314033366046,0.007850834151128557,0.011776251226692836,0.012757605495583905,0.01226692836113837,0.01226692836113837,0.004416094210009814,0.020117762512266928,0.012757605495583905,0.013738959764474975,0.011776251226692836,0.012757605495583905,0.011285574092247301,0.008832188420019628,0.006378802747791953,0.006378802747791953,0.009322865554465163,0.3253189401373896,0.32924435721295386,
235,235,M,0.01422963689892051,0.016683022571148183,0.008832188420019628,0.01717369970559372,0.011776251226692836,0.01422963689892051,0.011776251226692836,0.011776251226692836,0.014720314033366046,0.01226692836113837,0.010794896957801767,0.016683022571148183,0.010304219823356232,0.011285574092247301,0.007850834151128557,0.008341511285574092,0.01422963689892051,0.007360157016683023,0.008341511285574092,0.008341511285574092,0.013738959764474975,0.007850834151128557,0.3277723258096173,0.32924435721295386,
236,236,N,0.008832188420019628,0.011776251226692836,0.01226692836113837,0.011285574092247301,0.01422963689892051,0.01324828263002944,0.013738959764474975,0.014720314033366046,0.012757605495583905,0.014720314033366046,0.011776251226692836,0.0068694798822374874,0.01815505397448479,0.007850834151128557,0.01422963689892051,0.011285574092247301,0.009322865554465163,0.014720314033366046,0.009322865554465163,0.009813542688910697,0.006378802747791953,0.01226692836113837,0.3537782139352306,0.33316977428851813,
237,237,O,0.01324828263002944,0.010304219823356232,0.01717369970559372,0.011285574092247301,0.009322865554465163,0.007850834151128557,0.011776251226692836,0.014720314033366046,0.008832188420019628,0.022571148184494603,0.01324828263002944,0.013738959764474975,0.021099116781157997,0.011285574092247301,0.011285574092247301,0.01521099116781158,0.010304219823356232,0.014720314033366046,0.010304219823356232,0.01521099116781158,0.01226692836113837,0.010794896957801767,0.3155053974484789,0.32188420019627084,
238,238,P,0.007850834151128557,0.006378802747791953,0.003925417075564278,0.009322865554465163,0.011285574092247301,0.009322865554465163,0.017664376840039256,0.011776251226692836,0.01226692836113837,0.009813542688910697,0.011776251226692836,0.011285574092247301,0.011285574092247301,0.015701668302257114,0.01324828263002944,0.010794896957801767,0.017664376840039256,0.008341511285574092,0.004906771344455349,0.008341511285574092,0.009322865554465163,0.003925417075564278,0.3645731108930324,0.33709519136408245,
239,239,Basic assay information,,,,,,,,,,,,,,,,,,,,,,,,,
240,240,Assay ID: ,,,,540,,,,,,,,,,,,,,,,,,,,,
241,241,Assay Started: ,,,,3/22/2023 3:36:25 PM,,,,,,,,,,,,,,,,,,,,,
242,242,Assay Finished: ,,,,3/22/2023 3:44:45 PM,,,,,,,,,,,,,,,,,,,,,
243,243,Assay Exported: ,,,,3/23/2023 7:04:16 PM,,,,,,,,,,,,,,,,,,,,,
244,244,Protocol ID: ,,,,100135,,,,,,,,,,,,,,,,,,,,,
245,245,Protocol Name: ,,,,Klein lab BTG,,,,,,,,,,,,,,,,,,,,,
246,246,Serial#: ,,,,,,,,,,,,,,,,,,,,,,,,,
247,247,Protocol information,,,,,,,,,,,,,,,,,,,,,,,,,
248,248,Protocol:,,,,,,,,,,,,,,,,,,,,,,,,,
249,249,Protocol name,,,,Klein lab BTG,,,,,,,,,,,,,,,,,,,,,
250,250,Number of assay repeats,,,,1,,,,,,,,,,,,,,,,,,,,,
251,251,Start assay repeat each,,,,,,,,,,,,,,,,,,,,,,,,,
252,252,Number of plate repeats,,,,1,,,,,,,,,,,,,,,,,,,,,
253,253,Start plate repeat each,,,,,,,,,,,,,,,,,,,,,,,,,
254,254,Is label meas. height used,,,,Yes,,,,,,,,,,,,,,,,,,,,,
255,255,Height of measurement,,,,Defined in label,,,,,,,,,,,,,,,,,,,,,
256,256,Is gripper height used,,,,No,,,,,,,,,,,,,,,,,,,,,
257,257,Mode of measurement,,,,By Rows  bi-directional,,,,,,,,,,,,,,,,,,,,,
258,258,Rotated plate,,,,No,,,,,,,,,,,,,,,,,,,,,
259,259,Soft move,,,,No,,,,,,,,,,,,,,,,,,,,,
260,260,Protocol notes,,,,,,,,,,,,,,,,,,,,,,,,,
261,261,Plate type:,,,,,,,,,,,,,,,,,,,,,,,,,
262,262,Name of the plate type,,,,384 Nunc Maxisorp 460372,,,,,,,,,,,,,,,,,,,,,
263,263,Number of rows,,,,16,,,,,,,,,,,,,,,,,,,,,
264,264,Number of columns,,,,24,,,,,,,,,,,,,,,,,,,,,
265,265,Number of the wells in the plate,,,,384,,,,,,,,,,,,,,,,,,,,,
266,266,Height of the plate,,,,14.4 mm,,,,,,,,,,,,,,,,,,,,,
267,267,Coordinates of corners:,,,,,,,,,,,,,,,,,,,,,,,,,
268,268,384 Nunc Maxisorp 460372 + Jez US LUM 384 (cps),,,,,,,,,,,,,,,,,,,,,,,,,
269,269,11.88 mm x------------------------------------------------------ x 115.3 mm,,,,,,,,,,,,,,,,,,,,,,,,,
270,270,9.09 mm                                                            9.11 mm,,,,,,,,,,,,,,,,,,,,,,,,,
271,271,11.83 mm x------------------------------------------------------ x 115.43 mm,,,,,,,,,,,,,,,,,,,,,,,,,
272,272,76.51 mm                                                           76.32 mm,,,,,,,,,,,,,,,,,,,,,,,,,
273,273,Platemap:,,,,,,,,,,,,,,,,,,,,,,,,,
274,274,Plate,,,,1,,,,,,,,,,,,,,,,,,,,,
275,275,Group,,,,1,,,,,,,,,,,,,,,,,,,,,
276,276,,01,02,03,04,05,06,07,08,09,10,11,12,13,14,15,16,17,18,19,20,21,22,23,24,
277,277,A,ZL,ZL,- ,- ,- ,- ,- ,- ,- ,- ,- ,- ,- ,- ,- ,- ,- ,- ,- ,- ,- ,- ,ZH,ZH,
278,278,B,ZL,ZL,- ,- ,- ,- ,- ,- ,- ,- ,- ,- ,- ,- ,- ,- ,- ,- ,- ,- ,- ,- ,ZH,ZH,
279,279,C,ZL,ZL,- ,- ,- ,- ,- ,- ,- ,- ,- ,- ,- ,- ,- ,- ,- ,- ,- ,- ,- ,- ,ZH,ZH,
280,280,D,ZL,ZL,- ,- ,- ,- ,- ,- ,- ,- ,- ,- ,- ,- ,- ,- ,- ,- ,- ,- ,- ,- ,ZH,ZH,
281,281,E,ZL,ZL,- ,- ,- ,- ,- ,- ,- ,- ,- ,- ,- ,- ,- ,- ,- ,- ,- ,- ,- ,- ,ZH,ZH,
282,282,F,ZL,ZL,- ,- ,- ,- ,- ,- ,- ,- ,- ,- ,- ,- ,- ,- ,- ,- ,- ,- ,- ,- ,ZH,ZH,
283,283,G,ZL,ZL,- ,- ,- ,- ,- ,- ,- ,- ,- ,- ,- ,- ,- ,- ,- ,- ,- ,- ,- ,- ,ZH,ZH,
284,284,H,ZL,ZL,- ,- ,- ,- ,- ,- ,- ,- ,- ,- ,- ,- ,- ,- ,- ,- ,- ,- ,- ,- ,ZH,ZH,
285,285,I,ZL,ZL,- ,- ,- ,- ,- ,- ,- ,- ,- ,- ,- ,- ,- ,- ,- ,- ,- ,- ,- ,- ,ZH,ZH,
286,286,J,ZL,ZL,- ,- ,- ,- ,- ,- ,- ,- ,- ,- ,- ,- ,- ,- ,- ,- ,- ,- ,- ,- ,ZH,ZH,
287,287,K,ZL,ZL,- ,- ,- ,- ,- ,- ,- ,- ,- ,- ,- ,- ,- ,- ,- ,- ,- ,- ,- ,- ,ZH,ZH,
288,288,L,ZL,ZL,- ,- ,- ,- ,- ,- ,- ,- ,- ,- ,- ,- ,- ,- ,- ,- ,- ,- ,- ,- ,ZH,ZH,
289,289,M,ZL,ZL,- ,- ,- ,- ,- ,- ,- ,- ,- ,- ,- ,- ,- ,- ,- ,- ,- ,- ,- ,- ,ZH,ZH,
290,290,N,ZL,ZL,- ,- ,- ,- ,- ,- ,- ,- ,- ,- ,- ,- ,- ,- ,- ,- ,- ,- ,- ,- ,ZH,ZH,
291,291,O,ZL,ZL,- ,- ,- ,- ,- ,- ,- ,- ,- ,- ,- ,- ,- ,- ,- ,- ,- ,- ,- ,- ,ZH,ZH,
292,292,P,ZL,ZL,- ,- ,- ,- ,- ,- ,- ,- ,- ,- ,- ,- ,- ,- ,- ,- ,- ,- ,- ,- ,ZH,ZH,
293,293,ZL - Z_Low,,,,,,,,,,,,,,,,,,,,,,,,,
294,294,- - Undefined,,,,,,,,,,,,,,,,,,,,,,,,,
295,295,ZH - Z_High,,,,,,,,,,,,,,,,,,,,,,,,,
296,296,Calculations:,,,,,,,,,,,,,,,,,,,,,,,,,
297,297,Plate,,,,1,,,,,,,,,,,,,,,,,,,,,
298,298,Formula index,,,,Calc 1,,,,,,,,,,,,,,,,,,,,,
299,299,Formula name,,,,Z',,,,,,,,,,,,,,,,,,,,,
300,300,Formula,,,,1 - ((3 * SD(High) + 3 * SD(Low)) / Abs(Avg(High) - Avg(Low))) where Label: Jez US LUM 384 (cps)(1) channel 1  High = Z_High  Low = Z_Low,,,,,,,,,,,,,,,,,,,,,
301,301,Auto export parameters:,,,,,,,,,,,,,,,,,,,,,,,,,
302,302,Export format,,,,Plate2,,,,,,,,,,,,,,,,,,,,,
303,303,Include basic assay information,,,,Yes,,,,,,,,,,,,,,,,,,,,,
304,304,Place assay information at,,,,End of file,,,,,,,,,,,,,,,,,,,,,
305,305,Include basic plate information,,,,Yes,,,,,,,,,,,,,,,,,,,,,
306,306,Place plate information at,,,,Beginning of plate,,,,,,,,,,,,,,,,,,,,,
307,307,Include protocol information,,,,Yes,,,,,,,,,,,,,,,,,,,,,
308,308,Protocol info level,,,,Large,,,,,,,,,,,,,,,,,,,,,
309,309,Include error and warning information,,,,Yes,,,,,,,,,,,,,,,,,,,,,
310,310,Include background information,,,,Yes,,,,,,,,,,,,,,,,,,,,,
311,311,Add plate number to the file name,,,,Yes,,,,,,,,,,,,,,,,,,,,,
312,312,Each plate to separate file,,,,No,,,,,,,,,,,,,,,,,,,,,
313,313,Field separator to use,,,,System,,,,,,,,,,,,,,,,,,,,,
314,314,File name format,,,,<DefaultDataFolder>\<Date>\<ProtocolName>_<AssayID>.csv,,,,,,,,,,,,,,,,,,,,,
315,315,Operations:,,,,,,,,,,,,,,,,,,,,,,,,,
316,316,Plate 1,,,,,,,,,,,,,,,,,,,,,,,,,
317,317,Group 1,,,,,,,,,,,,,,,,,,,,,,,,,
318,318,Measurement,,,,,,,,,,,,,,,,,,,,,,,,,
319,319,Label,,,,Jez US LUM 384 (cps)(1),,,,,,,,,,,,,,,,,,,,,
320,320,Labels:,,,,,,,,,,,,,,,,,,,,,,,,,
321,321,Jez US LUM 384 (cps),,,,7000006,,,,,,,,,,,,,,,,,,,,,
322,322,Measurement height,,,,0 mm,,,,,,,,,,,,,,,,,,,,,
323,323,Measurement time,,,,0.1 s,,,,,,,,,,,,,,,,,,,,,
324,324,CT,,,,0,,,,,,,,,,,,,,,,,,,,,
325,325,Aperture,,,,384 Plate US Luminescence aperture,,,,,,,,,,,,,,,,,,,,,
326,326,Last edited,,,,3/2/2023 11:21:54 AM,,,,,,,,,,,,,,,,,,,,,
327,327,Last edited by,,,,EnVision,,,,,,,,,,,,,,,,,,,,,
328,328,Factory preset,,,,No,,,,,,,,,,,,,,,,,,,,,
329,329,Aperture:,,,,,,,,,,,,,,,,,,,,,,,,,
330,330,384 Plate US Luminescence aperture,,,,9,,,,,,,,,,,,,,,,,,,,,
331,331,Height,,,,4.2 mm,,,,,,,,,,,,,,,,,,,,,
332,332,Diameter,,,,3.7 mm,,,,,,,,,,,,,,,,,,,,,
333,333,Description,,,,Can also be used in 96 plate,,,,,,,,,,,,,,,,,,,,,
334,334,Last edited,,,,3/9/2022 5:22:33 PM,,,,,,,,,,,,,,,,,,,,,
335,335,Last edited by,,,,Installation,,,,,,,,,,,,,,,,,,,,,
336,336,Factory preset,,,,Yes,,,,,,,,,,,,,,,,,,,,,
337,337,Instrument:,,,,,,,,,,,,,,,,,,,,,,,,,
338,338,Serial number,,,,1051054,,,,,,,,,,,,,,,,,,,,,
339,339,Nickname,,,,EnVision#Alpha_680nm,,,,,,,,,,,,,,,,,,,,,
340,340,Normalization:,,,,,,,,,,,,,,,,,,,,,,,,,
341,341,Assay notifications:,,,,,,,,,,,,,,,,,,,,,,,,,
342,342,WARNING: Warning while loading plate. Stacker out of plates. Plate 5 Plate Repeat 1 Well P01,,,,,,,,,,,,,,,,,,,,,,,,,
343,343,Exported with EnVision Workstation version 1.14.3049.1193,,,,,,,,,,,,,,,,,,,,,,,,,
