,Unnamed: 0,Unnamed: 1,Plate information ,Unnamed: 3,Unnamed: 4,Unnamed: 5,Unnamed: 6,Unnamed: 7,Unnamed: 8,Unnamed: 9,Unnamed: 10,Unnamed: 11,Unnamed: 12,Unnamed: 13,Unnamed: 14,Unnamed: 15,Unnamed: 16,Unnamed: 17,Unnamed: 18,Unnamed: 19,Unnamed: 20,Unnamed: 21,Unnamed: 22,Unnamed: 23,Unnamed: 24,Unnamed: 25
0,0.0,Plate,Repeat,Barcode,Measured height,Chamber temperature at start,Chamber temperature at end,Humidity at start,Humidity at end,Ambient temperature at start,Ambient temperature at end,Formula,Measurement date,,,,,,,,,,,,,
1,1.0,1,1,H2061404,,,,,,,,Calc 1: Z' = 1 - ((3 * SD(High) + 3 * SD(Low)) / Abs(Avg(High) - Avg(Low))) where Label: Jez US LUM 384 (cps)(1) channel 1  High = Z_High  Low = Z_Low,3/22/2023 15:46,,,,,,,,,,,,,
2,2.0,,,,,,,,,,,,,,,,,,,,,,,,,
3,3.0,Background information,,,,,,,,,,,,,,,,,,,,,,,,
4,4.0,Plate,Label,Result,Signal,Flashes/Time,Meastime,MeasInfo,,,,,,,,,,,,,,,,,,
5,5.0,1,Jez US LUM 384 (cps),0,8,0.1,00:00.0,De=USLum Ex=N/A Em=N/A Wdw=N/A (12),,,,,,,,,,,,,,,,,,
6,6.0,,,,,,,,,,,,,,,,,,,,,,,,,
7,7.0,Calculated results: Calc 1: Z' = 1 - ((3 * SD(High) + 3 * SD(Low)) / Abs(Avg(High) - Avg(Low))) where Label: Jez US LUM 384 (cps)(1) channel 1  High = Z_High  Low = Z_Low,,,,,,,,,,,,,,,,,,,,,,,,
8,8.0,,1,2,3,4,5,6,7,8,9,10,11,12,13,14,15,16,17,18,19,20,21,22,23,24
9,9.0,A,0.744808371,0.744808371,,,,,,,,,,,,,,,,,,,,,0.744808371,0.744808371
10,10.0,B,0.744808371,0.744808371,,,,,,,,,,,,,,,,,,,,,0.744808371,0.744808371
11,11.0,C,0.744808371,0.744808371,,,,,,,,,,,,,,,,,,,,,0.744808371,0.744808371
12,12.0,D,0.744808371,0.744808371,,,,,,,,,,,,,,,,,,,,,0.744808371,0.744808371
13,13.0,E,0.744808371,0.744808371,,,,,,,,,,,,,,,,,,,,,0.744808371,0.744808371
14,14.0,F,0.744808371,0.744808371,,,,,,,,,,,,,,,,,,,,,0.744808371,0.744808371
15,15.0,G,0.744808371,0.744808371,,,,,,,,,,,,,,,,,,,,,0.744808371,0.744808371
16,16.0,H,0.744808371,0.744808371,,,,,,,,,,,,,,,,,,,,,0.744808371,0.744808371
17,17.0,I,0.744808371,0.744808371,,,,,,,,,,,,,,,,,,,,,0.744808371,0.744808371
18,18.0,J,0.744808371,0.744808371,,,,,,,,,,,,,,,,,,,,,0.744808371,0.744808371
19,19.0,K,0.744808371,0.744808371,,,,,,,,,,,,,,,,,,,,,0.744808371,0.744808371
20,20.0,L,0.744808371,0.744808371,,,,,,,,,,,,,,,,,,,,,0.744808371,0.744808371
21,21.0,M,0.744808371,0.744808371,,,,,,,,,,,,,,,,,,,,,0.744808371,0.744808371
22,22.0,N,0.744808371,0.744808371,,,,,,,,,,,,,,,,,,,,,0.744808371,0.744808371
23,23.0,O,0.744808371,0.744808371,,,,,,,,,,,,,,,,,,,,,0.744808371,0.744808371
24,24.0,P,0.744808371,0.744808371,,,,,,,,,,,,,,,,,,,,,0.744808371,0.744808371
25,25.0,,,,,,,,,,,,,,,,,,,,,,,,,
26,26.0,Plate information ,,,,,,,,,,,,,,,,,,,,,,,,
27,27.0,Plate,Repeat,Barcode,Measured height,Chamber temperature at start,Chamber temperature at end,Humidity at start,Humidity at end,Ambient temperature at start,Ambient temperature at end,Group,Label,ScanX,ScanY,Measinfo,Kinetics,Measurement date,,,,,,,,
28,28.0,1,1,H2061404,14.01,17.9,17.92,48.1,48.6,18.2,18.21,1,Jez US LUM 384 (cps)(1),0,0,De=USLum Ex=N/A Em=N/A Wdw=N/A (12),0,3/22/2023 15:46,,,,,,,,
29,29.0,,,,,,,,,,,,,,,,,,,,,,,,,
30,30.0,Background information,,,,,,,,,,,,,,,,,,,,,,,,
31,31.0,Plate,Label,Result,Signal,Flashes/Time,Meastime,MeasInfo,,,,,,,,,,,,,,,,,,
32,32.0,1,Jez US LUM 384 (cps),0,8,0.1,00:00.0,De=USLum Ex=N/A Em=N/A Wdw=N/A (12),,,,,,,,,,,,,,,,,,
33,33.0,,,,,,,,,,,,,,,,,,,,,,,,,
34,34.0,Results for Jez US LUM 384 (cps)(1) - channel 0 (CPS),,,,,,,,,,,,,,,,,,,,,,,,
35,35.0,,1,2,3,4,5,6,7,8,9,10,11,12,13,14,15,16,17,18,19,20,21,22,23,24
36,36.0,A,0.01792573623559539,0.010243277848911651,0.0076824583866837385,0.029449423815621,0.015364916773367477,0.023047375160051217,0.020486555697823303,0.020486555697823303,0.015364916773367477,0.019206145966709345,0.029449423815621,0.008962868117797696,0.03713188220230474,0.01792573623559539,0.014084507042253521,0.024327784891165175,0.01792573623559539,0.016645326504481434,0.02560819462227913,0.020486555697823303,0.008962868117797696,0.016645326504481434,0.7631241997439181,0.7810499359795134
37,37.0,B,0.005121638924455826,0.008962868117797696,0.006402048655569782,0.015364916773367477,0.030729833546734954,0.016645326504481434,0.02176696542893726,0.03201024327784891,0.0076824583866837385,0.011523687580025609,0.019206145966709345,0.015364916773367477,0.03201024327784891,0.015364916773367477,0.015364916773367477,0.016645326504481434,0.011523687580025609,0.01792573623559539,0.0076824583866837385,0.014084507042253521,0.0,0.014084507042253521,0.8028169014084507,0.8002560819462228
38,38.0,C,0.011523687580025609,0.015364916773367477,0.03969270166453265,0.015364916773367477,0.015364916773367477,0.020486555697823303,0.010243277848911651,0.019206145966709345,0.011523687580025609,0.020486555697823303,0.02176696542893726,0.015364916773367477,0.024327784891165175,0.03201024327784891,0.02560819462227913,0.026888604353393086,0.014084507042253521,0.019206145966709345,0.024327784891165175,0.006402048655569782,0.016645326504481434,0.028169014084507043,0.8271446862996159,0.8207426376440461
39,39.0,D,0.02176696542893726,0.019206145966709345,0.02560819462227913,0.023047375160051217,0.028169014084507043,0.02176696542893726,0.012804097311139564,0.02560819462227913,0.026888604353393086,0.03201024327784891,0.02176696542893726,0.03713188220230474,0.02560819462227913,0.019206145966709345,0.023047375160051217,0.023047375160051217,0.03201024327784891,0.034571062740076826,0.020486555697823303,0.0076824583866837385,0.026888604353393086,0.019206145966709345,0.7823303457106274,0.8681177976952625
40,40.0,E,0.026888604353393086,0.024327784891165175,0.026888604353393086,0.04865556978233035,0.040973111395646605,0.03841229193341869,0.04225352112676056,0.029449423815621,0.052496798975672214,0.03969270166453265,0.040973111395646605,0.04481434058898848,0.04225352112676056,0.040973111395646605,0.04225352112676056,0.040973111395646605,0.029449423815621,0.03201024327784891,0.03841229193341869,0.028169014084507043,0.026888604353393086,0.010243277848911651,0.942381562099872,0.971830985915493
41,41.0,F,0.03329065300896287,0.034571062740076826,0.03329065300896287,0.03841229193341869,0.040973111395646605,0.03585147247119078,0.05505761843790013,0.04353393085787452,0.034571062740076826,0.04737516005121639,0.05505761843790013,0.04865556978233035,0.05761843790012804,0.046094750320102434,0.03841229193341869,0.04225352112676056,0.030729833546734954,0.05377720870678617,0.04225352112676056,0.034571062740076826,0.024327784891165175,0.016645326504481434,0.9641485275288092,0.9244558258642765
42,42.0,G,0.015364916773367477,0.008962868117797696,0.026888604353393086,0.03201024327784891,0.034571062740076826,0.034571062740076826,0.02560819462227913,0.052496798975672214,0.028169014084507043,0.034571062740076826,0.03329065300896287,0.026888604353393086,0.03201024327784891,0.03713188220230474,0.03841229193341869,0.02560819462227913,0.023047375160051217,0.030729833546734954,0.029449423815621,0.029449423815621,0.026888604353393086,0.026888604353393086,0.8911651728553137,0.8745198463508322
43,43.0,H,0.030729833546734954,0.029449423815621,0.03713188220230474,0.020486555697823303,0.04353393085787452,0.03969270166453265,0.03713188220230474,0.05377720870678617,0.026888604353393086,0.024327784891165175,0.03329065300896287,0.04865556978233035,0.046094750320102434,0.03969270166453265,0.03713188220230474,0.03841229193341869,0.026888604353393086,0.023047375160051217,0.01792573623559539,0.020486555697823303,0.030729833546734954,0.014084507042253521,0.9206145966709347,0.9308578745198464
44,44.0,I,0.019206145966709345,0.015364916773367477,0.019206145966709345,0.0499359795134443,0.03713188220230474,0.034571062740076826,0.03713188220230474,0.024327784891165175,0.03585147247119078,0.026888604353393086,0.028169014084507043,0.040973111395646605,0.040973111395646605,0.03713188220230474,0.02560819462227913,0.03201024327784891,0.02560819462227913,0.016645326504481434,0.020486555697823303,0.019206145966709345,0.03201024327784891,0.024327784891165175,0.9346991037131882,0.9154929577464789
45,45.0,J,0.03329065300896287,0.010243277848911651,0.019206145966709345,0.015364916773367477,0.030729833546734954,0.02560819462227913,0.024327784891165175,0.040973111395646605,0.02176696542893726,0.029449423815621,0.024327784891165175,0.02176696542893726,0.030729833546734954,0.030729833546734954,0.03713188220230474,0.020486555697823303,0.03329065300896287,0.020486555697823303,0.016645326504481434,0.02176696542893726,0.012804097311139564,0.012804097311139564,0.9756722151088348,0.8745198463508322
46,46.0,K,0.029449423815621,0.02560819462227913,0.03713188220230474,0.034571062740076826,0.016645326504481434,0.030729833546734954,0.030729833546734954,0.03329065300896287,0.03585147247119078,0.03201024327784891,0.03841229193341869,0.04865556978233035,0.03585147247119078,0.026888604353393086,0.026888604353393086,0.04737516005121639,0.03969270166453265,0.03329065300896287,0.029449423815621,0.026888604353393086,0.026888604353393086,0.028169014084507043,0.9449423815620999,0.9142125480153649
47,47.0,L,0.01792573623559539,0.02560819462227913,0.029449423815621,0.26504481434058896,0.02176696542893726,0.02560819462227913,0.026888604353393086,0.1613316261203585,0.03201024327784891,0.030729833546734954,0.028169014084507043,0.028169014084507043,0.03841229193341869,0.03969270166453265,0.03329065300896287,0.02560819462227913,0.023047375160051217,0.016645326504481434,0.0499359795134443,0.006402048655569782,0.02176696542893726,0.024327784891165175,1.0,0.9846350832266325
48,48.0,M,0.028169014084507043,0.029449423815621,0.03329065300896287,0.03201024327784891,0.02560819462227913,0.04353393085787452,0.04225352112676056,0.030729833546734954,0.03841229193341869,0.02176696542893726,0.03841229193341869,0.029449423815621,0.034571062740076826,0.03585147247119078,0.03329065300896287,0.03201024327784891,0.030729833546734954,0.03201024327784891,0.01792573623559539,0.024327784891165175,0.03713188220230474,0.03201024327784891,0.9334186939820742,0.9308578745198464
49,49.0,N,0.02176696542893726,0.020486555697823303,0.034571062740076826,0.024327784891165175,0.015364916773367477,0.019206145966709345,0.030729833546734954,0.03201024327784891,0.02176696542893726,0.04225352112676056,0.024327784891165175,0.028169014084507043,0.0499359795134443,0.03841229193341869,0.03201024327784891,0.03713188220230474,0.02560819462227913,0.03969270166453265,0.026888604353393086,0.023047375160051217,0.029449423815621,0.019206145966709345,0.9526248399487837,0.9052496798975672
50,50.0,O,0.016645326504481434,0.015364916773367477,0.030729833546734954,0.029449423815621,0.03329065300896287,0.03201024327784891,0.03969270166453265,0.040973111395646605,0.034571062740076826,0.03969270166453265,0.034571062740076826,0.03841229193341869,0.03841229193341869,0.040973111395646605,0.023047375160051217,0.034571062740076826,0.03585147247119078,0.03201024327784891,0.019206145966709345,0.023047375160051217,0.016645326504481434,0.028169014084507043,0.9462227912932138,0.9628681177976952
51,51.0,P,0.015364916773367477,0.02560819462227913,0.012804097311139564,0.026888604353393086,0.03329065300896287,0.040973111395646605,0.02176696542893726,0.028169014084507043,0.03201024327784891,0.04353393085787452,0.03713188220230474,0.04353393085787452,0.026888604353393086,0.02560819462227913,0.04225352112676056,0.020486555697823303,0.026888604353393086,0.020486555697823303,0.03329065300896287,0.03329065300896287,0.010243277848911651,0.02560819462227913,0.9795134443021767,0.9641485275288092
52,52.0,,,,,,,,,,,,,,,,,,,,,,,,,
53,53.0,Plate information ,,,,,,,,,,,,,,,,,,,,,,,,
54,54.0,Plate,Repeat,Barcode,Measured height,Chamber temperature at start,Chamber temperature at end,Humidity at start,Humidity at end,Ambient temperature at start,Ambient temperature at end,Formula,Measurement date,,,,,,,,,,,,,
55,55.0,2,1,H2061406,,,,,,,,Calc 1: Z' = 1 - ((3 * SD(High) + 3 * SD(Low)) / Abs(Avg(High) - Avg(Low))) where Label: Jez US LUM 384 (cps)(1) channel 1  High = Z_High  Low = Z_Low,3/22/2023 15:48,,,,,,,,,,,,,
56,56.0,,,,,,,,,,,,,,,,,,,,,,,,,
57,57.0,Background information,,,,,,,,,,,,,,,,,,,,,,,,
58,58.0,Plate,Label,Result,Signal,Flashes/Time,Meastime,MeasInfo,,,,,,,,,,,,,,,,,,
59,59.0,2,Jez US LUM 384 (cps),0,4,0.1,00:00.0,De=USLum Ex=N/A Em=N/A Wdw=N/A (12),,,,,,,,,,,,,,,,,,
60,60.0,,,,,,,,,,,,,,,,,,,,,,,,,
61,61.0,Calculated results: Calc 1: Z' = 1 - ((3 * SD(High) + 3 * SD(Low)) / Abs(Avg(High) - Avg(Low))) where Label: Jez US LUM 384 (cps)(1) channel 1  High = Z_High  Low = Z_Low,,,,,,,,,,,,,,,,,,,,,,,,
62,62.0,,1,2,3,4,5,6,7,8,9,10,11,12,13,14,15,16,17,18,19,20,21,22,23,24
63,63.0,A,0.50382764,0.50382764,,,,,,,,,,,,,,,,,,,,,0.50382764,0.50382764
64,64.0,B,0.50382764,0.50382764,,,,,,,,,,,,,,,,,,,,,0.50382764,0.50382764
65,65.0,C,0.50382764,0.50382764,,,,,,,,,,,,,,,,,,,,,0.50382764,0.50382764
66,66.0,D,0.50382764,0.50382764,,,,,,,,,,,,,,,,,,,,,0.50382764,0.50382764
67,67.0,E,0.50382764,0.50382764,,,,,,,,,,,,,,,,,,,,,0.50382764,0.50382764
68,68.0,F,0.50382764,0.50382764,,,,,,,,,,,,,,,,,,,,,0.50382764,0.50382764
69,69.0,G,0.50382764,0.50382764,,,,,,,,,,,,,,,,,,,,,0.50382764,0.50382764
70,70.0,H,0.50382764,0.50382764,,,,,,,,,,,,,,,,,,,,,0.50382764,0.50382764
71,71.0,I,0.50382764,0.50382764,,,,,,,,,,,,,,,,,,,,,0.50382764,0.50382764
72,72.0,J,0.50382764,0.50382764,,,,,,,,,,,,,,,,,,,,,0.50382764,0.50382764
73,73.0,K,0.50382764,0.50382764,,,,,,,,,,,,,,,,,,,,,0.50382764,0.50382764
74,74.0,L,0.50382764,0.50382764,,,,,,,,,,,,,,,,,,,,,0.50382764,0.50382764
75,75.0,M,0.50382764,0.50382764,,,,,,,,,,,,,,,,,,,,,0.50382764,0.50382764
76,76.0,N,0.50382764,0.50382764,,,,,,,,,,,,,,,,,,,,,0.50382764,0.50382764
77,77.0,O,0.50382764,0.50382764,,,,,,,,,,,,,,,,,,,,,0.50382764,0.50382764
78,78.0,P,0.50382764,0.50382764,,,,,,,,,,,,,,,,,,,,,0.50382764,0.50382764
79,79.0,,,,,,,,,,,,,,,,,,,,,,,,,
80,80.0,Plate information ,,,,,,,,,,,,,,,,,,,,,,,,
81,81.0,Plate,Repeat,Barcode,Measured height,Chamber temperature at start,Chamber temperature at end,Humidity at start,Humidity at end,Ambient temperature at start,Ambient temperature at end,Group,Label,ScanX,ScanY,Measinfo,Kinetics,Measurement date,,,,,,,,
82,82.0,2,1,H2061406,14.01,17.92,17.92,48.6,48.3,18.21,18.21,1,Jez US LUM 384 (cps)(1),0,0,De=USLum Ex=N/A Em=N/A Wdw=N/A (12),0,3/22/2023 15:48,,,,,,,,
83,83.0,,,,,,,,,,,,,,,,,,,,,,,,,
84,84.0,Background information,,,,,,,,,,,,,,,,,,,,,,,,
85,85.0,Plate,Label,Result,Signal,Flashes/Time,Meastime,MeasInfo,,,,,,,,,,,,,,,,,,
86,86.0,2,Jez US LUM 384 (cps),0,4,0.1,00:00.0,De=USLum Ex=N/A Em=N/A Wdw=N/A (12),,,,,,,,,,,,,,,,,,
87,87.0,,,,,,,,,,,,,,,,,,,,,,,,,
88,88.0,Results for Jez US LUM 384 (cps)(1) - channel 0 (CPS),,,,,,,,,,,,,,,,,,,,,,,,
89,89.0,,1,2,3,4,5,6,7,8,9,10,11,12,13,14,15,16,17,18,19,20,21,22,23,24
90,90.0,A,0.009296148738379814,0.021248339973439574,0.010624169986719787,0.010624169986719787,0.027888446215139442,0.014608233731739707,0.01859229747675963,0.01593625498007968,0.02656042496679947,0.013280212483399735,0.02257636122177955,0.00796812749003984,0.02390438247011952,0.02257636122177955,0.029216467463479414,0.03187250996015936,0.013280212483399735,0.021248339973439574,0.005312084993359893,0.014608233731739707,0.027888446215139442,0.029216467463479414,0.7795484727755644,0.7675962815405046
91,91.0,B,0.02390438247011952,0.02656042496679947,0.4767596281540505,0.03054448871181939,0.03054448871181939,0.02656042496679947,0.01859229747675963,0.02656042496679947,0.025232403718459494,0.009296148738379814,0.02390438247011952,0.0199203187250996,0.025232403718459494,0.02656042496679947,0.02656042496679947,0.025232403718459494,0.010624169986719787,0.02257636122177955,0.021248339973439574,0.02257636122177955,0.01195219123505976,0.025232403718459494,0.7450199203187251,0.7171314741035857
92,92.0,C,0.021248339973439574,0.013280212483399735,0.02390438247011952,0.02390438247011952,0.021248339973439574,0.0,0.0199203187250996,0.01195219123505976,0.027888446215139442,0.02257636122177955,0.027888446215139442,0.02390438247011952,0.033200531208499334,0.02390438247011952,0.01593625498007968,0.0199203187250996,0.0199203187250996,0.01593625498007968,0.00796812749003984,0.014608233731739707,0.02390438247011952,0.01859229747675963,0.6706507304116865,0.6879150066401063
93,93.0,D,0.027888446215139442,0.014608233731739707,0.03187250996015936,0.03851261620185923,0.0199203187250996,0.021248339973439574,0.03054448871181939,0.017264276228419653,0.03187250996015936,0.021248339973439574,0.03054448871181939,0.021248339973439574,0.02656042496679947,0.025232403718459494,0.027888446215139442,0.02257636122177955,0.014608233731739707,0.02390438247011952,0.014608233731739707,0.00398406374501992,0.0650730411686587,0.021248339973439574,0.6786188579017264,0.7171314741035857
94,94.0,E,0.025232403718459494,0.0451527224435591,0.034528552456839307,0.03054448871181939,0.0451527224435591,0.041168658698539175,0.05179282868525897,0.0398406374501992,0.03718459495351926,0.033200531208499334,0.049136786188579015,0.034528552456839307,0.04249667994687915,0.03718459495351926,0.049136786188579015,0.03187250996015936,0.02656042496679947,0.0451527224435591,0.01859229747675963,0.03054448871181939,0.04780876494023904,0.021248339973439574,0.8114209827357237,0.8738379814077025
95,95.0,F,0.04249667994687915,0.01593625498007968,0.034528552456839307,0.027888446215139442,0.04249667994687915,0.043824701195219126,0.034528552456839307,0.041168658698539175,0.034528552456839307,0.041168658698539175,0.04249667994687915,0.04780876494023904,0.057104913678618856,0.041168658698539175,0.043824701195219126,0.03851261620185923,0.029216467463479414,0.03851261620185923,0.03187250996015936,0.0398406374501992,0.041168658698539175,0.0199203187250996,0.8432934926958832,0.8725099601593626
96,96.0,G,0.014608233731739707,0.02390438247011952,0.035856573705179286,0.03054448871181939,0.035856573705179286,0.033200531208499334,0.0199203187250996,0.055776892430278883,0.02656042496679947,0.03054448871181939,0.034528552456839307,0.03054448871181939,0.033200531208499334,0.025232403718459494,0.02257636122177955,0.0199203187250996,0.02257636122177955,0.033200531208499334,0.01195219123505976,0.02390438247011952,0.7330677290836654,0.021248339973439574,0.8220451527224436,0.7649402390438247
97,97.0,H,0.021248339973439574,0.03054448871181939,0.02656042496679947,0.029216467463479414,0.03054448871181939,0.033200531208499334,0.033200531208499334,0.033200531208499334,0.021248339973439574,0.03851261620185923,0.0451527224435591,0.03054448871181939,0.041168658698539175,0.0199203187250996,0.025232403718459494,0.10225763612217796,0.02656042496679947,0.034528552456839307,0.03718459495351926,0.03054448871181939,0.033200531208499334,0.029216467463479414,0.8047808764940239,0.7848605577689243
98,98.0,I,0.025232403718459494,0.2948207171314741,0.027888446215139442,0.021248339973439574,0.010624169986719787,0.03718459495351926,0.0398406374501992,0.035856573705179286,0.029216467463479414,0.027888446215139442,0.057104913678618856,0.021248339973439574,0.01593625498007968,0.021248339973439574,0.025232403718459494,0.0398406374501992,0.027888446215139442,0.03054448871181939,0.013280212483399735,0.025232403718459494,0.009296148738379814,0.013280212483399735,0.7596281540504648,0.7131474103585658
99,99.0,J,0.029216467463479414,0.017264276228419653,0.010624169986719787,0.025232403718459494,0.01593625498007968,0.034528552456839307,0.02257636122177955,0.027888446215139442,0.021248339973439574,0.021248339973439574,0.02257636122177955,0.04780876494023904,0.025232403718459494,0.027888446215139442,0.00796812749003984,0.03718459495351926,0.01859229747675963,0.006640106241699867,0.03851261620185923,0.014608233731739707,0.00796812749003984,0.033200531208499334,0.7450199203187251,0.7556440903054449
100,100.0,K,0.033200531208499334,0.03054448871181939,0.0398406374501992,0.03187250996015936,0.0451527224435591,0.03054448871181939,0.03718459495351926,0.055776892430278883,0.035856573705179286,0.01859229747675963,0.03054448871181939,0.033200531208499334,0.0398406374501992,0.03187250996015936,0.03054448871181939,0.02656042496679947,0.017264276228419653,0.04249667994687915,0.02656042496679947,0.029216467463479414,0.02390438247011952,0.025232403718459494,0.8552456839309429,0.7450199203187251
101,101.0,L,0.03054448871181939,0.017264276228419653,0.04249667994687915,0.02656042496679947,0.021248339973439574,0.0451527224435591,0.01859229747675963,0.0398406374501992,0.0398406374501992,0.04648074369189907,0.04249667994687915,0.034528552456839307,0.03054448871181939,0.03718459495351926,0.010624169986719787,0.0398406374501992,0.017264276228419653,0.017264276228419653,0.0398406374501992,0.013280212483399735,0.01859229747675963,0.01593625498007968,0.897742363877822,0.7795484727755644
102,102.0,M,0.033200531208499334,0.03187250996015936,0.035856573705179286,0.0199203187250996,0.027888446215139442,0.033200531208499334,0.034528552456839307,0.043824701195219126,0.02257636122177955,0.03187250996015936,0.0398406374501992,0.033200531208499334,0.03851261620185923,0.02656042496679947,0.04249667994687915,0.035856573705179286,0.03187250996015936,0.03851261620185923,0.01859229747675963,0.029216467463479414,0.03187250996015936,0.03187250996015936,0.8738379814077025,0.8313413014608234
103,103.0,N,0.04648074369189907,0.0199203187250996,0.033200531208499334,0.041168658698539175,0.0199203187250996,0.03718459495351926,0.027888446215139442,0.029216467463479414,0.041168658698539175,0.03187250996015936,0.04249667994687915,0.034528552456839307,0.034528552456839307,0.02656042496679947,0.027888446215139442,0.017264276228419653,0.03187250996015936,0.029216467463479414,0.03054448871181939,0.03187250996015936,0.0199203187250996,0.010624169986719787,0.8180610889774237,0.8632138114209827
104,104.0,O,0.029216467463479414,0.01195219123505976,0.0451527224435591,0.025232403718459494,0.02390438247011952,0.021248339973439574,0.02390438247011952,0.05444887118193891,0.03054448871181939,0.03851261620185923,0.03054448871181939,0.05046480743691899,0.034528552456839307,0.027888446215139442,0.02656042496679947,0.03187250996015936,0.034528552456839307,0.04249667994687915,0.014608233731739707,0.01859229747675963,0.013280212483399735,0.014608233731739707,0.8818061088977424,0.9070385126162018
105,105.0,P,0.03851261620185923,0.0026560424966799467,0.034528552456839307,0.017264276228419653,0.005312084993359893,0.0199203187250996,0.03851261620185923,0.025232403718459494,0.02390438247011952,0.02257636122177955,0.02656042496679947,0.025232403718459494,0.033200531208499334,0.0398406374501992,0.017264276228419653,0.021248339973439574,0.027888446215139442,0.025232403718459494,0.025232403718459494,0.02390438247011952,0.029216467463479414,0.014608233731739707,0.9229747675962815,1.0
106,106.0,,,,,,,,,,,,,,,,,,,,,,,,,
107,107.0,Plate information ,,,,,,,,,,,,,,,,,,,,,,,,
108,108.0,Plate,Repeat,Barcode,Measured height,Chamber temperature at start,Chamber temperature at end,Humidity at start,Humidity at end,Ambient temperature at start,Ambient temperature at end,Formula,Measurement date,,,,,,,,,,,,,
109,109.0,3,1,H2061408,,,,,,,,Calc 1: Z' = 1 - ((3 * SD(High) + 3 * SD(Low)) / Abs(Avg(High) - Avg(Low))) where Label: Jez US LUM 384 (cps)(1) channel 1  High = Z_High  Low = Z_Low,3/22/2023 15:49,,,,,,,,,,,,,
110,110.0,,,,,,,,,,,,,,,,,,,,,,,,,
111,111.0,Background information,,,,,,,,,,,,,,,,,,,,,,,,
112,112.0,Plate,Label,Result,Signal,Flashes/Time,Meastime,MeasInfo,,,,,,,,,,,,,,,,,,
113,113.0,3,Jez US LUM 384 (cps),0,4,0.1,00:00.0,De=USLum Ex=N/A Em=N/A Wdw=N/A (12),,,,,,,,,,,,,,,,,,
114,114.0,,,,,,,,,,,,,,,,,,,,,,,,,
115,115.0,Calculated results: Calc 1: Z' = 1 - ((3 * SD(High) + 3 * SD(Low)) / Abs(Avg(High) - Avg(Low))) where Label: Jez US LUM 384 (cps)(1) channel 1  High = Z_High  Low = Z_Low,,,,,,,,,,,,,,,,,,,,,,,,
116,116.0,,1,2,3,4,5,6,7,8,9,10,11,12,13,14,15,16,17,18,19,20,21,22,23,24
117,117.0,A,0.661992533,0.661992533,,,,,,,,,,,,,,,,,,,,,0.661992533,0.661992533
118,118.0,B,0.661992533,0.661992533,,,,,,,,,,,,,,,,,,,,,0.661992533,0.661992533
119,119.0,C,0.661992533,0.661992533,,,,,,,,,,,,,,,,,,,,,0.661992533,0.661992533
120,120.0,D,0.661992533,0.661992533,,,,,,,,,,,,,,,,,,,,,0.661992533,0.661992533
121,121.0,E,0.661992533,0.661992533,,,,,,,,,,,,,,,,,,,,,0.661992533,0.661992533
122,122.0,F,0.661992533,0.661992533,,,,,,,,,,,,,,,,,,,,,0.661992533,0.661992533
123,123.0,G,0.661992533,0.661992533,,,,,,,,,,,,,,,,,,,,,0.661992533,0.661992533
124,124.0,H,0.661992533,0.661992533,,,,,,,,,,,,,,,,,,,,,0.661992533,0.661992533
125,125.0,I,0.661992533,0.661992533,,,,,,,,,,,,,,,,,,,,,0.661992533,0.661992533
126,126.0,J,0.661992533,0.661992533,,,,,,,,,,,,,,,,,,,,,0.661992533,0.661992533
127,127.0,K,0.661992533,0.661992533,,,,,,,,,,,,,,,,,,,,,0.661992533,0.661992533
128,128.0,L,0.661992533,0.661992533,,,,,,,,,,,,,,,,,,,,,0.661992533,0.661992533
129,129.0,M,0.661992533,0.661992533,,,,,,,,,,,,,,,,,,,,,0.661992533,0.661992533
130,130.0,N,0.661992533,0.661992533,,,,,,,,,,,,,,,,,,,,,0.661992533,0.661992533
131,131.0,O,0.661992533,0.661992533,,,,,,,,,,,,,,,,,,,,,0.661992533,0.661992533
132,132.0,P,0.661992533,0.661992533,,,,,,,,,,,,,,,,,,,,,0.661992533,0.661992533
133,133.0,,,,,,,,,,,,,,,,,,,,,,,,,
134,134.0,Plate information ,,,,,,,,,,,,,,,,,,,,,,,,
135,135.0,Plate,Repeat,Barcode,Measured height,Chamber temperature at start,Chamber temperature at end,Humidity at start,Humidity at end,Ambient temperature at start,Ambient temperature at end,Group,Label,ScanX,ScanY,Measinfo,Kinetics,Measurement date,,,,,,,,
136,136.0,3,1,H2061408,14.01,17.92,17.82,48.3,48,18.11,18.11,1,Jez US LUM 384 (cps)(1),0,0,De=USLum Ex=N/A Em=N/A Wdw=N/A (12),0,3/22/2023 15:49,,,,,,,,
137,137.0,,,,,,,,,,,,,,,,,,,,,,,,,
138,138.0,Background information,,,,,,,,,,,,,,,,,,,,,,,,
139,139.0,Plate,Label,Result,Signal,Flashes/Time,Meastime,MeasInfo,,,,,,,,,,,,,,,,,,
140,140.0,3,Jez US LUM 384 (cps),0,4,0.1,00:00.0,De=USLum Ex=N/A Em=N/A Wdw=N/A (12),,,,,,,,,,,,,,,,,,
141,141.0,,,,,,,,,,,,,,,,,,,,,,,,,
142,142.0,Results for Jez US LUM 384 (cps)(1) - channel 0 (CPS),,,,,,,,,,,,,,,,,,,,,,,,
143,143.0,,1,2,3,4,5,6,7,8,9,10,11,12,13,14,15,16,17,18,19,20,21,22,23,24
144,144.0,A,0.02857142857142857,0.031746031746031744,0.012698412698412698,0.01746031746031746,0.04285714285714286,0.026984126984126985,0.031746031746031744,0.031746031746031744,0.020634920634920634,0.031746031746031744,0.01904761904761905,0.046031746031746035,0.023809523809523808,0.03015873015873016,0.03968253968253968,0.044444444444444446,0.025396825396825397,0.01904761904761905,0.020634920634920634,0.01904761904761905,0.014285714285714285,0.02857142857142857,0.7444444444444445,0.8904761904761904
145,145.0,B,0.014285714285714285,0.03650793650793651,0.01904761904761905,0.03650793650793651,0.007936507936507936,0.023809523809523808,0.0380952380952381,0.023809523809523808,0.046031746031746035,0.03650793650793651,0.03015873015873016,0.0,0.022222222222222223,0.03015873015873016,0.023809523809523808,0.01904761904761905,0.03492063492063492,0.020634920634920634,0.03968253968253968,0.01746031746031746,0.025396825396825397,0.022222222222222223,0.6888888888888889,0.7793650793650794
146,146.0,C,0.03015873015873016,0.01746031746031746,0.020634920634920634,0.03333333333333333,0.020634920634920634,0.025396825396825397,0.01904761904761905,0.044444444444444446,0.03492063492063492,0.022222222222222223,0.009523809523809525,0.06190476190476191,0.007936507936507936,0.03968253968253968,0.03015873015873016,0.03492063492063492,0.026984126984126985,0.03015873015873016,0.015873015873015872,0.02857142857142857,0.023809523809523808,0.023809523809523808,0.7555555555555555,0.7634920634920634
147,147.0,D,0.023809523809523808,0.02857142857142857,0.02857142857142857,0.04285714285714286,0.015873015873015872,0.007936507936507936,0.022222222222222223,0.04126984126984127,0.049206349206349205,0.03015873015873016,0.03015873015873016,0.03650793650793651,0.01746031746031746,0.01746031746031746,0.014285714285714285,0.026984126984126985,0.022222222222222223,0.026984126984126985,0.0031746031746031746,0.031746031746031744,0.023809523809523808,0.026984126984126985,0.665079365079365,0.8269841269841269
148,148.0,E,0.05396825396825397,0.03968253968253968,0.02857142857142857,0.03333333333333333,0.05555555555555555,0.049206349206349205,0.03650793650793651,0.06031746031746032,0.0380952380952381,0.04126984126984127,0.03968253968253968,0.047619047619047616,0.05396825396825397,0.03650793650793651,0.04126984126984127,0.04285714285714286,0.03492063492063492,0.03968253968253968,0.0380952380952381,0.050793650793650794,0.03968253968253968,0.04285714285714286,0.8126984126984127,0.8507936507936508
149,149.0,F,0.047619047619047616,0.03650793650793651,0.05873015873015873,0.05396825396825397,0.044444444444444446,0.04285714285714286,0.03968253968253968,0.04126984126984127,0.03015873015873016,0.04126984126984127,0.03333333333333333,0.03968253968253968,0.07142857142857142,0.05555555555555555,0.03968253968253968,0.04285714285714286,0.05396825396825397,0.03015873015873016,0.05238095238095238,0.0380952380952381,0.03650793650793651,0.03650793650793651,0.8809523809523809,0.919047619047619
150,150.0,G,0.03650793650793651,0.020634920634920634,0.022222222222222223,0.02857142857142857,0.03492063492063492,0.04126984126984127,0.047619047619047616,0.03015873015873016,0.02857142857142857,0.03492063492063492,0.047619047619047616,0.03492063492063492,0.012698412698412698,0.047619047619047616,0.03968253968253968,0.01904761904761905,0.03492063492063492,0.03968253968253968,0.014285714285714285,0.02857142857142857,0.022222222222222223,0.02857142857142857,0.873015873015873,0.8698412698412699
151,151.0,H,0.047619047619047616,0.047619047619047616,0.02857142857142857,0.05873015873015873,0.03015873015873016,0.03333333333333333,0.02857142857142857,0.023809523809523808,0.044444444444444446,0.031746031746031744,0.023809523809523808,0.02857142857142857,0.0380952380952381,0.05396825396825397,0.0380952380952381,0.03968253968253968,0.031746031746031744,0.04126984126984127,0.03968253968253968,0.03650793650793651,0.02857142857142857,0.03015873015873016,0.7984126984126985,0.8396825396825397
152,152.0,I,0.03968253968253968,0.025396825396825397,0.02857142857142857,0.004761904761904762,0.025396825396825397,0.0380952380952381,0.044444444444444446,0.020634920634920634,0.03333333333333333,0.03650793650793651,0.01904761904761905,0.13015873015873017,0.03650793650793651,0.02857142857142857,0.025396825396825397,0.01746031746031746,0.01904761904761905,0.026984126984126985,0.04285714285714286,0.0380952380952381,0.01904761904761905,0.03333333333333333,0.8714285714285714,0.8603174603174604
153,153.0,J,0.03015873015873016,0.050793650793650794,0.01746031746031746,0.031746031746031744,0.020634920634920634,0.03015873015873016,0.0380952380952381,0.04285714285714286,0.03492063492063492,0.03015873015873016,0.04126984126984127,0.03492063492063492,0.05238095238095238,0.03492063492063492,0.031746031746031744,0.03492063492063492,0.03492063492063492,0.03492063492063492,0.020634920634920634,0.03015873015873016,0.023809523809523808,0.03492063492063492,0.846031746031746,0.8253968253968254
154,154.0,K,0.02857142857142857,0.03968253968253968,0.02857142857142857,0.025396825396825397,0.03492063492063492,0.03015873015873016,0.03015873015873016,0.0380952380952381,0.03015873015873016,0.09365079365079365,0.03333333333333333,0.049206349206349205,0.047619047619047616,0.03650793650793651,0.044444444444444446,0.0380952380952381,0.047619047619047616,0.044444444444444446,0.03015873015873016,0.020634920634920634,0.031746031746031744,0.05238095238095238,0.9142857142857143,0.8301587301587302
155,155.0,L,0.050793650793650794,0.049206349206349205,0.04126984126984127,0.04126984126984127,0.0380952380952381,0.047619047619047616,0.04285714285714286,0.03968253968253968,0.047619047619047616,0.02857142857142857,0.03650793650793651,0.03492063492063492,0.08571428571428572,0.047619047619047616,0.025396825396825397,0.03650793650793651,0.05555555555555555,0.031746031746031744,0.03650793650793651,0.026984126984126985,0.025396825396825397,0.0380952380952381,0.9238095238095239,0.9206349206349206
156,156.0,M,0.020634920634920634,0.03333333333333333,0.0380952380952381,0.025396825396825397,0.026984126984126985,0.031746031746031744,0.03492063492063492,0.046031746031746035,0.03333333333333333,0.05555555555555555,0.023809523809523808,0.03492063492063492,0.04285714285714286,0.05714285714285714,0.03968253968253968,0.02857142857142857,0.044444444444444446,0.026984126984126985,0.04285714285714286,0.03333333333333333,0.01904761904761905,0.03650793650793651,0.9793650793650793,0.8555555555555555
157,157.0,N,0.03015873015873016,0.0380952380952381,0.022222222222222223,0.03968253968253968,0.046031746031746035,0.03015873015873016,0.025396825396825397,0.031746031746031744,0.046031746031746035,0.04285714285714286,0.05238095238095238,0.044444444444444446,0.047619047619047616,0.03015873015873016,0.03333333333333333,0.03650793650793651,0.03650793650793651,0.020634920634920634,0.02857142857142857,0.022222222222222223,0.03650793650793651,0.03492063492063492,0.861904761904762,0.9396825396825397
158,158.0,O,0.025396825396825397,0.044444444444444446,0.04285714285714286,0.03492063492063492,0.04126984126984127,0.04126984126984127,0.04285714285714286,0.050793650793650794,0.050793650793650794,0.047619047619047616,0.03650793650793651,0.044444444444444446,0.044444444444444446,0.049206349206349205,0.03650793650793651,0.03333333333333333,0.03968253968253968,0.044444444444444446,0.020634920634920634,0.0380952380952381,0.0380952380952381,0.046031746031746035,0.9952380952380953,0.946031746031746
159,159.0,P,0.025396825396825397,0.03492063492063492,0.04285714285714286,0.031746031746031744,0.03333333333333333,0.046031746031746035,0.03492063492063492,0.03650793650793651,0.047619047619047616,0.044444444444444446,0.049206349206349205,0.044444444444444446,0.046031746031746035,0.046031746031746035,0.04126984126984127,0.0380952380952381,0.03968253968253968,0.022222222222222223,0.03333333333333333,0.03492063492063492,0.03492063492063492,0.03492063492063492,0.9650793650793651,1.0
160,160.0,,,,,,,,,,,,,,,,,,,,,,,,,
161,161.0,Plate information ,,,,,,,,,,,,,,,,,,,,,,,,
162,162.0,Plate,Repeat,Barcode,Measured height,Chamber temperature at start,Chamber temperature at end,Humidity at start,Humidity at end,Ambient temperature at start,Ambient temperature at end,Formula,Measurement date,,,,,,,,,,,,,
163,163.0,4,1,H2061362,,,,,,,,Calc 1: Z' = 1 - ((3 * SD(High) + 3 * SD(Low)) / Abs(Avg(High) - Avg(Low))) where Label: Jez US LUM 384 (cps)(1) channel 1  High = Z_High  Low = Z_Low,3/22/2023 15:51,,,,,,,,,,,,,
164,164.0,,,,,,,,,,,,,,,,,,,,,,,,,
165,165.0,Background information,,,,,,,,,,,,,,,,,,,,,,,,
166,166.0,Plate,Label,Result,Signal,Flashes/Time,Meastime,MeasInfo,,,,,,,,,,,,,,,,,,
167,167.0,4,Jez US LUM 384 (cps),0,4,0.1,00:00.0,De=USLum Ex=N/A Em=N/A Wdw=N/A (12),,,,,,,,,,,,,,,,,,
168,168.0,,,,,,,,,,,,,,,,,,,,,,,,,
169,169.0,Calculated results: Calc 1: Z' = 1 - ((3 * SD(High) + 3 * SD(Low)) / Abs(Avg(High) - Avg(Low))) where Label: Jez US LUM 384 (cps)(1) channel 1  High = Z_High  Low = Z_Low,,,,,,,,,,,,,,,,,,,,,,,,
170,170.0,,1,2,3,4,5,6,7,8,9,10,11,12,13,14,15,16,17,18,19,20,21,22,23,24
171,171.0,A,0.750121855,0.750121855,,,,,,,,,,,,,,,,,,,,,0.750121855,0.750121855
172,172.0,B,0.750121855,0.750121855,,,,,,,,,,,,,,,,,,,,,0.750121855,0.750121855
173,173.0,C,0.750121855,0.750121855,,,,,,,,,,,,,,,,,,,,,0.750121855,0.750121855
174,174.0,D,0.750121855,0.750121855,,,,,,,,,,,,,,,,,,,,,0.750121855,0.750121855
175,175.0,E,0.750121855,0.750121855,,,,,,,,,,,,,,,,,,,,,0.750121855,0.750121855
176,176.0,F,0.750121855,0.750121855,,,,,,,,,,,,,,,,,,,,,0.750121855,0.750121855
177,177.0,G,0.750121855,0.750121855,,,,,,,,,,,,,,,,,,,,,0.750121855,0.750121855
178,178.0,H,0.750121855,0.750121855,,,,,,,,,,,,,,,,,,,,,0.750121855,0.750121855
179,179.0,I,0.750121855,0.750121855,,,,,,,,,,,,,,,,,,,,,0.750121855,0.750121855
180,180.0,J,0.750121855,0.750121855,,,,,,,,,,,,,,,,,,,,,0.750121855,0.750121855
181,181.0,K,0.750121855,0.750121855,,,,,,,,,,,,,,,,,,,,,0.750121855,0.750121855
182,182.0,L,0.750121855,0.750121855,,,,,,,,,,,,,,,,,,,,,0.750121855,0.750121855
183,183.0,M,0.750121855,0.750121855,,,,,,,,,,,,,,,,,,,,,0.750121855,0.750121855
184,184.0,N,0.750121855,0.750121855,,,,,,,,,,,,,,,,,,,,,0.750121855,0.750121855
185,185.0,O,0.750121855,0.750121855,,,,,,,,,,,,,,,,,,,,,0.750121855,0.750121855
186,186.0,P,0.750121855,0.750121855,,,,,,,,,,,,,,,,,,,,,0.750121855,0.750121855
187,187.0,,,,,,,,,,,,,,,,,,,,,,,,,
188,188.0,Plate information ,,,,,,,,,,,,,,,,,,,,,,,,
189,189.0,Plate,Repeat,Barcode,Measured height,Chamber temperature at start,Chamber temperature at end,Humidity at start,Humidity at end,Ambient temperature at start,Ambient temperature at end,Group,Label,ScanX,ScanY,Measinfo,Kinetics,Measurement date,,,,,,,,
190,190.0,4,1,H2061362,14.01,17.61,17.62,48,47.7,18.1,18.21,1,Jez US LUM 384 (cps)(1),0,0,De=USLum Ex=N/A Em=N/A Wdw=N/A (12),0,3/22/2023 15:51,,,,,,,,
191,191.0,,,,,,,,,,,,,,,,,,,,,,,,,
192,192.0,Background information,,,,,,,,,,,,,,,,,,,,,,,,
193,193.0,Plate,Label,Result,Signal,Flashes/Time,Meastime,MeasInfo,,,,,,,,,,,,,,,,,,
194,194.0,4,Jez US LUM 384 (cps),0,4,0.1,00:00.0,De=USLum Ex=N/A Em=N/A Wdw=N/A (12),,,,,,,,,,,,,,,,,,
195,195.0,,,,,,,,,,,,,,,,,,,,,,,,,
196,196.0,Results for Jez US LUM 384 (cps)(1) - channel 0 (CPS),,,,,,,,,,,,,,,,,,,,,,,,
197,197.0,,1,2,3,4,5,6,7,8,9,10,11,12,13,14,15,16,17,18,19,20,21,22,23,24
198,198.0,A,0.0226628895184136,0.029745042492917848,0.0453257790368272,0.025495750708215296,0.03541076487252125,0.03824362606232295,0.0453257790368272,0.032577903682719546,0.032577903682719546,0.024079320113314446,0.046742209631728045,0.026912181303116147,0.056657223796033995,0.019830028328611898,0.046742209631728045,0.028328611898016998,0.04107648725212465,0.04107648725212465,0.0226628895184136,0.0339943342776204,0.032577903682719546,0.031161473087818695,0.9291784702549575,0.896600566572238
199,199.0,B,0.0453257790368272,0.0169971671388102,0.04107648725212465,0.036827195467422094,0.05099150141643059,0.19405099150141644,0.05099150141643059,0.026912181303116147,0.0453257790368272,0.03824362606232295,0.05524079320113314,0.039660056657223795,0.042492917847025496,0.046742209631728045,0.03541076487252125,0.0339943342776204,0.026912181303116147,0.026912181303116147,0.0339943342776204,0.031161473087818695,0.0339943342776204,0.04107648725212465,0.7691218130311614,0.8753541076487252
200,200.0,C,0.0169971671388102,0.028328611898016998,0.0453257790368272,0.018413597733711047,0.039660056657223795,0.06232294617563739,0.025495750708215296,0.05240793201133145,0.032577903682719546,0.0453257790368272,0.05524079320113314,0.0226628895184136,0.043909348441926344,0.1643059490084986,0.0339943342776204,0.036827195467422094,0.026912181303116147,0.029745042492917848,0.043909348441926344,0.026912181303116147,0.0,0.025495750708215296,0.8172804532577904,0.8031161473087819
201,201.0,D,0.04815864022662889,0.029745042492917848,0.036827195467422094,0.04107648725212465,0.03824362606232295,0.028328611898016998,0.04815864022662889,0.042492917847025496,0.053824362606232294,0.021246458923512748,0.043909348441926344,0.03824362606232295,0.042492917847025496,0.042492917847025496,0.049575070821529746,0.036827195467422094,0.03824362606232295,0.03824362606232295,0.0453257790368272,0.036827195467422094,0.0339943342776204,0.026912181303116147,0.7450424929178471,0.8441926345609065
202,202.0,E,0.05240793201133145,0.053824362606232294,0.05807365439093484,0.05240793201133145,0.04815864022662889,0.06373937677053824,0.05807365439093484,0.024079320113314446,0.05524079320113314,0.06515580736543909,0.06657223796033994,0.4490084985835694,0.06232294617563739,0.053824362606232294,0.05099150141643059,0.049575070821529746,0.05099150141643059,0.06515580736543909,0.049575070821529746,0.05099150141643059,0.06232294617563739,0.046742209631728045,0.8314447592067988,0.8909348441926346
203,203.0,F,0.05099150141643059,0.04815864022662889,0.05240793201133145,0.059490084985835696,0.05807365439093484,0.07223796033994334,0.053824362606232294,0.06657223796033994,0.06373937677053824,0.0708215297450425,0.0764872521246459,0.06940509915014165,0.05807365439093484,0.0679886685552408,0.059490084985835696,0.06940509915014165,0.046742209631728045,0.056657223796033995,0.03541076487252125,0.053824362606232294,0.042492917847025496,0.053824362606232294,0.9220963172804533,0.9674220963172805
204,204.0,G,0.039660056657223795,0.03824362606232295,0.049575070821529746,0.05099150141643059,0.042492917847025496,0.043909348441926344,0.053824362606232294,0.036827195467422094,0.036827195467422094,0.042492917847025496,0.05099150141643059,0.05240793201133145,0.05099150141643059,0.053824362606232294,0.06657223796033994,0.053824362606232294,0.03824362606232295,0.039660056657223795,0.03541076487252125,0.046742209631728045,0.03824362606232295,0.015580736543909348,0.8498583569405099,0.9490084985835694
205,205.0,H,0.059490084985835696,0.04815864022662889,0.029745042492917848,0.056657223796033995,0.049575070821529746,0.05807365439093484,0.043909348441926344,0.05807365439093484,0.05240793201133145,0.04107648725212465,0.05524079320113314,0.0453257790368272,0.05099150141643059,0.046742209631728045,0.04107648725212465,0.046742209631728045,0.031161473087818695,0.039660056657223795,0.04815864022662889,0.0339943342776204,0.0339943342776204,0.0453257790368272,0.8271954674220963,0.943342776203966
206,206.0,I,0.018413597733711047,0.036827195467422094,0.07790368271954674,0.049575070821529746,0.0453257790368272,0.032577903682719546,0.05807365439093484,0.046742209631728045,0.042492917847025496,0.05099150141643059,0.046742209631728045,0.049575070821529746,0.05807365439093484,0.0453257790368272,0.053824362606232294,0.049575070821529746,0.029745042492917848,0.059490084985835696,0.025495750708215296,0.0339943342776204,0.029745042492917848,0.03824362606232295,0.8739376770538244,0.8512747875354107
207,207.0,J,0.028328611898016998,0.024079320113314446,0.026912181303116147,0.025495750708215296,0.043909348441926344,0.05807365439093484,0.04815864022662889,0.04107648725212465,0.0453257790368272,0.0453257790368272,0.049575070821529746,0.046742209631728045,0.04815864022662889,0.056657223796033995,0.029745042492917848,0.03824362606232295,0.049575070821529746,0.03824362606232295,0.029745042492917848,0.0339943342776204,0.03541076487252125,0.0453257790368272,0.830028328611898,0.9164305949008499
208,208.0,K,0.039660056657223795,0.031161473087818695,0.04107648725212465,0.053824362606232294,0.039660056657223795,0.053824362606232294,0.046742209631728045,0.05240793201133145,0.05099150141643059,0.0453257790368272,0.046742209631728045,0.04815864022662889,0.060906515580736544,0.060906515580736544,0.059490084985835696,0.046742209631728045,0.060906515580736544,0.025495750708215296,0.053824362606232294,0.04107648725212465,0.042492917847025496,0.029745042492917848,0.9008498583569405,0.8994334277620396
209,209.0,L,0.031161473087818695,0.029745042492917848,0.046742209631728045,0.026912181303116147,0.04107648725212465,0.05099150141643059,0.059490084985835696,0.04815864022662889,0.046742209631728045,0.06940509915014165,0.05807365439093484,0.0453257790368272,0.046742209631728045,0.053824362606232294,0.03541076487252125,0.036827195467422094,0.042492917847025496,0.025495750708215296,0.04815864022662889,0.029745042492917848,0.029745042492917848,0.046742209631728045,0.9178470254957507,0.9447592067988668
210,210.0,M,0.0339943342776204,0.0453257790368272,0.06232294617563739,0.05099150141643059,0.039660056657223795,0.06515580736543909,0.053824362606232294,0.05807365439093484,0.04815864022662889,0.03824362606232295,0.06232294617563739,0.059490084985835696,0.05807365439093484,0.059490084985835696,0.053824362606232294,0.0453257790368272,0.04107648725212465,0.043909348441926344,0.025495750708215296,0.043909348441926344,0.03824362606232295,0.032577903682719546,0.9093484419263456,0.8937677053824362
211,211.0,N,0.03541076487252125,0.029745042492917848,0.046742209631728045,0.0339943342776204,0.049575070821529746,0.0453257790368272,0.05524079320113314,0.043909348441926344,0.04815864022662889,0.059490084985835696,0.05807365439093484,0.039660056657223795,0.056657223796033995,0.032577903682719546,0.05240793201133145,0.06657223796033994,0.05099150141643059,0.042492917847025496,0.036827195467422094,0.03824362606232295,0.056657223796033995,0.0339943342776204,1.0,0.8753541076487252
212,212.0,O,0.031161473087818695,0.05524079320113314,0.036827195467422094,0.04107648725212465,0.0453257790368272,0.042492917847025496,0.05099150141643059,0.06515580736543909,0.053824362606232294,0.05099150141643059,0.06232294617563739,0.06373937677053824,0.043909348441926344,0.053824362606232294,0.036827195467422094,0.049575070821529746,0.0453257790368272,0.07507082152974505,0.039660056657223795,0.05240793201133145,0.039660056657223795,0.04815864022662889,0.9065155807365439,0.9405099150141643
213,213.0,P,0.036827195467422094,0.04107648725212465,0.03824362606232295,0.0453257790368272,0.0453257790368272,0.05099150141643059,0.04815864022662889,0.053824362606232294,0.05099150141643059,0.043909348441926344,0.046742209631728045,0.056657223796033995,0.04815864022662889,0.049575070821529746,0.03824362606232295,0.06232294617563739,0.04815864022662889,0.05099150141643059,0.0339943342776204,0.04815864022662889,0.05099150141643059,0.03541076487252125,0.886685552407932,0.9858356940509915
214,214.0,,,,,,,,,,,,,,,,,,,,,,,,,
215,215.0,Plate information ,,,,,,,,,,,,,,,,,,,,,,,,
216,216.0,Plate,Repeat,Barcode,Measured height,Chamber temperature at start,Chamber temperature at end,Humidity at start,Humidity at end,Ambient temperature at start,Ambient temperature at end,Formula,Measurement date,,,,,,,,,,,,,
217,217.0,5,1,H2061364,,,,,,,,Calc 1: Z' = 1 - ((3 * SD(High) + 3 * SD(Low)) / Abs(Avg(High) - Avg(Low))) where Label: Jez US LUM 384 (cps)(1) channel 1  High = Z_High  Low = Z_Low,3/22/2023 15:52,,,,,,,,,,,,,
218,218.0,,,,,,,,,,,,,,,,,,,,,,,,,
219,219.0,Background information,,,,,,,,,,,,,,,,,,,,,,,,
220,220.0,Plate,Label,Result,Signal,Flashes/Time,Meastime,MeasInfo,,,,,,,,,,,,,,,,,,
221,221.0,5,Jez US LUM 384 (cps),0,4,0.1,00:00.0,De=USLum Ex=N/A Em=N/A Wdw=N/A (12),,,,,,,,,,,,,,,,,,
222,222.0,,,,,,,,,,,,,,,,,,,,,,,,,
223,223.0,Calculated results: Calc 1: Z' = 1 - ((3 * SD(High) + 3 * SD(Low)) / Abs(Avg(High) - Avg(Low))) where Label: Jez US LUM 384 (cps)(1) channel 1  High = Z_High  Low = Z_Low,,,,,,,,,,,,,,,,,,,,,,,,
224,224.0,,1,2,3,4,5,6,7,8,9,10,11,12,13,14,15,16,17,18,19,20,21,22,23,24
225,225.0,A,0.658636155,0.658636155,,,,,,,,,,,,,,,,,,,,,0.658636155,0.658636155
226,226.0,B,0.658636155,0.658636155,,,,,,,,,,,,,,,,,,,,,0.658636155,0.658636155
227,227.0,C,0.658636155,0.658636155,,,,,,,,,,,,,,,,,,,,,0.658636155,0.658636155
228,228.0,D,0.658636155,0.658636155,,,,,,,,,,,,,,,,,,,,,0.658636155,0.658636155
229,229.0,E,0.658636155,0.658636155,,,,,,,,,,,,,,,,,,,,,0.658636155,0.658636155
230,230.0,F,0.658636155,0.658636155,,,,,,,,,,,,,,,,,,,,,0.658636155,0.658636155
231,231.0,G,0.658636155,0.658636155,,,,,,,,,,,,,,,,,,,,,0.658636155,0.658636155
232,232.0,H,0.658636155,0.658636155,,,,,,,,,,,,,,,,,,,,,0.658636155,0.658636155
233,233.0,I,0.658636155,0.658636155,,,,,,,,,,,,,,,,,,,,,0.658636155,0.658636155
234,234.0,J,0.658636155,0.658636155,,,,,,,,,,,,,,,,,,,,,0.658636155,0.658636155
235,235.0,K,0.658636155,0.658636155,,,,,,,,,,,,,,,,,,,,,0.658636155,0.658636155
236,236.0,L,0.658636155,0.658636155,,,,,,,,,,,,,,,,,,,,,0.658636155,0.658636155
237,237.0,M,0.658636155,0.658636155,,,,,,,,,,,,,,,,,,,,,0.658636155,0.658636155
238,238.0,N,0.658636155,0.658636155,,,,,,,,,,,,,,,,,,,,,0.658636155,0.658636155
239,239.0,O,0.658636155,0.658636155,,,,,,,,,,,,,,,,,,,,,0.658636155,0.658636155
240,240.0,P,0.658636155,0.658636155,,,,,,,,,,,,,,,,,,,,,0.658636155,0.658636155
241,241.0,,,,,,,,,,,,,,,,,,,,,,,,,
242,242.0,Plate information ,,,,,,,,,,,,,,,,,,,,,,,,
243,243.0,Plate,Repeat,Barcode,Measured height,Chamber temperature at start,Chamber temperature at end,Humidity at start,Humidity at end,Ambient temperature at start,Ambient temperature at end,Group,Label,ScanX,ScanY,Measinfo,Kinetics,Measurement date,,,,,,,,
244,244.0,5,1,H2061364,14.01,17.7,17.82,47.7,47.5,18.1,18.21,1,Jez US LUM 384 (cps)(1),0,0,De=USLum Ex=N/A Em=N/A Wdw=N/A (12),0,3/22/2023 15:52,,,,,,,,
245,245.0,,,,,,,,,,,,,,,,,,,,,,,,,
246,246.0,Background information,,,,,,,,,,,,,,,,,,,,,,,,
247,247.0,Plate,Label,Result,Signal,Flashes/Time,Meastime,MeasInfo,,,,,,,,,,,,,,,,,,
248,248.0,5,Jez US LUM 384 (cps),0,4,0.1,00:00.0,De=USLum Ex=N/A Em=N/A Wdw=N/A (12),,,,,,,,,,,,,,,,,,
249,249.0,,,,,,,,,,,,,,,,,,,,,,,,,
250,250.0,Results for Jez US LUM 384 (cps)(1) - channel 0 (CPS),,,,,,,,,,,,,,,,,,,,,,,,
251,251.0,,1,2,3,4,5,6,7,8,9,10,11,12,13,14,15,16,17,18,19,20,21,22,23,24
252,252.0,A,0.0,0.010714285714285714,0.030952380952380953,0.007142857142857143,0.011904761904761904,0.011904761904761904,0.014285714285714285,0.02619047619047619,0.013095238095238096,0.02857142857142857,0.014285714285714285,0.016666666666666666,0.014285714285714285,0.01904761904761905,0.016666666666666666,0.016666666666666666,0.004761904761904762,0.005952380952380952,0.010714285714285714,0.010714285714285714,0.007142857142857143,0.017857142857142856,0.7892857142857143,0.7964285714285714
253,253.0,B,0.016666666666666666,0.014285714285714285,0.014285714285714285,0.02619047619047619,0.023809523809523808,0.02023809523809524,0.1380952380952381,0.039285714285714285,0.014285714285714285,0.005952380952380952,0.009523809523809525,0.02738095238095238,0.013095238095238096,0.034523809523809526,0.007142857142857143,0.014285714285714285,0.009523809523809525,0.008333333333333333,0.02023809523809524,0.01904761904761905,0.007142857142857143,0.02261904761904762,0.705952380952381,0.7476190476190476
254,254.0,C,0.009523809523809525,0.009523809523809525,0.01904761904761905,0.02857142857142857,0.017857142857142856,0.010714285714285714,0.034523809523809526,0.0035714285714285713,0.008333333333333333,0.023809523809523808,0.016666666666666666,0.013095238095238096,0.017857142857142856,0.01904761904761905,0.009523809523809525,0.025,0.002380952380952381,0.06190476190476191,0.004761904761904762,0.014285714285714285,0.02142857142857143,0.0035714285714285713,0.7083333333333334,0.7357142857142858
255,255.0,D,0.013095238095238096,0.036904761904761905,0.008333333333333333,0.016666666666666666,0.01904761904761905,0.02142857142857143,0.01904761904761905,0.02023809523809524,0.016666666666666666,0.02023809523809524,0.025,0.015476190476190477,0.02261904761904762,0.02857142857142857,0.02261904761904762,0.02142857142857143,0.025,0.015476190476190477,0.017857142857142856,0.023809523809523808,0.02738095238095238,0.007142857142857143,0.7285714285714285,0.7690476190476191
256,256.0,E,0.04285714285714286,0.041666666666666664,0.02738095238095238,0.03333333333333333,0.055952380952380955,0.03333333333333333,0.03333333333333333,0.04642857142857143,0.03333333333333333,0.039285714285714285,0.03333333333333333,0.03214285714285714,0.04285714285714286,0.034523809523809526,0.0380952380952381,0.039285714285714285,0.02857142857142857,0.0380952380952381,0.02738095238095238,0.039285714285714285,0.02142857142857143,0.02261904761904762,0.7857142857142857,0.8238095238095238
257,257.0,F,0.04285714285714286,0.034523809523809526,0.03214285714285714,0.036904761904761905,0.02619047619047619,0.039285714285714285,0.04404761904761905,0.03214285714285714,0.05952380952380952,0.039285714285714285,0.034523809523809526,0.030952380952380953,0.04047619047619048,0.06904761904761905,0.039285714285714285,0.039285714285714285,0.02142857142857143,0.02738095238095238,0.02857142857142857,0.030952380952380953,0.02261904761904762,0.02857142857142857,0.8559523809523809,0.9416666666666667
258,258.0,G,0.02023809523809524,0.02261904761904762,0.025,0.02857142857142857,0.02976190476190476,0.014285714285714285,0.04047619047619048,0.03214285714285714,0.02023809523809524,0.03571428571428571,0.02619047619047619,0.04047619047619048,0.04523809523809524,0.02619047619047619,0.03571428571428571,0.03214285714285714,0.08452380952380953,0.041666666666666664,0.005952380952380952,0.015476190476190477,0.02976190476190476,0.03571428571428571,0.8285714285714286,0.8773809523809524
259,259.0,H,0.025,0.015476190476190477,0.016666666666666666,0.036904761904761905,0.03333333333333333,0.010714285714285714,0.02976190476190476,0.0380952380952381,0.041666666666666664,0.017857142857142856,0.039285714285714285,0.036904761904761905,0.02619047619047619,0.02738095238095238,0.036904761904761905,0.02857142857142857,0.01904761904761905,0.016666666666666666,0.034523809523809526,0.02261904761904762,0.02142857142857143,0.02261904761904762,0.7964285714285714,0.9464285714285714
260,260.0,I,0.01904761904761905,0.02857142857142857,0.02023809523809524,0.010714285714285714,0.02023809523809524,0.055952380952380955,0.02261904761904762,0.030952380952380953,0.02619047619047619,0.034523809523809526,0.016666666666666666,0.02976190476190476,0.023809523809523808,0.03214285714285714,0.03214285714285714,0.01904761904761905,0.015476190476190477,0.030952380952380953,0.01904761904761905,0.02142857142857143,0.010714285714285714,0.02738095238095238,0.763095238095238,0.8630952380952381
261,261.0,J,0.016666666666666666,0.02261904761904762,0.02261904761904762,0.03571428571428571,0.02142857142857143,0.023809523809523808,0.025,0.03333333333333333,0.023809523809523808,0.15357142857142858,0.023809523809523808,0.03333333333333333,0.008333333333333333,0.034523809523809526,0.03571428571428571,0.02023809523809524,0.023809523809523808,0.010714285714285714,0.02619047619047619,0.004761904761904762,0.008333333333333333,0.009523809523809525,0.7833333333333333,0.8642857142857143
262,262.0,K,0.02738095238095238,0.02738095238095238,0.025,0.02023809523809524,0.04047619047619048,0.02738095238095238,0.017857142857142856,0.047619047619047616,0.03214285714285714,0.03333333333333333,0.03333333333333333,0.039285714285714285,0.036904761904761905,0.034523809523809526,0.03333333333333333,0.03333333333333333,0.02619047619047619,0.036904761904761905,0.015476190476190477,0.02857142857142857,0.02142857142857143,0.014285714285714285,0.8369047619047619,0.8404761904761905
263,263.0,L,0.02023809523809524,0.02023809523809524,0.025,0.02738095238095238,0.03214285714285714,0.03333333333333333,0.023809523809523808,0.02619047619047619,0.02738095238095238,0.02142857142857143,0.02857142857142857,0.04285714285714286,0.017857142857142856,0.036904761904761905,0.02738095238095238,0.030952380952380953,0.02738095238095238,0.016666666666666666,0.039285714285714285,0.04523809523809524,0.008333333333333333,0.011904761904761904,0.8464285714285714,0.9535714285714286
264,264.0,M,0.025,0.023809523809523808,0.5297619047619048,0.023809523809523808,0.02857142857142857,0.01904761904761905,0.02857142857142857,0.0380952380952381,0.039285714285714285,0.036904761904761905,0.023809523809523808,0.034523809523809526,0.039285714285714285,0.02619047619047619,0.04404761904761905,0.016666666666666666,0.01904761904761905,0.039285714285714285,0.02619047619047619,0.015476190476190477,0.016666666666666666,0.016666666666666666,0.8690476190476191,0.944047619047619
265,265.0,N,0.02857142857142857,0.03214285714285714,0.030952380952380953,0.04047619047619048,0.03333333333333333,0.02857142857142857,0.023809523809523808,0.014285714285714285,0.05357142857142857,0.016666666666666666,0.039285714285714285,0.03333333333333333,0.02857142857142857,0.03571428571428571,0.02738095238095238,0.041666666666666664,0.01904761904761905,0.034523809523809526,0.036904761904761905,0.01904761904761905,0.017857142857142856,0.009523809523809525,0.7869047619047619,0.9130952380952381
266,266.0,O,0.015476190476190477,0.015476190476190477,0.02142857142857143,0.02261904761904762,0.034523809523809526,0.025,0.04285714285714286,0.03333333333333333,0.017857142857142856,0.04047619047619048,0.02023809523809524,0.041666666666666664,0.036904761904761905,0.036904761904761905,0.03333333333333333,0.03214285714285714,0.025,0.02142857142857143,0.11547619047619048,0.02023809523809524,0.02142857142857143,0.0011904761904761906,0.8833333333333333,0.9678571428571429
267,267.0,P,0.025,0.005952380952380952,0.01904761904761905,0.023809523809523808,0.02023809523809524,0.02619047619047619,0.015476190476190477,0.02619047619047619,0.034523809523809526,0.025,0.01904761904761905,0.03571428571428571,0.02142857142857143,0.025,0.034523809523809526,0.017857142857142856,0.02619047619047619,0.017857142857142856,0.02619047619047619,0.017857142857142856,0.017857142857142856,0.014285714285714285,0.9821428571428571,1.0
268,268.0,,,,,,,,,,,,,,,,,,,,,,,,,
269,269.0,Plate information ,,,,,,,,,,,,,,,,,,,,,,,,
270,270.0,Plate,Repeat,Barcode,Measured height,Chamber temperature at start,Chamber temperature at end,Humidity at start,Humidity at end,Ambient temperature at start,Ambient temperature at end,Formula,Measurement date,,,,,,,,,,,,,
271,271.0,6,1,H2061366,,,,,,,,Calc 1: Z' = 1 - ((3 * SD(High) + 3 * SD(Low)) / Abs(Avg(High) - Avg(Low))) where Label: Jez US LUM 384 (cps)(1) channel 1  High = Z_High  Low = Z_Low,3/22/2023 15:54,,,,,,,,,,,,,
272,272.0,,,,,,,,,,,,,,,,,,,,,,,,,
273,273.0,Background information,,,,,,,,,,,,,,,,,,,,,,,,
274,274.0,Plate,Label,Result,Signal,Flashes/Time,Meastime,MeasInfo,,,,,,,,,,,,,,,,,,
275,275.0,6,Jez US LUM 384 (cps),0,8,0.1,00:00.0,De=USLum Ex=N/A Em=N/A Wdw=N/A (12),,,,,,,,,,,,,,,,,,
276,276.0,,,,,,,,,,,,,,,,,,,,,,,,,
277,277.0,Calculated results: Calc 1: Z' = 1 - ((3 * SD(High) + 3 * SD(Low)) / Abs(Avg(High) - Avg(Low))) where Label: Jez US LUM 384 (cps)(1) channel 1  High = Z_High  Low = Z_Low,,,,,,,,,,,,,,,,,,,,,,,,
278,278.0,,1,2,3,4,5,6,7,8,9,10,11,12,13,14,15,16,17,18,19,20,21,22,23,24
279,279.0,A,0.699966388,0.699966388,,,,,,,,,,,,,,,,,,,,,0.699966388,0.699966388
280,280.0,B,0.699966388,0.699966388,,,,,,,,,,,,,,,,,,,,,0.699966388,0.699966388
281,281.0,C,0.699966388,0.699966388,,,,,,,,,,,,,,,,,,,,,0.699966388,0.699966388
282,282.0,D,0.699966388,0.699966388,,,,,,,,,,,,,,,,,,,,,0.699966388,0.699966388
283,283.0,E,0.699966388,0.699966388,,,,,,,,,,,,,,,,,,,,,0.699966388,0.699966388
284,284.0,F,0.699966388,0.699966388,,,,,,,,,,,,,,,,,,,,,0.699966388,0.699966388
285,285.0,G,0.699966388,0.699966388,,,,,,,,,,,,,,,,,,,,,0.699966388,0.699966388
286,286.0,H,0.699966388,0.699966388,,,,,,,,,,,,,,,,,,,,,0.699966388,0.699966388
287,287.0,I,0.699966388,0.699966388,,,,,,,,,,,,,,,,,,,,,0.699966388,0.699966388
288,288.0,J,0.699966388,0.699966388,,,,,,,,,,,,,,,,,,,,,0.699966388,0.699966388
289,289.0,K,0.699966388,0.699966388,,,,,,,,,,,,,,,,,,,,,0.699966388,0.699966388
290,290.0,L,0.699966388,0.699966388,,,,,,,,,,,,,,,,,,,,,0.699966388,0.699966388
291,291.0,M,0.699966388,0.699966388,,,,,,,,,,,,,,,,,,,,,0.699966388,0.699966388
292,292.0,N,0.699966388,0.699966388,,,,,,,,,,,,,,,,,,,,,0.699966388,0.699966388
293,293.0,O,0.699966388,0.699966388,,,,,,,,,,,,,,,,,,,,,0.699966388,0.699966388
294,294.0,P,0.699966388,0.699966388,,,,,,,,,,,,,,,,,,,,,0.699966388,0.699966388
295,295.0,,,,,,,,,,,,,,,,,,,,,,,,,
296,296.0,Plate information ,,,,,,,,,,,,,,,,,,,,,,,,
297,297.0,Plate,Repeat,Barcode,Measured height,Chamber temperature at start,Chamber temperature at end,Humidity at start,Humidity at end,Ambient temperature at start,Ambient temperature at end,Group,Label,ScanX,ScanY,Measinfo,Kinetics,Measurement date,,,,,,,,
298,298.0,6,1,H2061366,14.01,17.8,17.82,47.7,47.8,18.2,18.11,1,Jez US LUM 384 (cps)(1),0,0,De=USLum Ex=N/A Em=N/A Wdw=N/A (12),0,3/22/2023 15:54,,,,,,,,
299,299.0,,,,,,,,,,,,,,,,,,,,,,,,,
300,300.0,Background information,,,,,,,,,,,,,,,,,,,,,,,,
301,301.0,Plate,Label,Result,Signal,Flashes/Time,Meastime,MeasInfo,,,,,,,,,,,,,,,,,,
302,302.0,6,Jez US LUM 384 (cps),0,8,0.1,00:00.0,De=USLum Ex=N/A Em=N/A Wdw=N/A (12),,,,,,,,,,,,,,,,,,
303,303.0,,,,,,,,,,,,,,,,,,,,,,,,,
304,304.0,Results for Jez US LUM 384 (cps)(1) - channel 0 (CPS),,,,,,,,,,,,,,,,,,,,,,,,
305,305.0,,1,2,3,4,5,6,7,8,9,10,11,12,13,14,15,16,17,18,19,20,21,22,23,24
306,306.0,A,0.008119079837618403,0.029769959404600813,0.017591339648173207,0.014884979702300407,0.02571041948579161,0.017591339648173207,0.008119079837618403,0.017591339648173207,0.023004059539918808,0.02435723951285521,0.013531799729364006,0.02029769959404601,0.028416779431664412,0.014884979702300407,0.036535859269282815,0.018944519621109608,0.017591339648173207,0.02706359945872801,0.010825439783491205,0.010825439783491205,0.018944519621109608,0.006765899864682003,0.7658998646820027,0.9039242219215156
307,307.0,B,0.018944519621109608,0.018944519621109608,0.02029769959404601,0.018944519621109608,0.02571041948579161,0.016238159675236806,0.04194857916102842,0.014884979702300407,0.04059539918809202,0.028416779431664412,0.03382949932341001,0.02571041948579161,0.09742895805142084,0.028416779431664412,0.02571041948579161,0.02706359945872801,0.02029769959404601,0.03247631935047361,0.012178619756427604,0.014884979702300407,0.014884979702300407,0.009472259810554804,0.7225981055480379,0.8497970230040596
308,308.0,C,0.037889039242219216,0.02165087956698241,0.11502029769959404,0.028416779431664412,0.02029769959404601,0.006765899864682003,0.03247631935047361,0.029769959404600813,0.02706359945872801,0.012178619756427604,0.02706359945872801,0.036535859269282815,0.04059539918809202,0.006765899864682003,0.017591339648173207,0.018944519621109608,0.016238159675236806,0.03112313937753721,0.012178619756427604,0.014884979702300407,0.009472259810554804,0.017591339648173207,0.6982408660351827,0.7929634641407307
309,309.0,D,0.010825439783491205,0.029769959404600813,0.02165087956698241,0.029769959404600813,0.02435723951285521,0.02435723951285521,0.02165087956698241,0.036535859269282815,0.02165087956698241,0.029769959404600813,0.02165087956698241,0.028416779431664412,0.03382949932341001,0.005412719891745603,0.03924221921515562,0.02029769959404601,0.035182679296346414,0.014884979702300407,0.02706359945872801,0.02029769959404601,0.012178619756427604,0.02165087956698241,0.7361299052774019,0.8186738836265224
310,310.0,E,0.02435723951285521,0.03382949932341001,0.03382949932341001,0.02706359945872801,0.03247631935047361,0.046008119079837616,0.04736129905277402,0.036535859269282815,0.05412719891745602,0.04871447902571042,0.046008119079837616,0.03382949932341001,0.03924221921515562,0.037889039242219216,0.05548037889039242,0.04330175913396482,0.02706359945872801,0.02029769959404601,0.028416779431664412,0.04736129905277402,0.05142083897158322,0.036535859269282815,0.8795669824086604,0.8497970230040596
311,311.0,F,0.028416779431664412,0.03112313937753721,0.04330175913396482,0.036535859269282815,0.037889039242219216,0.046008119079837616,0.037889039242219216,0.05953991880920163,0.04736129905277402,0.035182679296346414,0.04871447902571042,0.02435723951285521,0.03382949932341001,0.04736129905277402,0.03382949932341001,0.037889039242219216,0.046008119079837616,0.037889039242219216,0.028416779431664412,0.02706359945872801,0.02571041948579161,0.028416779431664412,0.8700947225981055,0.9052774018944519
312,312.0,G,0.017591339648173207,0.02165087956698241,0.02029769959404601,0.029769959404600813,0.04194857916102842,0.028416779431664412,0.035182679296346414,0.035182679296346414,0.036535859269282815,0.036535859269282815,0.02571041948579161,0.04059539918809202,0.029769959404600813,0.03924221921515562,0.04330175913396482,0.044654939106901215,0.03112313937753721,0.03924221921515562,0.029769959404600813,0.02029769959404601,0.03112313937753721,0.018944519621109608,0.7997293640054127,0.8755074424898511
313,313.0,H,0.02029769959404601,0.016238159675236806,0.018944519621109608,0.010825439783491205,0.028416779431664412,0.03247631935047361,0.036535859269282815,0.028416779431664412,0.028416779431664412,0.037889039242219216,0.02571041948579161,0.02571041948579161,0.044654939106901215,0.046008119079837616,0.017591339648173207,0.02435723951285521,0.03247631935047361,0.029769959404600813,0.02029769959404601,0.018944519621109608,0.03112313937753721,0.035182679296346414,0.8457374830852503,0.9147496617050067
314,314.0,I,0.0,0.02435723951285521,0.023004059539918808,0.023004059539918808,0.028416779431664412,0.02029769959404601,0.03247631935047361,0.023004059539918808,0.02571041948579161,0.03112313937753721,0.035182679296346414,0.04330175913396482,0.012178619756427604,0.02165087956698241,0.03112313937753721,0.036535859269282815,0.5629228687415426,0.02029769959404601,0.023004059539918808,0.016238159675236806,0.028416779431664412,0.017591339648173207,0.8105548037889039,0.86468200270636
315,315.0,J,0.0027063599458728013,0.023004059539918808,0.023004059539918808,0.03382949932341001,0.02029769959404601,0.02571041948579161,0.023004059539918808,0.02435723951285521,0.03382949932341001,0.018944519621109608,0.023004059539918808,0.029769959404600813,0.02571041948579161,0.02571041948579161,0.028416779431664412,0.035182679296346414,0.02029769959404601,0.008119079837618403,0.023004059539918808,0.03382949932341001,0.006765899864682003,0.02165087956698241,0.8010825439783491,0.8903924221921515
316,316.0,K,0.006765899864682003,0.023004059539918808,0.0027063599458728013,0.03247631935047361,0.02571041948579161,0.04059539918809202,0.036535859269282815,0.03382949932341001,0.04194857916102842,0.028416779431664412,0.03382949932341001,0.04330175913396482,0.02706359945872801,0.044654939106901215,0.03112313937753721,0.02435723951285521,0.02435723951285521,0.035182679296346414,0.07171853856562922,0.02435723951285521,0.02435723951285521,0.029769959404600813,0.9052774018944519,0.9472259810554804
317,317.0,L,0.02029769959404601,0.02435723951285521,0.014884979702300407,0.028416779431664412,0.02571041948579161,0.02029769959404601,0.029769959404600813,0.035182679296346414,0.03382949932341001,0.044654939106901215,0.02706359945872801,0.04059539918809202,0.04330175913396482,0.02029769959404601,0.04871447902571042,0.02571041948579161,0.028416779431664412,0.02706359945872801,0.02435723951285521,0.014884979702300407,0.0040595399188092015,0.03247631935047361,0.8917456021650879,0.8903924221921515
318,318.0,M,0.016238159675236806,0.03382949932341001,0.028416779431664412,0.04736129905277402,0.028416779431664412,0.029769959404600813,0.046008119079837616,0.036535859269282815,0.029769959404600813,0.04059539918809202,0.03247631935047361,0.029769959404600813,0.04059539918809202,0.03382949932341001,0.036535859269282815,0.02029769959404601,0.036535859269282815,0.028416779431664412,0.04059539918809202,0.028416779431664412,0.02571041948579161,0.028416779431664412,0.8944519621109608,1.0
319,319.0,N,0.02435723951285521,0.03247631935047361,0.010825439783491205,0.03382949932341001,0.29905277401894453,0.018944519621109608,0.03112313937753721,0.03924221921515562,0.035182679296346414,0.04059539918809202,0.018944519621109608,0.037889039242219216,0.02571041948579161,0.044654939106901215,0.02029769959404601,0.017591339648173207,0.037889039242219216,0.018944519621109608,0.04059539918809202,0.029769959404600813,0.023004059539918808,0.017591339648173207,0.8294993234100135,0.9661705006765899
320,320.0,O,0.017591339648173207,0.018944519621109608,0.010825439783491205,0.02165087956698241,0.03382949932341001,0.03382949932341001,0.02706359945872801,0.028416779431664412,0.36400541271989173,0.044654939106901215,0.04059539918809202,0.044654939106901215,0.03924221921515562,0.035182679296346414,0.04194857916102842,0.016238159675236806,0.029769959404600813,0.02165087956698241,0.02165087956698241,0.036535859269282815,0.017591339648173207,0.036535859269282815,0.8890392422192152,0.9972936400541272
321,321.0,P,0.018944519621109608,0.017591339648173207,0.014884979702300407,0.023004059539918808,0.03924221921515562,0.02165087956698241,0.036535859269282815,0.02435723951285521,0.02571041948579161,0.018944519621109608,0.029769959404600813,0.04330175913396482,0.037889039242219216,0.046008119079837616,0.028416779431664412,0.023004059539918808,0.036535859269282815,0.02706359945872801,0.023004059539918808,0.03247631935047361,0.014884979702300407,0.02706359945872801,0.8930987821380244,0.9959404600811907
322,322.0,,,,,,,,,,,,,,,,,,,,,,,,,
323,323.0,Plate information ,,,,,,,,,,,,,,,,,,,,,,,,
324,324.0,Plate,Repeat,Barcode,Measured height,Chamber temperature at start,Chamber temperature at end,Humidity at start,Humidity at end,Ambient temperature at start,Ambient temperature at end,Formula,Measurement date,,,,,,,,,,,,,
325,325.0,7,1,H2061368,,,,,,,,Calc 1: Z' = 1 - ((3 * SD(High) + 3 * SD(Low)) / Abs(Avg(High) - Avg(Low))) where Label: Jez US LUM 384 (cps)(1) channel 1  High = Z_High  Low = Z_Low,3/22/2023 15:56,,,,,,,,,,,,,
326,326.0,,,,,,,,,,,,,,,,,,,,,,,,,
327,327.0,Background information,,,,,,,,,,,,,,,,,,,,,,,,
328,328.0,Plate,Label,Result,Signal,Flashes/Time,Meastime,MeasInfo,,,,,,,,,,,,,,,,,,
329,329.0,7,Jez US LUM 384 (cps),0,4,0.1,00:00.0,De=USLum Ex=N/A Em=N/A Wdw=N/A (12),,,,,,,,,,,,,,,,,,
330,330.0,,,,,,,,,,,,,,,,,,,,,,,,,
331,331.0,Calculated results: Calc 1: Z' = 1 - ((3 * SD(High) + 3 * SD(Low)) / Abs(Avg(High) - Avg(Low))) where Label: Jez US LUM 384 (cps)(1) channel 1  High = Z_High  Low = Z_Low,,,,,,,,,,,,,,,,,,,,,,,,
332,332.0,,1,2,3,4,5,6,7,8,9,10,11,12,13,14,15,16,17,18,19,20,21,22,23,24
333,333.0,A,0.603736885,0.603736885,,,,,,,,,,,,,,,,,,,,,0.603736885,0.603736885
334,334.0,B,0.603736885,0.603736885,,,,,,,,,,,,,,,,,,,,,0.603736885,0.603736885
335,335.0,C,0.603736885,0.603736885,,,,,,,,,,,,,,,,,,,,,0.603736885,0.603736885
336,336.0,D,0.603736885,0.603736885,,,,,,,,,,,,,,,,,,,,,0.603736885,0.603736885
337,337.0,E,0.603736885,0.603736885,,,,,,,,,,,,,,,,,,,,,0.603736885,0.603736885
338,338.0,F,0.603736885,0.603736885,,,,,,,,,,,,,,,,,,,,,0.603736885,0.603736885
339,339.0,G,0.603736885,0.603736885,,,,,,,,,,,,,,,,,,,,,0.603736885,0.603736885
340,340.0,H,0.603736885,0.603736885,,,,,,,,,,,,,,,,,,,,,0.603736885,0.603736885
341,341.0,I,0.603736885,0.603736885,,,,,,,,,,,,,,,,,,,,,0.603736885,0.603736885
342,342.0,J,0.603736885,0.603736885,,,,,,,,,,,,,,,,,,,,,0.603736885,0.603736885
343,343.0,K,0.603736885,0.603736885,,,,,,,,,,,,,,,,,,,,,0.603736885,0.603736885
344,,L,0.603736885,0.603736885,,,,,,,,,,,,,,,,,,,,,0.603736885,0.603736885
345,,M,0.603736885,0.603736885,,,,,,,,,,,,,,,,,,,,,0.603736885,0.603736885
346,,N,0.603736885,0.603736885,,,,,,,,,,,,,,,,,,,,,0.603736885,0.603736885
347,,O,0.603736885,0.603736885,,,,,,,,,,,,,,,,,,,,,0.603736885,0.603736885
348,,P,0.603736885,0.603736885,,,,,,,,,,,,,,,,,,,,,0.603736885,0.603736885
349,,,,,,,,,,,,,,,,,,,,,,,,,,
350,,Plate information ,,,,,,,,,,,,,,,,,,,,,,,,
351,,Plate,Repeat,Barcode,Measured height,Chamber temperature at start,Chamber temperature at end,Humidity at start,Humidity at end,Ambient temperature at start,Ambient temperature at end,Group,Label,ScanX,ScanY,Measinfo,Kinetics,Measurement date,,,,,,,,
352,,7,1,H2061368,14.01,17.82,17.82,47.8,47.5,18.11,18.11,1,Jez US LUM 384 (cps)(1),0,0,De=USLum Ex=N/A Em=N/A Wdw=N/A (12),0,3/22/2023 15:56,,,,,,,,
353,,,,,,,,,,,,,,,,,,,,,,,,,,
354,,Background information,,,,,,,,,,,,,,,,,,,,,,,,
355,,Plate,Label,Result,Signal,Flashes/Time,Meastime,MeasInfo,,,,,,,,,,,,,,,,,,
356,,7,Jez US LUM 384 (cps),0,4,0.1,00:00.0,De=USLum Ex=N/A Em=N/A Wdw=N/A (12),,,,,,,,,,,,,,,,,,
357,,,,,,,,,,,,,,,,,,,,,,,,,,
358,,Results for Jez US LUM 384 (cps)(1) - channel 0 (CPS),,,,,,,,,,,,,,,,,,,,,,,,
359,,,1,2,3,4,5,6,7,8,9,10,11,12,13,14,15,16,17,18,19,20,21,22,23,24
360,,A,0.023106546854942234,0.01797175866495507,0.01540436456996149,0.025673940949935817,0.007702182284980745,0.021822849807445442,0.0410783055198973,0.026957637997432605,0.02053915275994865,0.01540436456996149,0.038510911424903725,0.0025673940949935813,0.023106546854942234,0.03594351732991014,0.02053915275994865,0.021822849807445442,0.02053915275994865,0.008985879332477536,0.0038510911424903724,0.014120667522464698,0.02053915275994865,0.024390243902439025,0.7227214377406932,0.8998716302952503
361,,B,0.01668806161745828,0.025673940949935817,0.0410783055198973,0.02053915275994865,0.02053915275994865,0.024390243902439025,0.024390243902439025,0.01797175866495507,0.028241335044929396,0.01797175866495507,0.021822849807445442,0.025673940949935817,0.03209242618741977,0.024390243902439025,0.01540436456996149,0.025673940949935817,0.029525032092426188,0.012836970474967908,0.019255455712451863,0.03080872913992298,0.028241335044929396,0.02053915275994865,0.6739409499358151,0.8292682926829268
362,,C,0.010269576379974325,0.021822849807445442,0.01797175866495507,0.01797175866495507,0.03337612323491656,0.029525032092426188,0.01540436456996149,0.021822849807445442,0.021822849807445442,0.025673940949935817,0.01668806161745828,0.01668806161745828,0.01668806161745828,0.01540436456996149,0.01540436456996149,0.01797175866495507,0.005134788189987163,0.014120667522464698,0.028241335044929396,0.01668806161745828,0.007702182284980745,0.01797175866495507,0.6559691912708601,0.7997432605905006
363,,D,0.011553273427471117,0.019255455712451863,0.012836970474967908,0.019255455712451863,0.025673940949935817,0.011553273427471117,0.021822849807445442,0.03080872913992298,0.026957637997432605,0.03080872913992298,0.023106546854942234,0.02053915275994865,0.029525032092426188,0.025673940949935817,0.023106546854942234,0.03979460847240052,0.024390243902439025,0.007702182284980745,0.01540436456996149,0.01797175866495507,0.008985879332477536,0.019255455712451863,0.6585365853658537,0.8202824133504493
364,,E,0.03465982028241335,0.037227214377406934,0.01540436456996149,0.05263157894736842,0.04621309370988447,0.04878048780487805,0.0410783055198973,0.037227214377406934,0.04749679075738126,0.038510911424903725,0.04236200256739409,0.03594351732991014,0.03337612323491656,0.04878048780487805,0.03080872913992298,0.0410783055198973,0.03209242618741977,0.03594351732991014,0.055198973042362,0.021822849807445442,0.044929396662387676,0.0410783055198973,0.7034659820282413,0.9499358151476252
365,,F,0.03337612323491656,0.0410783055198973,0.037227214377406934,0.029525032092426188,0.03594351732991014,0.0410783055198973,0.038510911424903725,0.03080872913992298,0.019255455712451863,0.038510911424903725,0.03080872913992298,0.04749679075738126,0.03465982028241335,0.028241335044929396,0.02053915275994865,0.03080872913992298,0.038510911424903725,0.03979460847240052,0.03594351732991014,0.044929396662387676,0.03979460847240052,0.03337612323491656,0.7535301668806161,0.9781771501925546
366,,G,0.024390243902439025,0.03080872913992298,0.02053915275994865,0.038510911424903725,0.03465982028241335,0.026957637997432605,0.03594351732991014,0.03209242618741977,0.038510911424903725,0.03465982028241335,0.03080872913992298,0.0410783055198973,0.043645699614890884,0.03979460847240052,0.023106546854942234,0.025673940949935817,0.03337612323491656,0.019255455712451863,0.021822849807445442,0.026957637997432605,0.03080872913992298,0.021822849807445442,0.7419768934531451,0.9037227214377407
367,,H,0.006418485237483954,0.03465982028241335,0.026957637997432605,0.05006418485237484,0.03594351732991014,0.024390243902439025,0.024390243902439025,0.037227214377406934,0.0410783055198973,0.044929396662387676,0.029525032092426188,0.025673940949935817,0.02053915275994865,0.03337612323491656,0.03465982028241335,0.026957637997432605,0.01668806161745828,0.028241335044929396,0.019255455712451863,0.03594351732991014,0.019255455712451863,0.011553273427471117,0.7150192554557124,0.8908857509627728
368,,I,0.02053915275994865,0.01668806161745828,0.02053915275994865,0.010269576379974325,0.025673940949935817,0.021822849807445442,0.010269576379974325,0.006418485237483954,0.021822849807445442,0.03080872913992298,0.03465982028241335,0.029525032092426188,0.024390243902439025,0.029525032092426188,0.02053915275994865,0.021822849807445442,0.03337612323491656,0.021822849807445442,0.03594351732991014,0.03465982028241335,0.014120667522464698,0.028241335044929396,0.7650834403080873,0.9062901155327343
369,,J,0.024390243902439025,0.023106546854942234,0.021822849807445442,0.028241335044929396,0.029525032092426188,0.028241335044929396,0.025673940949935817,0.023106546854942234,0.011553273427471117,0.024390243902439025,0.023106546854942234,0.03080872913992298,0.029525032092426188,0.03465982028241335,0.03979460847240052,0.010269576379974325,0.03465982028241335,0.023106546854942234,0.023106546854942234,0.008985879332477536,0.02053915275994865,0.01797175866495507,0.7779204107830552,0.803594351732991
370,,K,0.03465982028241335,0.03465982028241335,0.01540436456996149,0.03594351732991014,0.029525032092426188,0.024390243902439025,0.014120667522464698,0.026957637997432605,0.026957637997432605,0.028241335044929396,0.019255455712451863,0.023106546854942234,0.019255455712451863,0.025673940949935817,0.02053915275994865,0.019255455712451863,0.03080872913992298,0.02053915275994865,0.04749679075738126,0.03080872913992298,0.024390243902439025,0.023106546854942234,0.8408215661103979,0.8780487804878049
371,,L,0.03209242618741977,0.021822849807445442,0.023106546854942234,0.023106546854942234,0.044929396662387676,0.01797175866495507,0.026957637997432605,0.03594351732991014,0.024390243902439025,0.023106546854942234,0.03209242618741977,0.0410783055198973,0.028241335044929396,0.0410783055198973,0.03465982028241335,0.021822849807445442,0.024390243902439025,0.02053915275994865,0.043645699614890884,0.01797175866495507,0.019255455712451863,0.026957637997432605,0.7676508344030809,0.9088575096277278
372,,M,0.014120667522464698,0.028241335044929396,0.03209242618741977,0.044929396662387676,0.043645699614890884,0.021822849807445442,0.038510911424903725,0.01797175866495507,0.03465982028241335,0.02053915275994865,0.021822849807445442,0.03594351732991014,0.03465982028241335,0.043645699614890884,0.044929396662387676,0.01540436456996149,0.03465982028241335,0.025673940949935817,0.03080872913992298,0.023106546854942234,0.026957637997432605,0.028241335044929396,0.8498074454428755,0.9332477535301669
373,,N,0.012836970474967908,0.037227214377406934,0.026957637997432605,0.019255455712451863,0.028241335044929396,0.03465982028241335,0.037227214377406934,0.04621309370988447,0.037227214377406934,0.03465982028241335,0.03080872913992298,0.029525032092426188,0.026957637997432605,0.0,0.03594351732991014,0.01797175866495507,0.043645699614890884,0.025673940949935817,0.037227214377406934,0.03080872913992298,0.024390243902439025,0.028241335044929396,0.8857509627727856,0.9178433889602053
374,,O,0.03465982028241335,0.03465982028241335,0.01668806161745828,0.03080872913992298,0.028241335044929396,0.029525032092426188,0.021822849807445442,0.03594351732991014,0.028241335044929396,0.037227214377406934,0.028241335044929396,0.021822849807445442,0.03594351732991014,0.04621309370988447,0.029525032092426188,0.037227214377406934,0.03080872913992298,0.029525032092426188,0.03209242618741977,0.029525032092426188,0.03465982028241335,0.023106546854942234,0.8806161745827985,0.9422336328626444
375,,P,0.021822849807445442,0.038510911424903725,0.04878048780487805,0.019255455712451863,0.029525032092426188,0.03594351732991014,0.04236200256739409,0.038510911424903725,0.026957637997432605,0.04621309370988447,0.0410783055198973,0.03080872913992298,0.028241335044929396,0.03337612323491656,0.0410783055198973,0.03594351732991014,0.043645699614890884,0.023106546854942234,0.025673940949935817,0.029525032092426188,0.03337612323491656,0.03080872913992298,0.944801026957638,1.0
376,,,,,,,,,,,,,,,,,,,,,,,,,,
377,,,,,,,,,,,,,,,,,,,,,,,,,,
378,,Basic assay information ,,,,,,,,,,,,,,,,,,,,,,,,
379,,Assay ID: ,,,,541,,,,,,,,,,,,,,,,,,,,
380,,Assay Started: ,,,,3/22/2023 15:44,,,,,,,,,,,,,,,,,,,,
381,,Assay Finished: ,,,,3/22/2023 15:56,,,,,,,,,,,,,,,,,,,,
382,,Assay Exported: ,,,,3/23/2023 19:03,,,,,,,,,,,,,,,,,,,,
383,,Protocol ID: ,,,,100135,,,,,,,,,,,,,,,,,,,,
384,,Protocol Name: ,,,,Klein lab BTG,,,,,,,,,,,,,,,,,,,,
385,,Serial#: ,,,,1051054,,,,,,,,,,,,,,,,,,,,
386,,,,,,,,,,,,,,,,,,,,,,,,,,
387,,,,,,,,,,,,,,,,,,,,,,,,,,
388,,,,,,,,,,,,,,,,,,,,,,,,,,
389,,Protocol information,,,,,,,,,,,,,,,,,,,,,,,,
390,,Protocol:,,,,,,,,,,,,,,,,,,,,,,,,
391,,Protocol name,,,,Klein lab BTG,,,,,,,,,,,,,,,,,,,,
392,,Number of assay repeats,,,,1,,,,,,,,,,,,,,,,,,,,
393,,Start assay repeat each,,,,,,,,,,,,,,,,,,,,,,,,
394,,Number of plate repeats,,,,1,,,,,,,,,,,,,,,,,,,,
395,,Start plate repeat each,,,,,,,,,,,,,,,,,,,,,,,,
396,,Is label meas. height used,,,,Yes,,,,,,,,,,,,,,,,,,,,
397,,Height of measurement,,,,Defined in label,,,,,,,,,,,,,,,,,,,,
398,,Is gripper height used,,,,No,,,,,,,,,,,,,,,,,,,,
399,,Mode of measurement,,,,By Rows  bi-directional,,,,,,,,,,,,,,,,,,,,
400,,Rotated plate,,,,No,,,,,,,,,,,,,,,,,,,,
401,,Soft move,,,,No,,,,,,,,,,,,,,,,,,,,
402,,Protocol notes,,,, ,,,,,,,,,,,,,,,,,,,,
403,,,,,,,,,,,,,,,,,,,,,,,,,,
404,,Plate type:,,,,,,,,,,,,,,,,,,,,,,,,
405,,Name of the plate type,,,,384 Nunc Maxisorp 460372,,,,,,,,,,,,,,,,,,,,
406,,Number of rows,,,,16,,,,,,,,,,,,,,,,,,,,
407,,Number of columns,,,,24,,,,,,,,,,,,,,,,,,,,
408,,Number of the wells in the plate,,,,384,,,,,,,,,,,,,,,,,,,,
409,,Height of the plate,,,,14.4 mm,,,,,,,,,,,,,,,,,,,,
410,,,,,,,,,,,,,,,,,,,,,,,,,,
411,,Coordinates of corners:,,,,,,,,,,,,,,,,,,,,,,,,
412,,384 Nunc Maxisorp 460372 + Jez US LUM 384 (cps),,,,,,,,,,,,,,,,,,,,,,,,
413,,11.88 mm x------------------------------------------------------ x 115.3 mm,,,,,,,,,,,,,,,,,,,,,,,,
414,,9.09 mm                                                            9.11 mm,,,,,,,,,,,,,,,,,,,,,,,,
415,,,,,,,,,,,,,,,,,,,,,,,,,,
416,,11.83 mm x------------------------------------------------------ x 115.43 mm,,,,,,,,,,,,,,,,,,,,,,,,
417,,76.51 mm                                                           76.32 mm,,,,,,,,,,,,,,,,,,,,,,,,
418,,,,,,,,,,,,,,,,,,,,,,,,,,
419,,Platemap:,,,,,,,,,,,,,,,,,,,,,,,,
420,,Plate,,,,1,,,,,,,,,,,,,,,,,,,,
421,,Group,,,,1,,,,,,,,,,,,,,,,,,,,
422,,,,,,,,,,,,,,,,,,,,,,,,,,
423,,,1,2,3,4,5,6,7,8,9,10,11,12,13,14,15,16,17,18,19,20,21,22,23,24
424,,A,ZL,ZL,- ,- ,- ,- ,- ,- ,- ,- ,- ,- ,- ,- ,- ,- ,- ,- ,- ,- ,- ,- ,ZH,ZH
425,,B,ZL,ZL,- ,- ,- ,- ,- ,- ,- ,- ,- ,- ,- ,- ,- ,- ,- ,- ,- ,- ,- ,- ,ZH,ZH
426,,C,ZL,ZL,- ,- ,- ,- ,- ,- ,- ,- ,- ,- ,- ,- ,- ,- ,- ,- ,- ,- ,- ,- ,ZH,ZH
427,,D,ZL,ZL,- ,- ,- ,- ,- ,- ,- ,- ,- ,- ,- ,- ,- ,- ,- ,- ,- ,- ,- ,- ,ZH,ZH
428,,E,ZL,ZL,- ,- ,- ,- ,- ,- ,- ,- ,- ,- ,- ,- ,- ,- ,- ,- ,- ,- ,- ,- ,ZH,ZH
429,,F,ZL,ZL,- ,- ,- ,- ,- ,- ,- ,- ,- ,- ,- ,- ,- ,- ,- ,- ,- ,- ,- ,- ,ZH,ZH
430,,G,ZL,ZL,- ,- ,- ,- ,- ,- ,- ,- ,- ,- ,- ,- ,- ,- ,- ,- ,- ,- ,- ,- ,ZH,ZH
431,,H,ZL,ZL,- ,- ,- ,- ,- ,- ,- ,- ,- ,- ,- ,- ,- ,- ,- ,- ,- ,- ,- ,- ,ZH,ZH
432,,I,ZL,ZL,- ,- ,- ,- ,- ,- ,- ,- ,- ,- ,- ,- ,- ,- ,- ,- ,- ,- ,- ,- ,ZH,ZH
433,,J,ZL,ZL,- ,- ,- ,- ,- ,- ,- ,- ,- ,- ,- ,- ,- ,- ,- ,- ,- ,- ,- ,- ,ZH,ZH
434,,K,ZL,ZL,- ,- ,- ,- ,- ,- ,- ,- ,- ,- ,- ,- ,- ,- ,- ,- ,- ,- ,- ,- ,ZH,ZH
435,,L,ZL,ZL,- ,- ,- ,- ,- ,- ,- ,- ,- ,- ,- ,- ,- ,- ,- ,- ,- ,- ,- ,- ,ZH,ZH
436,,M,ZL,ZL,- ,- ,- ,- ,- ,- ,- ,- ,- ,- ,- ,- ,- ,- ,- ,- ,- ,- ,- ,- ,ZH,ZH
437,,N,ZL,ZL,- ,- ,- ,- ,- ,- ,- ,- ,- ,- ,- ,- ,- ,- ,- ,- ,- ,- ,- ,- ,ZH,ZH
438,,O,ZL,ZL,- ,- ,- ,- ,- ,- ,- ,- ,- ,- ,- ,- ,- ,- ,- ,- ,- ,- ,- ,- ,ZH,ZH
439,,P,ZL,ZL,- ,- ,- ,- ,- ,- ,- ,- ,- ,- ,- ,- ,- ,- ,- ,- ,- ,- ,- ,- ,ZH,ZH
440,,,,,,,,,,,,,,,,,,,,,,,,,,
441,, ZL - Z_Low,,,,,,,,,,,,,,,,,,,,,,,,
442,, - - Undefined,,,,,,,,,,,,,,,,,,,,,,,,
443,, ZH - Z_High,,,,,,,,,,,,,,,,,,,,,,,,
444,,,,,,,,,,,,,,,,,,,,,,,,,,
445,,Calculations:,,,,,,,,,,,,,,,,,,,,,,,,
446,,Plate,,,,1,,,,,,,,,,,,,,,,,,,,
447,, Formula index,,,,Calc 1,,,,,,,,,,,,,,,,,,,,
448,, Formula name,,,,Z',,,,,,,,,,,,,,,,,,,,
449,, Formula,,,,1 - ((3 * SD(High) + 3 * SD(Low)) / Abs(Avg(High) - Avg(Low))) where Label: Jez US LUM 384 (cps)(1) channel 1  High = Z_High  Low = Z_Low,,,,,,,,,,,,,,,,,,,,
450,,,,,,,,,,,,,,,,,,,,,,,,,,
451,,Auto export parameters:,,,,,,,,,,,,,,,,,,,,,,,,
452,,Export format,,,,Plate2,,,,,,,,,,,,,,,,,,,,
453,,Include basic assay information,,,,Yes,,,,,,,,,,,,,,,,,,,,
454,,Place assay information at,,,,End of file,,,,,,,,,,,,,,,,,,,,
455,,Include basic plate information,,,,Yes,,,,,,,,,,,,,,,,,,,,
456,,Place plate information at,,,,Beginning of plate,,,,,,,,,,,,,,,,,,,,
457,,Include protocol information,,,,Yes,,,,,,,,,,,,,,,,,,,,
458,,Protocol info level,,,,Large,,,,,,,,,,,,,,,,,,,,
459,,Include error and warning information,,,,Yes,,,,,,,,,,,,,,,,,,,,
460,,Include background information,,,,Yes,,,,,,,,,,,,,,,,,,,,
461,,Add plate number to the file name,,,,Yes,,,,,,,,,,,,,,,,,,,,
462,,Each plate to separate file,,,,No,,,,,,,,,,,,,,,,,,,,
463,,Field separator to use,,,,System,,,,,,,,,,,,,,,,,,,,
464,,File name format,,,,<DefaultDataFolder>\<Date>\<ProtocolName>_<AssayID>.csv,,,,,,,,,,,,,,,,,,,,
465,,,,,,,,,,,,,,,,,,,,,,,,,,
466,,Operations:,,,,,,,,,,,,,,,,,,,,,,,,
467,,Plate 1,,,,,,,,,,,,,,,,,,,,,,,,
468,,  Group 1,,,,,,,,,,,,,,,,,,,,,,,,
469,,    Measurement,,,,,,,,,,,,,,,,,,,,,,,,
470,,      Label,,,,Jez US LUM 384 (cps)(1),,,,,,,,,,,,,,,,,,,,
471,,,,,,,,,,,,,,,,,,,,,,,,,,
472,,Labels:,,,,,,,,,,,,,,,,,,,,,,,,
473,,Jez US LUM 384 (cps),,,,7000006,,,,,,,,,,,,,,,,,,,,
474,,Measurement height,,,,0 mm,,,,,,,,,,,,,,,,,,,,
475,,Measurement time,,,,0.1 s,,,,,,,,,,,,,,,,,,,,
476,,CT,,,,0,,,,,,,,,,,,,,,,,,,,
477,,Aperture,,,,384 Plate US Luminescence aperture,,,,,,,,,,,,,,,,,,,,
478,,Last edited,,,,3/2/2023 11:21,,,,,,,,,,,,,,,,,,,,
479,,Last edited by,,,,EnVision,,,,,,,,,,,,,,,,,,,,
480,,Factory preset,,,,No,,,,,,,,,,,,,,,,,,,,
481,,,,,,,,,,,,,,,,,,,,,,,,,,
482,,Aperture:,,,,,,,,,,,,,,,,,,,,,,,,
483,,384 Plate US Luminescence aperture,,,,9,,,,,,,,,,,,,,,,,,,,
484,,Height,,,,4.2 mm,,,,,,,,,,,,,,,,,,,,
485,,Diameter,,,,3.7 mm,,,,,,,,,,,,,,,,,,,,
486,,Description,,,,Can also be used in 96 plate,,,,,,,,,,,,,,,,,,,,
487,,Last edited,,,,3/9/2022 17:22,,,,,,,,,,,,,,,,,,,,
488,,Last edited by,,,,Installation,,,,,,,,,,,,,,,,,,,,
489,,Factory preset,,,,Yes,,,,,,,,,,,,,,,,,,,,
490,,,,,,,,,,,,,,,,,,,,,,,,,,
491,,Instrument:,,,,,,,,,,,,,,,,,,,,,,,,
492,,Serial number,,,,1051054,,,,,,,,,,,,,,,,,,,,
493,,Nickname,,,,EnVision#Alpha_680nm,,,,,,,,,,,,,,,,,,,,
494,,,,,,,,,,,,,,,,,,,,,,,,,,
495,,Normalization:,,,,,,,,,,,,,,,,,,,,,,,,
496,,,,,,,,,,,,,,,,,,,,,,,,,,
497,,,,,,,,,,,,,,,,,,,,,,,,,,
498,,,,,,,,,,,,,,,,,,,,,,,,,,
499,,Assay notifications:,,,,,,,,,,,,,,,,,,,,,,,,
500,,WARNING: Warning while loading plate. Stacker out of plates. Plate 7 Plate Repeat 1 Well P01,,,,,,,,,,,,,,,,,,,,,,,,
501,,,,,,,,,,,,,,,,,,,,,,,,,,
502,,,,,,,,,,,,,,,,,,,,,,,,,,
503,,,,,,,,,,,,,,,,,,,,,,,,,,
504,,Exported with EnVision Workstation version 1.14.3049.1193,,,,,,,,,,,,,,,,,,,,,,,,
